ChrLastKgsPersia	Guidi, Ignazio, ed. Chronica Minora I. CSCO 1, Syr. 1. Leuven: Secrétariat du CorpusSCO, 1903. (1960)
PhiloxMab:TenMem	Ref A: Brière, Maurice, ed. Sancti Philoxeni episcopi Mabbugensis dissertationes decem de Uno e sancta Trinitate incorporato et passo. Dissertatio Ia et IIa. Patrologia Orientalis 15.4 [75]. Paris: Firmin-Didot, 1920. | Ref B: Brière, Maurice and Graffin, François, eds. Sancti Philoxeni episcopi Mabbugensis dissertationes decem de Uno e sancta Trinitate incorporato et passo. II. Dissertationes 3a, 4a, 5a. Patrologia Orientalis 38.3 [176]. Turnhout: Brepols, 1977. | Ref C: Brière, Maurice and Graffin, François, eds. Sancti Philoxeni episcopi Mabbugensis dissertationes decem de Uno e sancta Trinitate incorporato et passo (Mêmrê contre Habib). III. Dissertationes 6a, 7a, 8a. Patrologia Orientalis 39.4 [181]. Turnhout: Brepols, 1979. | Ref D: Brière, Maurice and Graffin, François, eds. Sancti Philoxeni episcopi Mabbugensis dissertationes decem de Uno e sancta Trinitate incorporato et passo (Mêmrê contre Habib). IV. Dissertationes 9a, 10a. Patrologia Orientalis 40.2 [183]. Turnhout: Brepols, 1980. | Ref E: Brière, Maurice and Graffin, François, eds. Sancti Philoxeni episcopi Mabbugensis dissertationes decem de Uno e sancta Trinitate incorporato et passo (Mêmrê contre Habib). V. Appendices: I. Tractatus; II. Refutatio; III. Epistula dogmatica; IV. Florilegium. Patrologia Orientalis 41.1 [186]. Turnhout: Brepols, 1982.
BarQard:OdeBarEbrName	Pritula, Anton, “One More Unknown Khāmīs’ Ode in Honor of Bar ‘Ebrōyō,” Христианский Восток 8 [14] (2017), 187-194.
AboodiTA:SimpPoemsIntro	Paulose, Athanasius, "ܡܘܫ̈ܚܬܐ ܦܫܝܛ̈ܬܐ. Simple Poems", Holland: Bar Hebraeus Verlag, 1986.
BarsoumIA:HistSyrDio	Barsoum, Ignatius Aphram, ed. Al-Majalla al-Baṭriarkiyya al-Suryāniyya 5 (1938): 125-134
ChalBrev1	Breviarium Chaldaicum. Pars prima: Ab Adventu ad Quadragesima. Lutetiæ Parisiorum : Via Dicta de Sèvres 95, 1886.
IšoMerv:ComMtMk	Gibson, Margaret Dunlop, ed. The commentaries of Isho'dad of Merv Bishop of Hadatha (c. 850 A.D.) in Syriac and English: Matthew and Mark in Syriac, vol. 2, Cambridge: Cambridge University Press, 1911.
IšoMerv:ComLkJn	Gibson, Margaret Dunlop, ed. The commentaries of Isho'dad of Merv Bishop of Hadatha (c. 850 A.D.) in Syriac and English: Luke and John in Syriac, vol. 3, Cambridge: Cambridge University Press, 1911.
PhysioIndChar	Furlani, Giuseppe, “A Short Physiognomic Treatise in the Syriac Language,” Journal of the American Oriental Society 39 (1919), 289-294.
PreachSimPetRome	Cureton, William, ed. Ancient Syriac Documents Relative to the Earliest Establishment of Christianity in Edessa and the Neighbouring Countries, from the Year after Our Lord’s Ascension to the Beginning of the Fourth Century. London / Edinburgh: Williams and Norgate, 1864.
ExtremRomHolyMyst	Hall, Isaac Hollister, ed. and trans. "The Extremity of the Romans and Praise before the Holy Mysteries: Syriac Texts and Translations." Journal of the American Oriental Society 13 (1889): 34-56.
AbbaIs:Ascet	Ref A: Draguet, René. Les cinq recensions de l’Ascéticon syriaque d’abba Isaïe. I. Les témoins et leurs parallèles non-syriaques; Édition des logoi I–XIII. CSCO 289, Syr. 120. Leuven: Secrétariat du CorpusSCO, 1968. | Ref B: Draguet, René. Les cinq recensions de l’Ascéticon syriaque d’abba Isaïe. II. Édition des logoi XIV–XXVI. CSCO 290, Syr. 121. Leuven: Secrétariat du CorpusSCO, 1968.
ActsAḥud	Nau, François, ed. Histoires d’Ahoudemmeh et de Marouta, métropolitains jacobites de Tagrit et de l’Orient (VIe et VIIe siècles), suivies du traité d’Ahoudemmeh sur l’homme. Patrologia Orientalis 3.1 [11]. Paris: Firmin-Didot, 1905. 
ActsGregPirang	Jullien, Florence, ed. Histoire de Mār Abba, catholicos de l’Orient. Martyres de Mār Grigor, général en chef du roi Khusro Ier et de Mār Yazd-panāh, juge et gouverneur. CSCO 658-659, Syr. 254-255. Leuven: Peeters, 2015.
ActsMari	Jullien, Christelle and Jullien, Florence, eds. Les Actes de Mār Māri. CSCO 602-603, Syr. 234-235. Leuven: Peeters, 2003.
ActsMiaphys	Brooks, Ernest Walter, ed. Vitae virorum apud Monophysitas celeberrimorum. Pars prima. CSCO 7-8, Syr. III.25 [7]. Paris: E Typographeo Reipublicae, 1907; Horn, C.B., and Phenix, R.R., Jr., John Rufus. The Lives of Peter the Iberian, Theodosius of Jerusalem, and the Monk Romanus (SBL Writings from the Greco-Roman World 24; Atlanta, Georgia: Society of Biblical Literature, 2008).
NestEpCosmos	Nau, François, ed. Documents pour servir à l’histoire de l’Église nestorienne: I. Quatre Homélies de saint Jean Chrysostome; II. Textes monophysites: Homélies d’Érechthios; Fragments divers; Extraits de Timothée Ælure, de Philoxène, de Bar Hébraeus; III. Histoire de Nestorius, d’après la lettre à Cosme et l’hymne de S. Patrologia Orientalis 13.2 [63]. Paris: Firmin-Didot, 1917. (Turnhout: Brepols, 1993.)
ActsStAnth	Draguet, René, ed. La vie primitive de S. Antoine conservée en syriaque. CSCO 417-418, Syr. 183-184. Leuven: Secrétariat du CorpusSCO, 1980.
Aḥud:MemOnMan	Nau, François, ed. Histoires d’Ahoudemmeh et de Marouta, métropolitains jacobites de Tagrit et de l’Orient (VIe et VIIe siècles), suivies du traité d’Ahoudemmeh sur l’homme. Patrologia Orientalis 3.1 [11]. Paris: Firmin-Didot, 1905. 
AlexMab:EpJnAnt	Nau, François, ed. Documents pour servir à l’histoire de l’Église nestorienne: I. Quatre Homélies de saint Jean Chrysostome; II. Textes monophysites: Homélies d’Érechthios; Fragments divers; Extraits de Timothée Ælure, de Philoxène, de Bar Hébraeus; III. Histoire de Nestorius, d’après la lettre à Cosme et l’hymne de S. Patrologia Orientalis 13.2 [63]. Paris: Firmin-Didot, 1917. (Turnhout: Brepols, 1993.)
AnathGreg	Nau, François, ed. Documents pour servir à l’histoire de l’Église nestorienne: I. Quatre Homélies de saint Jean Chrysostome; II. Textes monophysites: Homélies d’Érechthios; Fragments divers; Extraits de Timothée Ælure, de Philoxène, de Bar Hébraeus; III. Histoire de Nestorius, d’après la lettre à Cosme et l’hymne de S. Patrologia Orientalis 13.2 [63]. Paris: Firmin-Didot, 1917. (Turnhout: Brepols, 1993.)
AnathemaJnPhilop	Chabot, Jean Baptiste, ed. Documenta ad origines monophysitarum illustrandas. CSCO 17, Syr. II.37 [17]. Paris: E Typographeo Reipublicae, 1907, 1933. (Leuven: Peeters, 1955.)
AnṭTagr:FifBookRhet	Watt, John W., ed. The Fifth Book of the Rhetoric of Antony of Tagrit. CSCO 480-481, Syr. 203-204. Leuven: Peeters, 1986.
AntiTriThWrit	Furlani, Giuseppe, ed. Sei scritti antitriteistici in lingua siriaca. Patrologia Orientalis 14.4 [70]. Paris: Firmin-Didot, 1920.
ApocPs-Method	Reinink, Gerrit J., ed. Die syrische Apokalypse des Pseudo-Methodius. CSCO 540-541, Syr. 220-221. Leuven: Peeters, 1993.
Aret:EpJacBurd	Chabot, Jean Baptiste, ed. Documenta ad origines monophysitarum illustrandas. CSCO 17, Syr. II.37 [17]. Paris: E Typographeo Reipublicae, 1907, 1933. (Leuven: Peeters, 1955.)
AthAl:HomEpist	Thomson, Robert W., ed. Athanasiana Syriaca. Part II: 1. Homily on Matthew XII 32 (Epistola ad Serapionem IV § 8-23); 2. Epistola ad Afros; 3. Tomus ad Antiochenos; 4. Epistola ad Maximum; 5. Epistola ad Adelphium. CSCO 272-273, Syr. 118-119. Leuven: Secrétariat du CorpusSCO, 1967.
AthAl:Treatises	Thomson, Robert W., ed. Athanasiana Syriaca. Part III: De incarnatione contra Arianos; Contra Apollinarium I; De Cruce et Passione; Quod unus sit Christus; De incarnatione Dei Verbi; Ad Jovianum. CSCO 324-325, Syr. 142-143. Leuven: Secrétariat du CorpusSCO, 1972.
AthAl:Inc	Thomson, Robert W., ed. Athanasiana Syriaca. Part I: 1. De incarnatione; 2. Epistula ad Epictetum. CSCO 257-256, Syr. 114-115. Leuven: Secrétariat du CorpusSCO, 1965.
BArbaya:FoundSch	Scher,  Addaï, ed. Mar Barhadbšabba ‘Arbaya, évêque de Halwan (VIe siècle). Cause de la fondation des écoles. Patrologia Orientalis 4.4 [18]. Paris: Firmin-Didot, 1908. (Turnhout: Brepols, 1981.)
Babai:BkUnion	Vaschalde, Arthur Adolphe, ed. Babai Magni Liber de Unione. CSCO 79-80, Syr.  II.61 [34-35]. Leuven: Secrétariat du CorpusSCO, 1915. (Paris: E Typographeo Reipublicae, 1915.)
BarAphton:ActsSev	Kugener, Marc-Antoine, ed. Sévère, patriarche d’Antioche, 512-518: textes syriaques publiés, traduits et annotés. Pt. 2: Vie de Sévère par Jean, supérieur du monastère de Beith-Aphtonia, avec divers textes syriaques, grecs et latins. Patrologia Orientalis 2.3 [8]. Paris: Firmin-Didot, 1904. (Turnhout: Brepols, 2003.)
BarAphton:PoemsOnSev	Kugener, Marc-Antoine, ed. Sévère, patriarche d’Antioche, 512-518: textes syriaques publiés, traduits et annotés. Pt. 2: Vie de Sévère par Jean, supérieur du monastère de Beith-Aphtonia, avec divers textes syriaques, grecs et latins. Patrologia Orientalis 2.3 [8]. Paris: Firmin-Didot, 1904. (Turnhout: Brepols, 2003.)
BarEbr:CandSanctIII	Graffin, F., ed. "Le Candélabre du Sanctuaire de Grégoire Abou’lfaradj dit Barhebræus. III. De la théologie". Patrologia Orientalis 133 [27.4]. Turnhout: Brepols, 1957.
BarEbr:CandSanctIV	Khoury, J., ed. "Le Candélabre du Sanctuaire de Grégoire Abou’lfaradj dit Barhebræus. IV. De l'incarnation". Patrologia Orientalis 31.1 [148]. Turnhout: Brepols, 1961.
BarEbr:CandSanctVII	Albert, M., ed. "Le Candélabre du Sanctuaire de Grégoire Abou’lfaradj dit Barhebræus. VII. Des démons". Patrologia Orientalis 30.2 [144]. Turnhout: Brepols, 1961.
BarEbr:CandSanctVI	Torbey, A., ed. "Le Candélabre du Sanctuaire de Grégoire Abou’lfaradj dit Barhebræus. VI. Des Anges". Patrologia Orientalis 30.4 [146]. Turnhout: Brepols, 1962.
BarEbr:CandSanctXI	Séd, N., ed. "Le Candélabre du Sanctuaire de Grégoire Abou’lfaradj dit Barhebræus. XI. Du jugement". Patrologia Orientalis 41.3 [188]. Turnhout: Brepols, 1983.
BarEbr:Ethic	Teule, Herman G.B., ed. Gregory Barhebraeus. Ethicon (Mēmrā I). CSCO 534-535, Syr. 218-219. Leuven: Peeters, 1993.
BarEbr:OnChristHeres	Nau, François, ed. Documents pour servir à l’histoire de l’Église nestorienne: I. Quatre Homélies de saint Jean Chrysostome; II. Textes monophysites: Homélies d’Érechthios; Fragments divers; Extraits de Timothée Ælure, de Philoxène, de Bar Hébraeus; III. Histoire de Nestorius, d’après la lettre à Cosme et l’hymne de S. Patrologia Orientalis 13.2 [63]. Paris: Firmin-Didot, 1917. (Turnhout: Brepols, 1993.)
BarKoni:ScholUrm	Hespel, Robert, ed. Théodore bar Koni. Livre des Scolies (recension d’Urmiah). CSCO 447-448, Syr. 193-194. Leuven: Peeters, 1983.
BarKoni:Schol	Scher, Addaï, ed. Theodorus bar Kōnī. Liber Scholiorum I. CSCO 55, Syr. II.66 [19]. Paris: E Typographeo Reipublicae, 1910. (Leuven: Peeters, 1960.); Scher, Addaï, ed. Theodorus bar Kōnī. Liber Scholiorum II CSCO 69, Syr. II.66 [26]. Paris: E Typographeo Reipublicae, 1912. (Leuven: Peeters, 1960.)
BarṢal:ComApoc&CathEpis	Sedláček, Jaroslav, ed. Dionysii bar Salibi commentarii in Apocalypsim, Actus et Epistulas catholicas. Corpus Scriptorum Christianorum Orientalium 53, 60; Scriptores Syri II, 18-20. Paris:  E Typographeo Reipublicae, 1909-1910. (Leuven: Peeters, 1962.)
BarṢal:ComGosp	Ref A: Sedláček, Jaroslav and Chabot, Jean Baptiste, eds. Dionysii bar Salibi commentarii in Evangelia. CSCO 15, Syr. III.98 [15]. Paris: E Typographeo Reipublicae, 1906. (Leuven: Peeters, 1960.) | Ref B: Sedláček, Jaroslav and Chabot, Jean Baptiste, eds. Dionysii bar Salibi commentarii in Evangelia. CSCO 77 Syr. III.98 [33]. Paris: E Typographeo Reipublicae, 1915. (Leuven: Secrétariat du CorpusSCO, 1915.) | Ref C: Vaschalde, Arthur Adolphe, ed. Dionysii bar Salibi: Commentarii in Evangelia II (1). CSCO 95, Syr. III.99 [47]. Leuven: Secrétariat du CorpusSCO, 1931. | Ref D: Vaschalde, Arthur Adolphe, ed. Dionysii bar Salibi Commentarii in Evangelia II (2). CSCO 113-114, Syr. 60-61. Leuven: Secrétariat du CorpusSCO, 1939-1940.
BarṢal:ComLiturg	Labourt, Jérôme, ed. Dionysius Bar Ṣalībī. Expositio liturgiae. CSCO 13, Syr. II.93 [13]. Paris: E Typographeo Reipublicae, 1903. (Leuven: Peeters, 1962.)
BarṢal:LuqArabs	Amar, Joseph Phillip, ed. Dionysius bar Ṣalībī. A Response to the Arabs. CSCO 614-615, Syr. 238-239. Leuven: Peeters, 2005.
Basil:SyrDeSpirSanc	Taylor, David G.K., ed. The Syriac Versions of the De Spiritu Sancto by Basil of Caesarea. CSCO 576-577, Syr. 228-229. Leuven: Peeters, 1999.
Basil:SyrHex	Thomson, Robert W., ed. The Syriac Version of the Hexaemeron by Basil of Caesarea. CSCO 550-551, Syr. 222-223. Leuven: Peeters, 1995.
CaveTreas	Ri, Su-Min, ed. La Caverne des Trésors: les deux recensions syriaques. CSCO 486-487, Syr. 207-208. Leuven: Peeters, 1987.
ChapOnChalc	Nau, François, ed. Documents pour servir à l’histoire de l’Église nestorienne: I. Quatre Homélies de saint Jean Chrysostome; II. Textes monophysites: Homélies d’Érechthios; Fragments divers; Extraits de Timothée Ælure, de Philoxène, de Bar Hébraeus; III. Histoire de Nestorius, d’après la lettre à Cosme et l’hymne de S. Patrologia Orientalis 13.2 [63]. Paris: Firmin-Didot, 1917. (Turnhout: Brepols, 1993.)
ChrCaptureSyr	Brooks, Ernest Walter, ed. Chronica Minora II. CSCO 3, Syr. 3. Leuven: Secrétariat du CorpusSCO, 1904.
ChrEdesExtSev	Kugener, Marc-Antoine, ed. Sévère, patriarche d’Antioche, 512-518: textes syriaques publiés, traduits et annotés. Pt. 2: Vie de Sévère par Jean, supérieur du monastère de Beith-Aphtonia, avec divers textes syriaques, grecs et latins. Patrologia Orientalis 2.3 [8]. Paris: Firmin-Didot, 1904. (Turnhout: Brepols, 2003.)
ChrMaron	Brooks, Ernest Walter, ed. Chronica Minora II. CSCO 3, Syr. 3. Leuven: Secrétariat du CorpusSCO, 1904.
Chron1234	Ref A: Chabot, Jean Baptiste, ed.  Chronicon Anonymum Ad A.D. 819 Chronicon Ad Annum Christi 1234 Pertinens I: Praemissum Est Chronicon Anonymum Ad A.D. 819 Pertinens Curante Aphram Barsaum. CSCO 81, Syr. 36. Paris: E Typographeo Reipublicae, 1920. (Leuven: L. Durbercq, 1953.) | Ref B: Chabot, Jean Baptiste, ed. Anonymi auctoris Chronicon ad annum Christi 1234 pertinens II. CSCO 82, Syr. 37. Paris: E Typographeo Reipublicae, 1916, 1920, 1937. (Leuven: L. Durbecq, 1965.)
Chron724	Brooks, Ernest Walter, ed. Chronica Minora II. CSCO 3, Syr. 3. Leuven: Secrétariat du CorpusSCO, 1904.
Chron846	Brooks, Ernest Walter, ed. Chronica Minora II. CSCO 3, Syr. 3. Leuven: Secrétariat du CorpusSCO, 1904.
ChronEdes	Guidi, Ignazio, ed. Chronica Minora I. CSCO 1, Syr. 1. Leuven: Secrétariat du CorpusSCO, 1903. (1960)
JnChr:ComJohn1	Childers, Jeff W., ed. The Syriac Version of John Chrysostom’s Commentary on John I. Memre 1-43. CSCO 651-652, Syr. 250-251. Leuven: Peeters, 2013.
ComAscet	Draguet, René, ed. Commentaire anonyme du Livre d’abba Isaïe (fragments). CSCO 336-337, Syr. 150-151. Leuven: Secrétariat du CorpusSCO, 1973.
ComGenExod	van Rompay, Lucas, ed. Le commentaire sur Genèse–Exode 9,32 du manuscrit (olim) Diyarbakir 22. CSCO 483-484, Syr. 205-206. Leuven: Peeters, 1986.
CyrAl:Epist	Ebied, Rifaat Y. and Wickham, Lionel Ralph, eds. A Collection of Unpublished Syriac Letters of Cyril of Alexandria. CSCO 359-360, Syr. 157-158. Leuven: Secrétariat du CorpusSCO, 1975.
CyrAl:UnityNat	Nau, François, ed. Documents pour servir à l’histoire de l’Église nestorienne: I. Quatre Homélies de saint Jean Chrysostome; II. Textes monophysites: Homélies d’Érechthios; Fragments divers; Extraits de Timothée Ælure, de Philoxène, de Bar Hébraeus; III. Histoire de Nestorius, d’après la lettre à Cosme et l’hymne de S. Patrologia Orientalis 13.2 [63]. Paris: Firmin-Didot, 1917. (Turnhout: Brepols, 1993.)
DadQaṭ:ComAscetAbbaIs	Draguet, René, ed. Commentaire du livre d’Abba Isaïe (logoi I-XV) par Dadišo Qatraya (VIIe s.). CSCO 326-327, Syr. 144-145. Leuven: Secrétariat du CorpusSCO, 1972.
DefOrthBishs&QononEugenSupporters	Chabot, Jean Baptiste, ed. Documenta ad origines monophysitarum illustrandas. CSCO 17, Syr. II.37 [17]. Paris: E Typographeo Reipublicae, 1907, 1933. (Leuven: Peeters, 1955.)
Denḥ:Denḥa	Nau, François, ed. Histoires d’Ahoudemmeh et de Marouta, métropolitains jacobites de Tagrit et de l’Orient (VIe et VIIe siècles), suivies du traité d’Ahoudemmeh sur l’homme. Patrologia Orientalis 3.1 [11]. Paris: Firmin-Didot, 1905. 
DidascApost	Ref A: Vööbus, Arthur, ed. The Didascalia Apostolorum in Syriac I: Chapters I-X. CSCO 401-402, Syr 175-176. Leuven: Secrétariat du CorpusSCO, 1979. | Ref B: Vööbus, Arthur, ed. The Didascalia Apostolorum in Syriac II: Chapter XI-XXVI. CSCO 407-408, Syr. 179-180. Leuven: Secrétariat du CorpusSCO, 1979.
Ps-DionAr:MystWritings	Fiori, Emiliano, ed. Dionigi Areopagita. Nomi divini, teologia mistica, epistole: La versione siriaca di Sergio di Rēš‘aynā (VI secolo). CSCO 656-657, Syr. 252-253. Leuven: Peeters, 2014.
DorothMarc:EpMarcian	Nau, François, ed. Documents pour servir à l’histoire de l’Église nestorienne: I. Quatre Homélies de saint Jean Chrysostome; II. Textes monophysites: Homélies d’Érechthios; Fragments divers; Extraits de Timothée Ælure, de Philoxène, de Bar Hébraeus; III. Histoire de Nestorius, d’après la lettre à Cosme et l’hymne de S. Patrologia Orientalis 13.2 [63]. Paris: Firmin-Didot, 1917. (Turnhout: Brepols, 1993.)
EliaAnb:BkExer&Cent	Juckel, Andreas Karl, ed. Der Ktābā d-Durrāšā (Ktābā d-Maʼwātā) des Elijā von Anbār. Mēmrā I–III. CSCO 559-560, Syr. 226-227. Leuven: Peeters, 1996.
EliaNis:Chron	Ref A: Brooks, Ernest Walter, eds. Eliae metropolitae Nisibeni opus chronologicum I. CSCO 62, Syr. III.7 [21]. Paris: Secrétariat du CorpusSCO, 1910. | Ref B: Chabot, Jean Baptiste and Brooks, Ernest Walter, eds. Eliae metropolitae Nisibeni opus chronologicum II. CSCO 62, Syr. III.8 [22}. Paris: Secrétariat du CorpusSCO, 1909. 
EliaNis:ExtSev	Kugener, Marc-Antoine, ed. Sévère, patriarche d’Antioche, 512-518: textes syriaques publiés, traduits et annotés. Pt. 2: Vie de Sévère par Jean, supérieur du monastère de Beith-Aphtonia, avec divers textes syriaques, grecs et latins. Patrologia Orientalis 2.3 [8]. Paris: Firmin-Didot, 1904. (Turnhout: Brepols, 2003.)
EliaQarṭ:MemPhiloxMab	de Halleux, André, ed. Elī de Qartamin. Memra sur S. Mar Philoxène de Mabbog. CSCO 233-234, Syri. 100-101. Leuven: Secrétariat du CorpusSCO, 1963.
EpArchimand&MonkstoThdsAl	Chabot, Jean Baptiste, ed. Documenta ad origines monophysitarum illustrandas. CSCO 17, Syr. II.37 [17]. Paris: E Typographeo Reipublicae, 1907, 1933. (Leuven: Peeters, 1955.)
EpArchimandArabiatoOrthBishs	Chabot, Jean Baptiste, ed. Documenta ad origines monophysitarum illustrandas. CSCO 17, Syr. II.37 [17]. Paris: E Typographeo Reipublicae, 1907, 1933. (Leuven: Peeters, 1955.)
EpEastArchimandtoJacBurd	Chabot, Jean Baptiste, ed. Documenta ad origines monophysitarum illustrandas. CSCO 17, Syr. II.37 [17]. Paris: E Typographeo Reipublicae, 1907, 1933. (Leuven: Peeters, 1955.)
EpEastArchimandtoOrthBishs&Clers	Chabot, Jean Baptiste, ed. Documenta ad origines monophysitarum illustrandas. CSCO 17, Syr. II.37 [17]. Paris: E Typographeo Reipublicae, 1907, 1933. (Leuven: Peeters, 1955.)
EpEastArchimandtoPaulAnt	Chabot, Jean Baptiste, ed. Documenta ad origines monophysitarum illustrandas. CSCO 17, Syr. II.37 [17]. Paris: E Typographeo Reipublicae, 1907, 1933. (Leuven: Peeters, 1955.)
EpEastArchimandtoThdsAl	Chabot, Jean Baptiste, ed. Documenta ad origines monophysitarum illustrandas. CSCO 17, Syr. II.37 [17]. Paris: E Typographeo Reipublicae, 1907, 1933. (Leuven: Peeters, 1955.)
EpEastBishopstoThdsAl	Chabot, Jean Baptiste, ed. Documenta ad origines monophysitarum illustrandas. CSCO 17, Syr. II.37 [17]. Paris: E Typographeo Reipublicae, 1907, 1933. (Leuven: Peeters, 1955.)
EpEastOrthBishstoOrthBishsConst	Chabot, Jean Baptiste, ed. Documenta ad origines monophysitarum illustrandas. CSCO 17, Syr. II.37 [17]. Paris: E Typographeo Reipublicae, 1907, 1933. (Leuven: Peeters, 1955.)
EpOrthBishsConst	Chabot, Jean Baptiste, ed. Documenta ad origines monophysitarum illustrandas. CSCO 17, Syr. II.37 [17]. Paris: E Typographeo Reipublicae, 1907, 1933. (Leuven: Peeters, 1955.)
EpOrthBishstoClars&PeopArabia	Chabot, Jean Baptiste, ed. Documenta ad origines monophysitarum illustrandas. CSCO 17, Syr. II.37 [17]. Paris: E Typographeo Reipublicae, 1907, 1933. (Leuven: Peeters, 1955.)
EpOrthBishstoOrthVarEpiarchies	Chabot, Jean Baptiste, ed. Documenta ad origines monophysitarum illustrandas. CSCO 17, Syr. II.37 [17]. Paris: E Typographeo Reipublicae, 1907, 1933. (Leuven: Peeters, 1955.)
Eph:Adden	Beck, Edmund. Nachträge zu Ephraem Syrus. CSCO 363-364, Syr. 159-160. Leuven: Secrétariat du CorpusSCO, 1975.
Eph:ComGen&Exd	Tonneau, Raymond Marie, ed. Sancti Ephraem Syri in Genesim et in Exodum commentarii. CSCO 152-153, Syr. 71-72. Leuven: L. Durbecq, 1955. (Leuven: Peeters, 1955.)
Eph:MadAbrKid&JulSaba	Beck, Edmund, ed. Des heiligen Ephraem des Syrers Hymnen auf Abraham Kidunaya und Julianos Saba. CSCO 322-323, Syr. 140-141. Leuven: Secrétariat du CorpusSCO, 1972.
Eph:MadChur	Beck, Edmund, ed. Des heiligen Ephraem des Syrers Hymnen de Ecclesia. CSCO 198-199, Syr. 84-85. Leuven: Secrétariat du CorpusSCO, 1960.
Eph:PaschHymn	Beck, Edmund. Des Heiligen Ephraem Des Syrers Paschahymnen (De Azymnis, De Crucifixione, De Resurrectione). Secrétariat du CorpusSCO, 1964.
Eph:MadFast	Beck, Edmund, ed. Des heiligen Ephraem des Syrers Hymnen de Ieiunio. CSCO 246-247, Syr. 106-107. Leuven: Secrétariat du CorpusSCO, 1964.
Eph:MadLuqHeres	Beck, Edmund, ed. Des heiligen Ephraem des Syrers Hymnen contra Haereses. CSCO 169-170, Syr. 76-77. Leuven: L. Durbecq, 1957. (Leuven: Secrétariat du CorpusSCO, 1957.)
Eph:MadNativ	Beck, Edmund, ed. Des heiligen Ephraem des Syrers Hymnen de Nativitate (Epiphania). CSCO 186-187, Syr. 82-83. Leuven: Secrétariat du CorpusSCO, 1959.
Eph:MadParad&LuqJul	Beck, Edmund, ed. Des heiligen Ephraem des Syrers Hymnen de Paradiso und contra Julianum. CSCO 174-175, Syr. 78-79. Leuven: Peeters, 1957. 
Eph:MadVirg	Beck, Edmund, ed. Des heiligen Ephraem des Syrers Hymnen de Virginitate. CSCO 223-224, Syr. 94-95. Leuven: Secrétariat du CorpusSCO, 1962.
Eph:MemDomNostr	Beck, Edmund, ed. Des heiligen Ephraem des Syrers Sermo de Domino Nostro. CSCO 270-271, Syr. 116-117. Leuven: Secrétariat du CorpusSCO, 1966.
Eph:MemFaith	Beck, Edmund, ed. Des heiligen Ephraem des Syrers Sermones de Fide. CSCO 212-213, Syr. 88-89. Leuven: Secrétariat du CorpusSCO, 1961. (Leuven: Peeters, 1965.)
Eph:MadCarNis	Ref A: Beck, Edmund, ed. Des heiligen Ephraem des Syrers Carmina Nisibena, I. CSCO 218-219, Syr. 92-93. Leuven: Secrétariat du CorpusSCO, 1961. (Leuven: Peeters, 1961.) | Ref B: Beck, Edmund, ed. Des heiligen Ephraem des Syrers Carmina Nisibena, II. CSCO 240-241, Syr. 102-103. Leuven: Secrétariat du CorpusSCO, 1963.
Eph:MadFaith	Beck, Edmund, ed. Des heiligen Ephraem des Syrers Hymnen de Fide. CSCO 154-155, Syr. 73-74. Leuven: L. Durbecq, 1955.
Eph:Mem	Ref A: Beck, Edmund, ed. Des heiligen Ephraem des Syrers Sermones, I. CSCO 305-306, Syr. 129-130. Leuven: Secrétariat du CorpusSCO, 1970. | Ref B:Beck, Edmund, ed. Des heiligen Ephraem des Syrers Sermones, II. CSCO 311-312, Syr. 134-135. Leuven: Secrétariat du CorpusSCO, 1970. | Ref C: Beck, Edmund, ed. Des heiligen Ephraem des Syrers Sermones, III. CSCO 320-321, Syr. 138-139. Leuven: Secrétariat du CorpusSCO, 1972. | Ref D: Beck, Edmund, ed. Des heiligen Ephraem des Syrers Sermones, IV. CSCO 334-335, Syr. 148-149. Leuven: Secrétariat du CorpusSCO, 1973.
ErechtAnt:HomEpiph&Nativ	Nau, François, ed. Documents pour servir à l’histoire de l’Église nestorienne: I. Quatre Homélies de saint Jean Chrysostome; II. Textes monophysites: Homélies d’Érechthios; Fragments divers; Extraits de Timothée Ælure, de Philoxène, de Bar Hébraeus; III. Histoire de Nestorius, d’après la lettre à Cosme et l’hymne de S. Patrologia Orientalis 13.2 [63]. Paris: Firmin-Didot, 1917. (Turnhout: Brepols, 1993.)
Evagr:KephGnost	Guillaumont, Antoine, ed. Les six Centuries des “Kephalaia gnostica” d’Évagre le Pontique. Patrologia Orientalis 28.1 [134]. Paris: Firmin-Didot, 1958. (Turnhout: Brepols, 1977.)
FindCross-JudKyr	Drijvers, Han J.W. and Drijvers, Jan Willem. The Finding of the True Cross – The Judas Kyriakos Legend in Syriac: Introduction, Text and Translation. CSCO 565, Subs. 93. Leuven: Peeters, 1997.
FirstΣυνδEastArchimand	Chabot, Jean Baptiste, ed. Documenta ad origines monophysitarum illustrandas. CSCO 17, Syr. II.37 [17]. Paris: E Typographeo Reipublicae, 1907, 1933. (Leuven: Peeters, 1955.)
GanBus	Reinink, Gerrit J., ed. Gannat Bussame. 1: Die Adventssonntage. CSCO 501-502, Syr. 211-212. Leuven: Peeters, 1988.
GeorgAr:HomMarSevAnt	McVey, Kathleen Elizabeth, ed. George, Bishop of the Arabs. A Homily on Blessed Mar Severus, Patriarch of Antioch. CSCO 530-531, Syr. 216-217. Leuven: Peeters, 1993.
HomEpiph	Desreumaux, Alain, ed. Trois homélies syriaques anonymes et inédites sur l’Épiphanie. Patrologia Orientalis 38.4 [177]. Turnhout: Brepols, 1977.
Hom6thCent	Graffin, François, ed. Homélies anonymes du VIe siècle: Dissertation sur le Grand-prêtre, Homélies sur la pécheresse I, II, III. Patrologia Orientalis 41.4 [189]. Turnhout: Brepols, 1984.
IsDr&ḤenAdiab:Treatises	Scher, Addaï, ed. Traités d’Išaï le docteur et de Hnana d’Adiabène sur les Martyrs, le Vendredi d’or et les Rogations suivis de la Confession de foi à réciter par les évêques avant l’ordination. Patrologia Orientalis 7.1 [31]. Paris: Firmin-Didot, 1911. (Turnhout: Brepols, 1980.)
IsaacNin:Coll2	Brock, Sebastian P., ed. Isaac of Nineveh (Isaac the Syrian). 'The Second Part', Chapters IV-XLI. CSCO 554-555, Syr. 224-225. Leuven: Peeters, 1995.
IsaacNin:Coll3	Chialà, Sabino, ed. Isacco di Ninive. Terza Collezione. CSCO 637-638, Syr. 246-247. Leuven: Peeters, 2011.
IšoAdiab:Epist	Duval, Rubens, ed. Išō‘yahb Patriarchae III Liber epistularum. CSCO Syr. II.64. Paris: E Typographeo Reipublicae, 1904-1905. (Leuven: Peeters, 1962.)
IšoMerv:ComExodDeut	Van den Eynde, Ceslas Florent (ed.), "Commentaire d’Išo‘dad de Merv sur l’Ancient Testament, II: Exode–Deutéronome". CSCO 176, 179, Syr. 80-81. Leuven: Secrétariat du CorpusSCO, 1958.
IšoMerv:ComIs12	Van den Eynde, Ceslas Florent (ed.), "Commentaire d’Išo‘dad de Merv sur l’Ancient Testament, IV: Isaïe et les Douze". CSCO 303-304, Syr. 128-129. Leuven: Secrétariat du CorpusSCO, 1969.
IšoMerv:ComJerEzeDan	Van den Eynde, Ceslas Florent (ed.), "Commentaire d’Išo‘dad de Merv sur l’Ancient Testament, V: Jérémie, Ézéchiel, Daniel". CSCO 328-329, Syr. 146-147. Leuven: Secrétariat du CorpusSCO, 1972.
IšoMerv:ComPs	van den Eynde, Ceslas, ed. Commentaire d’Išo‘dad de Merv sur l’Ancient Testament, VI: Psaumes. CSCO 433-434, Syr. 185-186. Leuven: Peeters, 1981.
JacBurd&ThdrAl:EpOrthMonks	Chabot, Jean Baptiste, ed. Documenta ad origines monophysitarum illustrandas. CSCO 17, Syr. II.37 [17]. Paris: E Typographeo Reipublicae, 1907, 1933. (Leuven: Peeters, 1955.)
JacBurd&ThdrAl:EpPaul	Chabot, Jean Baptiste, ed. Documenta ad origines monophysitarum illustrandas. CSCO 17, Syr. II.37 [17]. Paris: E Typographeo Reipublicae, 1907, 1933. (Leuven: Peeters, 1955.)
JacBurd:EpEunom	Chabot, Jean Baptiste, ed. Documenta ad origines monophysitarum illustrandas. CSCO 17, Syr. II.37 [17]. Paris: E Typographeo Reipublicae, 1907, 1933. (Leuven: Peeters, 1955.)
JacBurd:EpJnEph&OrthBishs	Chabot, Jean Baptiste, ed. Documenta ad origines monophysitarum illustrandas. CSCO 17, Syr. II.37 [17]. Paris: E Typographeo Reipublicae, 1907, 1933. (Leuven: Peeters, 1955.)
JacBurd:EpQonon&Eugen	Chabot, Jean Baptiste, ed. Documenta ad origines monophysitarum illustrandas. CSCO 17, Syr. II.37 [17]. Paris: E Typographeo Reipublicae, 1907, 1933. (Leuven: Peeters, 1955.)
JacEdes:ExtSev	Kugener, Marc-Antoine, ed. Sévère, patriarche d’Antioche, 512-518: textes syriaques publiés, traduits et annotés. Pt. 2: Vie de Sévère par Jean, supérieur du monastère de Beith-Aphtonia, avec divers textes syriaques, grecs et latins. Patrologia Orientalis 2.3 [8]. Paris: Firmin-Didot, 1904. (Turnhout: Brepols, 2003.)
JacSer:Epist	Olinder, Gunnar, ed. Iacobi Sarugensis Epistulae quotquot supersunt. CSCO 110, Syr. II.45 [57]. Paris: E Typographeo Reipublicae, 1937. (Leuven: Secrétariat du CorpusSCO, 1965.)
JacSer:MemLuqJews	Albert, Micheline, ed. Jacques de Saroug: Homélies contre les Juifs. Translated by Micheline Albert. Patrologia Orientalis 38.1 [ 174 ]. Turnhout: Brepols, 1976.
JacSer:MemMarEph	Amar, Joseph Phillip. A Metrical Homily on Holy Mar Ephrem by Mar Jacob of Sarug: Critical Edition of the Syriac Text, Translation and Introduction. Patrologia Orientalis 47.1 [209]. Turnhout: Brepols, 1995. 
JacSer:MemOnCreation	Alwan, Khalil, ed. Jacques de Saroug. Quatre homélies métriques sur la Création. CSCO 508-509, Syr. 214-215. Leuven: Peeters, 1989.
JnChr:HomTemp&Inc	Nau, François, ed. Documents pour servir à l’histoire de l’Église nestorienne: I. Quatre Homélies de saint Jean Chrysostome; II. Textes monophysites: Homélies d’Érechthios; Fragments divers; Extraits de Timothée Ælure, de Philoxène, de Bar Hébraeus; III. Histoire de Nestorius, d’après la lettre à Cosme et l’hymne de S. Patrologia Orientalis 13.2 [63]. Paris: Firmin-Didot, 1917. (Turnhout: Brepols, 1993.)
JacBurd:SolutionObjections	Chabot, Jean Baptiste, ed. Documenta ad origines monophysitarum illustrandas. CSCO 17, Syr. II.37 [17]. Paris: E Typographeo Reipublicae, 1907, 1933. (Leuven: Peeters, 1955.)
JnDara:OnOfferings	Sader, Jean, ed. Le De Oblatione de Jean de Dara. CSCO 308-309, Syr. 132-133. Leuven: Secrétariat du CorpusSCO, 1970.
JnEph:ActsEastSaints	Ref A: Brooks, Ernest Walter, ed. John of Ephesus. Lives of the Eastern Saints. Patrologia Orientalis 17.1 [82]. Paris: Firmin-Didot, 1923. | Ref B: Brooks, Ernest Walter, ed. John of Ephesus. Lives of the Eastern Saints II. Patrologia Orientalis 18.4 [89]. Paris: Firmin-Didot, 1924.
JnEph:EccHist	Brooks, Ernest Walter, ed. Iohannis Ephesini historiae ecclesiasticae pars tertia. CSCO 105, Syr. III.3 [54]. Leuven: Secrétariat du CorpusSCO, 1935. (Paris: E Typographeo Reipublicae, 1935.)
JnEph:ExtSev	Kugener, Marc-Antoine, ed. Sévère, patriarche d’Antioche, 512-518: textes syriaques publiés, traduits et annotés. Pt. 2: Vie de Sévère par Jean, supérieur du monastère de Beith-Aphtonia, avec divers textes syriaques, grecs et latins. Patrologia Orientalis 2.3 [8]. Paris: Firmin-Didot, 1904. (Turnhout: Brepols, 2003.)
JnMaron:Expos	Breydy, Michel, ed. Jean Maron. Exposé de la foi et autres opuscules. CSCO 497-498, Syr. 209-210. Leuven: Secrétariat du CorpusSCO, 1988.
JnRufus:Pleroph	Nau, François, ed. Jean Rufus, évêque de Maïouma. Plérophories, c’est-à-dire: témoignages et révélations contre le concile de Chalcédoine. Patrologia Orientalis 8.1 [36]. Paris: Firmin-Didot, 1911. (Turnhout: Brepols, 1982.)
JosḤazz:EpStgsMonasLife	Harb, Paul and Graffin, François, eds. Joseph Ḥazzāyā. Lettre sur les trois étapes de la vie monastique. Patrologia Orientalis 45.2 [202]. Turnhout: Brepols, 1992.
Leo&DiodBlasphemies	Nau, François, ed. Documents pour servir à l’histoire de l’Église nestorienne: I. Quatre Homélies de saint Jean Chrysostome; II. Textes monophysites: Homélies d’Érechthios; Fragments divers; Extraits de Timothée Ælure, de Philoxène, de Bar Hébraeus; III. Histoire de Nestorius, d’après la lettre à Cosme et l’hymne de S. Patrologia Orientalis 13.2 [63]. Paris: Firmin-Didot, 1917. (Turnhout: Brepols, 1993.)
MartOrient	Nau, François, ed. Martyrologes et ménologes orientaux, I–XIII. Un martyrologie et douze ménologes syriaques édités et traduits. Patrologia Orientalis 10.1 [46]. Paris: Firmin-Didot, 1912.
MichIRabo:ExtSev	Kugener, Marc-Antoine, ed. Sévère, patriarche d’Antioche, 512-518: textes syriaques publiés, traduits et annotés. Pt. 2: Vie de Sévère par Jean, supérieur du monastère de Beith-Aphtonia, avec divers textes syriaques, grecs et latins. Patrologia Orientalis 2.3 [8]. Paris: Firmin-Didot, 1904. (Turnhout: Brepols, 2003.)
Nars:memNativEpiphPassResurAscen	McLeod, Frederick G., ed. Narsai’s Metrical Homilies on the Nativity, Epiphany, Passion, Resurrection and Ascension: Critical Edition of Syriac Text. Patrologia Orientalis 40.1 [182]. Turnhout: Brepols, 1979.
Nest:Citations	Nau, François, ed. Documents pour servir à l’histoire de l’Église nestorienne: I. Quatre Homélies de saint Jean Chrysostome; II. Textes monophysites: Homélies d’Érechthios; Fragments divers; Extraits de Timothée Ælure, de Philoxène, de Bar Hébraeus; III. Histoire de Nestorius, d’après la lettre à Cosme et l’hymne de S. Patrologia Orientalis 13.2 [63]. Paris: Firmin-Didot, 1917. (Turnhout: Brepols, 1993.)
Nest:ConjMigr	Nau, François, ed. Documents pour servir à l’histoire de l’Église nestorienne: I. Quatre Homélies de saint Jean Chrysostome; II. Textes monophysites: Homélies d’Érechthios; Fragments divers; Extraits de Timothée Ælure, de Philoxène, de Bar Hébraeus; III. Histoire de Nestorius, d’après la lettre à Cosme et l’hymne de S. Patrologia Orientalis 13.2 [63]. Paris: Firmin-Didot, 1917. (Turnhout: Brepols, 1993.)
NotesSev	Kugener, Marc-Antoine, ed. Sévère, patriarche d’Antioche, 512-518: textes syriaques publiés, traduits et annotés. Pt. 2: Vie de Sévère par Jean, supérieur du monastère de Beith-Aphtonia, avec divers textes syriaques, grecs et latins. Patrologia Orientalis 2.3 [8]. Paris: Firmin-Didot, 1904. (Turnhout: Brepols, 2003.)
OnNatChrist	Nau, François, ed. Documents pour servir à l’histoire de l’Église nestorienne: I. Quatre Homélies de saint Jean Chrysostome; II. Textes monophysites: Homélies d’Érechthios; Fragments divers; Extraits de Timothée Ælure, de Philoxène, de Bar Hébraeus; III. Histoire de Nestorius, d’après la lettre à Cosme et l’hymne de S. Patrologia Orientalis 13.2 [63]. Paris: Firmin-Didot, 1917. (Turnhout: Brepols, 1993.)
OrthBishJust	Nau, François, ed. Documents pour servir à l’histoire de l’Église nestorienne: I. Quatre Homélies de saint Jean Chrysostome; II. Textes monophysites: Homélies d’Érechthios; Fragments divers; Extraits de Timothée Ælure, de Philoxène, de Bar Hébraeus; III. Histoire de Nestorius, d’après la lettre à Cosme et l’hymne de S. Patrologia Orientalis 13.2 [63]. Paris: Firmin-Didot, 1917. (Turnhout: Brepols, 1993.)
PactOrthBishs&QononSupporters	Chabot, Jean Baptiste, ed. Documenta ad origines monophysitarum illustrandas. CSCO 17, Syr. II.37 [17]. Paris: E Typographeo Reipublicae, 1907, 1933. (Leuven: Peeters, 1955.)
Pall:LausHist	Ref A: Draguet, René, ed. Les formes syriaques de la matière de l’Histoire lausiaque I: Les manuscrits Édition des pièces liminaires et des ch. 1-19. CSCO 389-390, Syr. 169-170. Leuven: Secrétariat du CorpusSCO, 1978. | Ref B: Draguet, René, ed. Les formes syriaques de la matière de l’Histoire lausiaque II: Édition des ch. 20-71, Épilogue, [72-73]. CSCO 398-399, Syr. 173-174. Leuven: Secrétariat du CorpusSCO, 1978.
PaulAnt:EpJac&Thdr	Chabot, Jean Baptiste, ed. Documenta ad origines monophysitarum illustrandas. CSCO 17, Syr. II.37 [17]. Paris: E Typographeo Reipublicae, 1907, 1933. (Leuven: Peeters, 1955.)
PaulAnt:EpThdrAl	Chabot, Jean Baptiste, ed. Documenta ad origines monophysitarum illustrandas. CSCO 17, Syr. II.37 [17]. Paris: E Typographeo Reipublicae, 1907, 1933. (Leuven: Peeters, 1955.)
PaulAnt:EpThdsAl	Chabot, Jean Baptiste, ed. Documenta ad origines monophysitarum illustrandas. CSCO 17, Syr. II.37 [17]. Paris: E Typographeo Reipublicae, 1907, 1933. (Leuven: Peeters, 1955.)
PhiloxMab:ComMattLuke	Watt, John W., ed. Philoxenus of Mabbug. Fragments of the Commentary on Matthew and Luke. CSCO 392-393, Syr. 171-172. Leuven: Secrétariat du CorpusSCO, 1978.
PhiloxMab:ComProJohn	de Halleux, André, ed. Philoxène de Mabbog. Commentaire du prologue johannique (Ms. Br. Mus. Add. 14, 534). CSCO 380-381, Syr. 165-166. Leuven: Secrétariat du CorpusSCO, 1977.
PhiloxMab:EpMonksSen	de Halleux, André, ed. Philoxène de Mabbog. Lettre aux moines de Senoun. CSCO 231-232, Syr. 98-99. Leuven: Secrétariat du CorpusSCO, 1963. (Leuven: Peeters, 1963.)
PhiloxMab:EpPatricius	Lavenant, René, ed. La lettre à Patricius de Philoxène de Mabboug. Patrologia Orientalis 30.5 [147]. Paris: Firmin-Didot, 1963.
PhiloxMab:MemTrin&Inc	Vaschalde, Arthur Adolphe, ed. Philoxeni Mabbugensis tractatus tres de Trinitate et Incarnatione. CSCO 9, Syr. II.27 [9-10]. Paris: E Typographeo Reipublicae, 1907. (Leuven: Peeters, 1961.)
PhiloxMab:OnChristHeres	Nau, François, ed. Documents pour servir à l’histoire de l’Église nestorienne: I. Quatre Homélies de saint Jean Chrysostome; II. Textes monophysites: Homélies d’Érechthios; Fragments divers; Extraits de Timothée Ælure, de Philoxène, de Bar Hébraeus; III. Histoire de Nestorius, d’après la lettre à Cosme et l’hymne de S. Patrologia Orientalis 13.2 [63]. Paris: Firmin-Didot, 1917. (Turnhout: Brepols, 1993.)
PoemsOnSev	Kugener, Marc-Antoine, ed. Sévère, patriarche d’Antioche, 512-518: textes syriaques publiés, traduits et annotés. Pt. 2: Vie de Sévère par Jean, supérieur du monastère de Beith-Aphtonia, avec divers textes syriaques, grecs et latins. Patrologia Orientalis 2.3 [8]. Paris: Firmin-Didot, 1904. (Turnhout: Brepols, 2003.)
Ps-Ath:Virg	Brakke, David, ed. Pseudo-Athanasius on Virginity. CSCO 592-593, Syr. 232-233. Leuven: Peeters, 2002.
ChronZuq	Ref A: Chabot, Jean Baptiste, ed. Incerti auctoris Chronicon Pseudo-Dionysianum vulgo dictum I. CSCO 91, Syr. III.1 [43]. Paris: E Typographeo Reipublicae, 1927. (Leuven: Secrétariat du CorpusSCO, 1927.) | Ref B: Chabot, Jean Baptiste, ed. Incerti auctoris Chronicon Pseudo-Dionysianum vulgo dictum II: Accedunt Iohannis Ephesini Fragmenta Curante E. W. Brooks. CSCO 104, Syr. III.2 [53]. Paris: E Typographeo Reipublicae, 1933. (Leuven: Secrétariat du CorpusSCO, 1965.)
Ps-GeorgArb:ComLiturgRit	Ref A: Connolly, Richard Hugh, ed. Anonymi auctoris Expositio officiorum ecclesiae Georgio Arbelensi vulgo adscripta. CSCO 64, Syr. 25. Paris: E Typographeo Reipublicae, 1911. (Leuven: Secrétariat du CorpusSCO, 1961.) | Ref B: Connolly, Richard Hugh, ed. Anonymi auctoris expositio officiorum ecclesiae Georgio Arbelensi vulgo adscripta, II. Accedit Abrahae bar Līpheh interpretatio officiorum. CSCO 72, Syr. 29. Paris: Typographeo Reipublicae, 1913. (Leuven: Secrétariat du CorpusSCO, 1960.)
MaruMayph:Canons	Vööbus, Arthur, ed. The Canons Ascribed to Mārūtā of Maipherqaṭ and Related Sources. CSCO 439-440, Syr. 191-192. Leuven: Peeters, 1982.
Ps-Zach:EccHist	Ref A: Brooks, Ernest Walter, ed. Historia ecclesiastica Zachariae Rhetori vulgo adscripta I. CSCO 83, Syr. III.5-6 [38]. Paris: E Typographeo Reipublicae, 1919. (Leuven: Secrétariat du CorpusSCO, 1919.) | Ref B: Brooks, Ernest Walter, ed. Historia ecclesiastica Zachariae Rhetori vulgo adscripta II: Accedit Fragmentum Historiae Ecclesiasticae Dionysii Telmahrensis. CSCO 84, Syr. III.5-6 [39]. Paris: E Typographeo Reipublicae, 1921. (Leuven: Secrétariat du CorpusSCO, 1921.)
Ps-Zach:ExtSev	Kugener, Marc-Antoine, ed. Sévère, patriarche d’Antioche, 512-518: textes syriaques publiés, traduits et annotés. Pt. 2: Vie de Sévère par Jean, supérieur du monastère de Beith-Aphtonia, avec divers textes syriaques, grecs et latins. Patrologia Orientalis 2.3 [8]. Paris: Firmin-Didot, 1904. (Turnhout: Brepols, 2003.)
QiyorEdes:ExpLiturgFeasts	Macomber, William F., ed. Six Explanations of the Liturgical Feasts by Cyrus of Edessa, an East Syrian Theologian of the Mid Sixth Century. CSCO 355-356, Syr. 155-156. Leuven: Secrétariat du CorpusSCO, 1974.
Sahd:BkPerf	Ref A: de Halleux, André, ed. Martyrius (Sahdona). Œuvres spirituelles, I. Livre de la perfection, Ie partie. CSCO 200-201, Syr. 86-87. Leuven: Secrétariat du CorpusSCO, 1960. (Leuven: Peeters, 1960.) | Ref B: de Halleux, André, ed. Martyrius (Sahdona). Œuvres spirituelles, II. Livre de la perfection, 2me partie (ch. 1-7). CSCO 214-215, Syr. 90-91. Leuven: Secrétariat du CorpusSCO, 1961. (Leuven: Peeters, 1961.) | Ref C: de Halleux, André, ed. Martyrius (Sahdona). Œuvres spirituelles, III. Livre de la perfection, 2me partie (ch. 8-14). CSCO 252-253, Syr. 110-111. Leuven: Secrétariat du CorpusSCO, 1965. (Leuven: Peeters, 1965.)
Sahd:MemSolitar	de Halleux, André, ed. Martyrius (Sahdona). Œuvres spirituelles, IV. Lettres à des amis solitaires, Maximes sapientiales. CSCO 254-255, Syr. 112-113. Leuven: Secrétariat du CorpusSCO, 1965. (Leuven: Peeters, 1965.)
SecondΣυνδEastArchimand	Chabot, Jean Baptiste, ed. Documenta ad origines monophysitarum illustrandas. CSCO 17, Syr. II.37 [17]. Paris: E Typographeo Reipublicae, 1907, 1933. (Leuven: Peeters, 1955.)
SergStyl:EpLuqJew	Hayman, Allison Peter, ed. The Disputation of Sergius the Stylite against a Jew. CSCO 338-339, Syr. 152-153. Leuven: Secrétariat du CorpusSCO, 1973.
SermHolyWeek	Beck, Edmund, ed. Ephraem Syrus. Sermones in Hebdomadam Sanctam. CSCO 412-413, Syr. 181-182. Leuven: Secrétariat du CorpusSCO, 1979.
SevAnt:CathHom	Duval, Rubens. Les Homiliae Cathedrales de Sévère d’Antioche: Traduction Syriaque Inédite de Jacques d’Édesse. I. Homélies LII à LVII. Firmin-Didot, 1908.
SevAnt:EpThdsAl	Chabot, Jean Baptiste, ed. Documenta ad origines monophysitarum illustrandas. CSCO 17, Syr. II.37 [17]. Paris: E Typographeo Reipublicae, 1907, 1933. (Leuven: Peeters, 1955.)
SevAnt:Epist	Ref A: Brooks, Ernest Walter, ed. A Collection of Letters of Severus of Antioch from Numerous Syriac Manuscripts. Patrologia Orientalis 12.2 [58]. Paris: Firmin-Didot, 1916. (Turnhout: Brepols, 1985.) | Ref B: Brooks, Ernest Walter, ed. A Collection of Letters of Severus of Antioch from Numerous Syriac Manuscripts. II.  Patrologia Orientalis 14.1 [67]. Paris: Firmin-Didot, 1920. (Turnhout: Brepols, 1988.)
SevAnt:LuqGramm	Ref A: Lebon, Joseph, ed. Severi Antiocheni Liber contra impium Grammaticum: oratio prima et secunda. CSCO 111, Syr. IV.4 [58]. Paris: E Typographeo Reipublicae, 1938. (Leuven: L. Durbecq, 1952.) | Ref B: Lebon, Joseph, ed. Severi Antiocheni Liber contra impium Grammaticum: orationes tertiae pars prior. CSCO 93 Syr. IV.5 [45] . Leuven: L. Durbecq, 1929. ( Leuven: L. Durbecq, 1952.) | Ref C: Lebon, Joseph, ed. Severi Antiocheni Liber contra impium Grammaticum: orationes tertiae pars posterior. CSCO 101, Syr. IV.6 [50]. Paris: E Typographeo Reipublicae, 1933. (Leuven: L. Durbecq, 1952.) 
SevAnt:LuqJul	Ref A: Hespel, Robert, ed. Sévère d’Antioche. La polémique antijulianiste, I: Premier échange de lettres. Deuxième échange de lettres. Critique du Tome de Julien. Troisième échange de lettres. Réfutation des Propositions hérétiques. CSCO 244-245, Syr. 104-105. Leuven: Secrétariat du CorpusSCO, 1964. | Ref B: Hespel, Robert, ed. Sévère d’Antioche. La polémique antijulianiste, II.A: Le Contra additiones Juliani. CSCO 295-296, Syr. 124-125. Leuven: Secrétariat du CorpusSCO, 1968. | Ref C: Hespel, Robert, ed. Sévère d’Antioche. La polémique antijulianiste, II.B: L’Adversus apologiam Juliani. CSCO 301-302, Syr. 126-127. Leuven: Secrétariat du CorpusSCO, 1969. | Ref D: Hespel, Robert, ed. Sévère d’Antioche. La polémique antijulianiste, III: L’Apologie du Philalèthe. CSCO 318-319, Syr. 136-137. Leuven: Secrétariat du CorpusSCO, 1971.
SevAnt:MadHymn	Ref A: Brooks, Ernest Walter, ed. James of Edessa. The Hymns of Severus of Antioch and Others. Patrologia Orientalis 6.1 [26]. Paris: Firmin-Didot, 1911. (Turnhout: Brepols, 2003.) | Ref B: Brooks, Ernest Walter, ed. James of Edessa. The Hymns of Severus of Antioch and Others. Patrologia Orientalis 7.5 [35]. Paris: Firmin-Didot, 1911. (Turnout: Brepols, 2003.)
Šub:BkGifts	Lane, David J., ed. Šubhalmaran. The Book of Gifts. CSCO 612-613, Syr. 236-237. Leuven: Peeters, 2004.
SigPriestsDoctrThdsAl	Chabot, Jean Baptiste, ed. Documenta ad origines monophysitarum illustrandas. CSCO 17, Syr. II.37 [17]. Paris: E Typographeo Reipublicae, 1907, 1933. (Leuven: Peeters, 1955.)
SilwQard:ScholUrmApp	Hespel, Robert, ed. Théodore bar Koni. Livre des Scolies (recension d’Urmiah). Les collections annexées par Sylvain de Qardu. CSCO 464-465, Syr. 197-198. Leuven: Peeters, 1984.
ṢlibaManṣ:MemGreekDrs	Nau, François, ed. Documents pour servir à l’histoire de l’Église nestorienne: I. Quatre Homélies de saint Jean Chrysostome; II. Textes monophysites: Homélies d’Érechthios; Fragments divers; Extraits de Timothée Ælure, de Philoxène, de Bar Hébraeus; III. Histoire de Nestorius, d’après la lettre à Cosme et l’hymne de S. Patrologia Orientalis 13.2 [63]. Paris: Firmin-Didot, 1917. (Turnhout: Brepols, 1993.)
SophrJer:EpArcadCyp	Albert, Micheline and von Schönborn, Christoph. Lettre de Sophrone de Jérusalem à Arcadius de Chypre: version syriaque inédite du texte grec perdu. Patrologia Orientalis 39.2 [179]. Turnhout: Brepols, 1978.
SynWestSyr	Ref A: Vööbus, Arthur, ed. The Synodicon in the West Syrian Tradition I. CSCO 367-368, Syr. 161-162. Leuven: Secrétariat du CorpusSCO, 1975. | Ref B: Vööbus, Arthur, ed. The Synodicon in the West Syrian Tradition II. CSCO 375-376, Syr. 163-164. Leuven: Secrétariat du CorpusSCO, 1976.
ThdrAl:EpPaulAnt	Chabot, Jean Baptiste, ed. Documenta ad origines monophysitarum illustrandas. CSCO 17, Syr. II.37 [17]. Paris: E Typographeo Reipublicae, 1907, 1933. (Leuven: Peeters, 1955.)
ThdrAl:EpSynodPaulAnt	Chabot, Jean Baptiste, ed. Documenta ad origines monophysitarum illustrandas. CSCO 17, Syr. II.37 [17]. Paris: E Typographeo Reipublicae, 1907, 1933. (Leuven: Peeters, 1955.)
ThdrMops:ComGospJohn	Vosté, Jacques Marie, ed. Theodori Mopsuesteni Commentarius in Evangelium Iohannis Apostoli. CSCO 115-116, Syr. 62-63. Leuven: Secrétariat du CorpusSCO, 1940.
ThdsAl:EpAgTritheites	Chabot, Jean Baptiste, ed. Documenta ad origines monophysitarum illustrandas. CSCO 17, Syr. II.37 [17]. Paris: E Typographeo Reipublicae, 1907, 1933. (Leuven: Peeters, 1955.)
ThdsAl:EpBishsEast	Chabot, Jean Baptiste, ed. Documenta ad origines monophysitarum illustrandas. CSCO 17, Syr. II.37 [17]. Paris: E Typographeo Reipublicae, 1907, 1933. (Leuven: Peeters, 1955.)
ThdsAl:EpBishsEgypt	Chabot, Jean Baptiste, ed. Documenta ad origines monophysitarum illustrandas. CSCO 17, Syr. II.37 [17]. Paris: E Typographeo Reipublicae, 1907, 1933. (Leuven: Peeters, 1955.)
ThdsAl:EpEastOrthBishs	Chabot, Jean Baptiste, ed. Documenta ad origines monophysitarum illustrandas. CSCO 17, Syr. II.37 [17]. Paris: E Typographeo Reipublicae, 1907, 1933. (Leuven: Peeters, 1955.)
ThdsAl:EpEccCanons	Chabot, Jean Baptiste, ed. Documenta ad origines monophysitarum illustrandas. CSCO 17, Syr. II.37 [17]. Paris: E Typographeo Reipublicae, 1907, 1933. (Leuven: Peeters, 1955.)
ThdsAl:EpJacBurd&OtherEastBishs	Chabot, Jean Baptiste, ed. Documenta ad origines monophysitarum illustrandas. CSCO 17, Syr. II.37 [17]. Paris: E Typographeo Reipublicae, 1907, 1933. (Leuven: Peeters, 1955.)
ThdsAl:EpPaulAnt	Chabot, Jean Baptiste, ed. Documenta ad origines monophysitarum illustrandas. CSCO 17, Syr. II.37 [17]. Paris: E Typographeo Reipublicae, 1907, 1933. (Leuven: Peeters, 1955.)
ThdsAl:EpPeopAlexandria	Chabot, Jean Baptiste, ed. Documenta ad origines monophysitarum illustrandas. CSCO 17, Syr. II.37 [17]. Paris: E Typographeo Reipublicae, 1907, 1933. (Leuven: Peeters, 1955.)
ThdsAl:EpSevAnt	Chabot, Jean Baptiste, ed. Documenta ad origines monophysitarum illustrandas. CSCO 17, Syr. II.37 [17]. Paris: E Typographeo Reipublicae, 1907, 1933. (Leuven: Peeters, 1955.)
ThdsAl:EpThdrAl	Chabot, Jean Baptiste, ed. Documenta ad origines monophysitarum illustrandas. CSCO 17, Syr. II.37 [17]. Paris: E Typographeo Reipublicae, 1907, 1933. (Leuven: Peeters, 1955.)
ThdsAl:FirstἈνατtoPaulAnt	Chabot, Jean Baptiste, ed. Documenta ad origines monophysitarum illustrandas. CSCO 17, Syr. II.37 [17]. Paris: E Typographeo Reipublicae, 1907, 1933. (Leuven: Peeters, 1955.)
ThdsAl:MemRightFaith	Chabot, Jean Baptiste, ed. Documenta ad origines monophysitarum illustrandas. CSCO 17, Syr. II.37 [17]. Paris: E Typographeo Reipublicae, 1907, 1933. (Leuven: Peeters, 1955.)
ThdsAl:SecondἈνατtoPaulAnt	Chabot, Jean Baptiste, ed. Documenta ad origines monophysitarum illustrandas. CSCO 17, Syr. II.37 [17]. Paris: E Typographeo Reipublicae, 1907, 1933. (Leuven: Peeters, 1955.)
ThomPresb:LiberCalExtSev	Kugener, Marc-Antoine, ed. Sévère, patriarche d’Antioche, 512-518: textes syriaques publiés, traduits et annotés. Pt. 2: Vie de Sévère par Jean, supérieur du monastère de Beith-Aphtonia, avec divers textes syriaques, grecs et latins. Patrologia Orientalis 2.3 [8]. Paris: Firmin-Didot, 1904. (Turnhout: Brepols, 2003.)
Tim1:DispCalMahdi	Heimgartner, Martin, ed. Timotheos I., Ostsyrischer Patriarch. Disputation mit dem Kalifen al-Mahdī. CSCO 631-632, Syr. 244-245. Leuven: Peeters, 2011.
Tim1:Ep42-58	Heimgartner, Martin (ed.), "Die Briefe 42-58 des Ostsyrischen Patriarchen Timotheos I". CSCO 644-645, Syr. 248-249. Leuven: Peeters, 2012.
TimAel:Writ	Nau, François, ed. Documents pour servir à l’histoire de l’Église nestorienne: I. Quatre Homélies de saint Jean Chrysostome; II. Textes monophysites: Homélies d’Érechthios; Fragments divers; Extraits de Timothée Ælure, de Philoxène, de Bar Hébraeus; III. Histoire de Nestorius, d’après la lettre à Cosme et l’hymne de S. Patrologia Orientalis 13.2 [63]. Paris: Firmin-Didot, 1917. (Turnhout: Brepols, 1993.)
ZachRhet:ActsSev	Ambjörn, Lena. The Life of Severus by Zachariah of Mytilene. Texts from Christian Late Antiquity 9. Piscataway, NJ: Gorgias , 2008. [Kugener, Marc-Antoine, ed. Sévère, patriarche d’Antioche, 512-518: textes syriaques publiés, traduits et annotés. Pt. 1: Vie de Sévère par Zacharie le Scholastique. Patrologia Orientalis 2.1 [6]. Paris: Firmin-Didot, 1903.]
Eph:LuqHer2	Mitchell, C.W., S. Ephraim’s Prose Refutations of Mani, Marcion, and Bardaisan. 2 vols (London: Williams and Norgate, 1912, 1921).
Nars:Hom	Mar Eshai Shimun XXIII. Homilies of Mar Narsai. 2 vols. San Francisco: Patriarchal Press, 1970.
Arist:DeIntAnon	HunaynNET: https://hunaynnet.oeaw.ac.at/de_interpretatione.html#de_int_syr_anon
Arist:CatSyrJacob	HunaynNET: https://hunaynnet.oeaw.ac.at/categoriae.html#cat_syr_jacob
Porph:IsaSyrAnon	HunaynNET: https://hunaynnet.oeaw.ac.at/isagoge.html#isa_syr_anon
Arist:DeMundo	HunaynNET: https://hunaynnet.oeaw.ac.at/de_mundo.html#de_mundo_syr
Arist:CatSyrAnon	HunaynNET: https://hunaynnet.oeaw.ac.at/categoriae.html#cat_syr_anon
Arist:DeIntGeorg	HunaynNET: https://hunaynnet.oeaw.ac.at/de_interpretatione.html#de_int_syr_george
Porph:IsaSyrAth	HunaynNET: https://hunaynnet.oeaw.ac.at/isagoge.html#isa_syr_athanasius
Arist:CatSyrGeorg	HunaynNET: https://hunaynnet.oeaw.ac.at/categoriae.html#cat_syr_george
Arist:Poet	HunaynNET: https://hunaynnet.oeaw.ac.at/poetics.html#poet_syr
Arist:DeVirt	HunaynNET: https://hunaynnet.oeaw.ac.at/de_virtutibus.html#de_virt_syr
Arist:AnPrI1-7Proba	HunaynNET: https://hunaynnet.oeaw.ac.at/analytica_priora_I_1-7.html#anpr_1_1-7_syr_proba
Arist:AnPrIIGeorg	HunaynNET: https://hunaynnet.oeaw.ac.at/analytica_priora_II.html#anpr_2_syr_george
Arist:AnPrI1-7Georg	HunaynNET: https://hunaynnet.oeaw.ac.at/analytica_priora_I_1-7.html#anpr_1_1-7_syr_george
Hippoc:AphoSyr	HunaynNET: https://hunaynnet.oeaw.ac.at/aphorisms.html#aph_syr
ElemEucl	HunaynNET: https://hunaynnet.oeaw.ac.at/elements.html#elem_syr
Gal:SimpMed	HunaynNET: https://hunaynnet.oeaw.ac.at/smt6.html#SMT_6_syr
Arist:AnPrI8-46Georg	HunaynNET: https://hunaynnet.oeaw.ac.at/analytica_priora_I_8-46.html#anpr_1_8-46_syr_george
Gal:ArsMed	HunaynNET: https://hunaynnet.oeaw.ac.at/ars_medica.html#ars_syr
1-2SamJacEd	Salvesen, A., The Books of Samuel in the Syriac Version of Jacob of Edessa (Monographs of the Peshiṭta Institute Leiden 10; Leiden: Brill, 1999).
20CanNicea	Smelova, Natalia, "The Canons of the First Ecumenical Council in the Manuscript IOM, RAS Syr. 34"  Written Monuments of the Orient 1 (2016): 35-63.
PrayFast	Baumstark, Anton, ed. “Zwei syrisch erhaltene Festgebete des byzantinischen Ritus,” Oriens Christianus III, 14 [36] (1939): 52-67. (Piscataway, NJ: Gorgias Press, 2010).
2SoghJosWife	Brock, Sebastian P., “Joseph and Potiphar’s Wife (Genesis 39): Two Anonymous Dispute Poems,” in: W.J. van Bekkum, J.W. Drijvers and A.C. Klugkist (eds.), Syriac Polemics: Studies in Honour of Gerrit Jan Reinink (Orientalia Lovaniensia Analecta 170; Leuven: Peeters, 2007), 41-57.
2TreatDivin	Furlani, Giuseppe, “Due trattatelli enodiomantici in siriaco,” Rendiconti della Reale Accademia Nazionale dei Lincei. Classe di scienze morali, storiche e filologiche V, 28 (1919), 355-366.
2TreatPalmom	Furlani, Giuseppe, “Due trattati palmomantici in siriaco,” Rendiconti della Reale Accademia Nazionale dei Lincei. Classe di scienze morali, storiche e filologiche V, 26 (1917), 719-732.
2ndHomNativ	Moulin Paliard, C., Pasquet, C., and Vibert, C., “La seconde homélie syriaque anonyme sur la Nativité du manuscrit BL Add. 17 181,” Parole de l’Orient 35 (2010), 519-569.
3CollProem	Mateos, J., “Trois recueils anciens de Prooemia syriens,” Orientalia Christiana Periodica 33 (1967), 457-482.
3ESComBapt	Brock, Sebastian P., “Some Early Syriac Baptismal Commentaries,” Orientalia Christiana Periodica 46 (1980), 20-61.
3ExcWillOpChrist	Conterno, M., “Three Unpublished Texts on Christ’s Unique Will and Operation from the Syriac Florilegium in the ms. London, British Library, Add. 14535,” Millennium 10 (2013), 115-144.
3SoghMarina	Brock, Sebastian P., “St Marina and Satan: A Syriac Dialogue Poem,” Collectanea Christiana Orientalia 5 (2008), 35-57.
4Macc	Bensly, R.L., and Barnes, W.E., ed. and trans. The Fourth Book of Maccabees and Kindred Documents in Syriac First Edited on Manuscript Authority (Cambridge: Cambridge University Press, 1895).
Aba1:MarrLaw	Sachau, Eduard, ed. Syrische Rechtsbücher. Dritter Band: Corpus juris des persischen Erzbischofs Jesubocht. Erbrecht oder Canones des persischen Erzbischofs Simeon. Eherecht des Patriarchen Mâr Abhâ aus der römischen Handscriften. Berlin: G. Reimer, 1914.
Aba2:EpSchSeleuc	Chabot, J.B., “La Lettre du catholicos Mar-Aba II aux membres de l’école patriarcale de Séleucie,” in: Actes du Onzième Congrès International des Orientalistes, Paris–1897. Quatrième section: hébreu – phénicien – araméen – éthiopien – assyrien (Paris: Imprimerie nationale, 1898), 295-335.
AbbrevHimyMartyr	Devos, P., “L’abrégé syriaque BHO 104 sur les martyrs ḥimyarites,” Analecta Bollandiana 90:3-4 (1972), 337-359.
AbdGaz:LamExile	Pritula, Anton, “A Poem on Exile by ‘Aḇdīšō‘ of Gāzartā,” Христианский Восток 9 [15] (2021), 131-140.
AbrZab:HistRabBarʿIdta	Budge, Ernest A. Wallis, ed. The Histories of Rabban Hôrmîzd the Persian and Rabban Bar-ʿIdtâ: The Syriac Texts Edited with English Translations. Vol. 1.  Luzac's Semitic Text and Translation Series 9. London: Luzac, 1902.
ActsJn	Wright, William, ed. Apocryphal Acts of the Apostles, Edited from Syriac Manuscripts in the British Museum and Other Libraries. London / Edinburgh: Williams and Norgate, 1871.
ActsThom	Wright, William, ed. Apocryphal Acts of the Apostles, Edited from Syriac Manuscripts in the British Museum and Other Libraries. London / Edinburgh: Williams and Norgate, 1871.
ActsMattAndr	Wright, William, ed. Apocryphal Acts of the Apostles, Edited from Syriac Manuscripts in the British Museum and Other Libraries. London / Edinburgh: Williams and Norgate, 1871.
ActsPaulThec	Wright, William, ed. Apocryphal Acts of the Apostles, Edited from Syriac Manuscripts in the British Museum and Other Libraries. London / Edinburgh: Williams and Norgate, 1871.
ActsPhilox	White, J., Actuum apostolorum et epistolarum tam catholicarum quam paulinarum, versia syriaca Philoxeniana, ex codice Ms. Ridleiano in Bibl. Coll. Nov. Oxon. reposito nunc primum edita cum interpretatione et annotationibus. 2 vols (Oxonii: Typographeo Clarendoniano, 1799, 1803).
ActsSharb	Cureton, William, ed. Ancient Syriac Documents Relative to the Earliest Establishment of Christianity in Edessa and the Neighbouring Countries, from the Year after Our Lord’s Ascension to the Beginning of the Fourth Century. London / Edinburgh: Williams and Norgate, 1864.
ActsSilv	Di Rienzo, A., “Gli Actus Silvestri nella tradizione in lingua siriaca: il testimone contenuto nel manoscritto BL Add 12 174,” Adamantius 22 (2016), 328-348.
ActsEph449	Flemming, Johannes Paul Gotthilf. Akten Der Ephesinischen Synode Vom Jahre 449: Syrisch. Weidmann, 1917.
AddaiII:HomOrdHymnIntro	ܟܬܒܐ ܕܬܘܪ̈ܓܡܐ ܘܪܘܫܡܐ ܕܛܟܣܐ ܕܡܫܡ̈ܢܐ ܘܕܒܝܡ ܥܡ ܣܘܓܝ̈ܬܐ, Chicago: 1996.
Admon	of Beth Benyamin, Giwargis, ed. "ܬܘܪ̈ܓܡܐ ܠܡܥܠܝܘܬ ܐܘܢܓܠܝܘܢ ܕܚܕܒܫܒ̈ܐ ܘܕܥܐܕ̈ܐ ܘܕܕܘܟܪ̈ܢܐ", Baghdad: Nineveh Press, 1968. 
AdvicePhilosoph	Sachau, Eduard, ed. Inedita Syriaca: Eine Sammlung syrischer Übersetzungen von Schriften griechischer Profanliteratur, mit einem Anhang, aus den Handschriften des Brittischen Museums herausgegeben. Wien: K.K. Hof- und Staatsdruckerei, 1870.
Agathang:HistGeorgArm	van Esbroeck, M., “Le résumé syriaque de l’Agathange,” Analecta Bollandiana 95:3-4 (1977), 291-358.
Aḥud:MemCompMan	Chabot, J.B., “Notice sur deux manuscrits contenant les œuvres du moine Isaac de Rabban Isho et du métropolitain Ahoudemmeh,” Notices et extraits des manuscrits de la Bibliothèque Nationale et autres bibliothèques 43 (1965), 43-76.
AlEzGabr:LifeZayaIntro1	ܬܫܥܝܬܐ ܕܩܕܝܫܐ ܡܪܝ ܙܝܥܐ ܥܡ ܕܡܪܝ ܬܒܘܪ ܪܠܡܝܕܗ, Chicago: Alpha Graphic, 1990.
AlKam:Theol	Ibrahim, Gregorios Yohanna ed., Dolabani, Filoksinos Yuḥanon trans., Seven, Hanna trans., "The Book of Theology I II III by Michael Mina", Aleppo: Mardin Publishing House, 1998.
AmRYos:LifeZayaIntro2	ܬܫܥܝܬܐ ܕܩܕܝܫܐ ܡܪܝ ܙܝܥܐ ܥܡ ܕܡܪܝ ܬܒܘܪ ܪܠܡܝܕܗ, Chicago: Alpha Graphic, 1990.
AmbrAl:Hypomn	Cureton, W., ed. and trans. Spicilegium Syriacum Containing Remains of Bardesan, Meliton, Ambrose and Mara Bar Serapion. London: F. & J. Rivington, 1855.
Ammonas:Epist	Kmosko, Michael, ed. Ammonii Eremitae Epistolae. Patrologia Orientalis 10.6 [51]. Paris: Firmin-Didot, 1915.
Ammonas:Sayings	Nau, François, ed. Ammonas, successeur de Saint Antoine: textes grecs et syriaques. Patrologia Orientalis 11.4 [55]. Paris: Firmin-Didot, 1914.
AmphIcon:HomJn14:28	Moss, Cyril, “Amphilochius of Iconium on John 14, 28: “The Father Who Sent Me, Is Greater Than I”,” Le Muséon 43 (1930), 317-364.
AmphIcon:Orthod	van Rompay, L., “Amphilochii Iconiensis De Recta Fide,” in: C. Datema (ed.), Amphilochii Iconiensis opera: orationes, pluraque alia quae supersunt, nonnulla etiam spuria (Corpus Christianorum Series Graeca 3; Turnhout: Brepols / Leuven: University Press, 1978), 309-319.
Anaph12AposRecA	Raes, Alfons, "Anaphora duodecim apostolorum prima", Anaphorae Syriacae 1.2. Rome, Pontificium Institutum Orientalium Studiorum, 1940: 203-227.
Anaph12AposRecB	Raes, Alfons, "Anaphora duodecim apostolorum secunda", Anaphorae Syriacae 1.2. Rome, Pontificium Institutum Orientalium Studiorum, 1940: 229-263.
Anaph1985	Çiçek, Julius Yeshu, ed. "ܐܢܦܘܪܐ", Holland: Monastery of Mar Ephrem, 1985.
Anaph2010	Ürek, Gregorius Melki, ed. "ܐܢܦܘܪܐ", Turkey: Archdiocese of Adiyaman, 2010.
AnaphCyrilAlJer	Raes, Alfons, "Anaphora Syriaca Cyrilli Hierosolymitani vel Cyrilli Alexandrini", Anaphorae Syriacae 1.3. Rome, Pontificium Institutum Orientalium Studiorum, 1944. 323-363.
AnaphDivLit	Nayis, Philoxenos Mattias, al-Khouri, Matta, eds. "ܐܢܦܘܪܐ ܬܫܡܫܬܐ ܕܩܘܪܒܐ ܐܠܗܝܐ. The Anaphora: The service book of the Divine Liturgy. الاأنافورا كتاب خدمة الذبيحة الإلهية", Damascus: Syriac Orthodox Patriarchate of Antioch, 2012.
AnaphJames	Connolly, R.H., and Codrington, H.W., Two Commentaries on the Jacobite Liturgy by George Bishop of the Arab Tribes and Moses Bar Kepha, together with the Syriac Anaphora of St. James and a Document Entitled The Book of Life (London: Williams and Norgate, 1913).
AnaphJnSaba	Raes, Alfons, "Anaphora Ioannis Sabae", Anaphorae Syriacae 2.1. Rome, Pontificium Institutum Orientalium Studiorum, 1951. 85-103.
AnaphMalank	ܟܬܒܐ ܕܛܟܣܐ ܕܐܢܢܦܘܪܐ, Udayigiri, India: Seminary Publications, 1993.
AnaphParadPilat	Gibson, M.D., Apocrypha Sinaitica (Studia Sinaitica 5; London: C.J. Clay and Sons, 1896).
AnaphThom	Raes, Alfons, "Anaphora Syriaca S. Thomae Apostoli", Anaphorae Syriacae 2.3. Rome, Pontificium Institutum Orientalium Studiorum, 1973, 329-351.
AndrSam:EpRabbula	Pericoli Ridolfini, F.S., “Lettera di Andrea di Samosata a Rabbûlâ di Edessa,” Rivista degli Studi Orientali 28 (1953), 153-169.
AndronAsaph	Mingana, Alphonse, ed. "Some Early Judeo-Christian Documents in the John Rylands Library", Manchester: The University Press, 1917.
AnonPreceptsHistAhiqar	Nau, François, ed. and trans. "Préceptes anonymes et histoire d'Ahiqar, d'après le ms. de Berlin Sachau 162," Revue de l’Orient chrétien II, 9:2 [19] (1914), 209-214. Piscataway, NJ: Gorgias Press, 2010.)
LgndMacc	Bensly, R.L., and Barnes, W.E., ed. and trans. The Fourth Book of Maccabees and Kindred Documents in Syriac First Edited on Manuscript Authority (Cambridge: Cambridge University Press, 1895).
MimMacc	Bensly, R.L., and Barnes, W.E., ed. and trans. The Fourth Book of Maccabees and Kindred Documents in Syriac First Edited on Manuscript Authority (Cambridge: Cambridge University Press, 1895).
NotePhilox	Vaschalde, Arthur A., ed. and trans. Three Letters of Philoxenus Bishop of Mabbôgh (485–519), Being the Letter to the Monks, the First Letter to the Monks of Beth-Gaugal, and the Letter to Emperor Zeno. Facultas Philosophiae 2; Roma: Tipografia della R. Accademia dei Lincei, 1902.
AnṭTagr:BkRhet	Sewan d-Beth Qermez, E., The Book of the Rhetoric by Anthony Rhitor of Tagrit (Stockholm: Forfatteres Bokmaskin, 2000).
AnṭTagr:Pray	Bäss, P., “Gebete des Anton von Tagrit,” in: Paul de Lagarde und die syrische Kirchengeschichte (Göttingen: Göttinger Arbeitskreis für syrische Kirchengeschichte, 1968), 8-18.
AnthCp:EpJacBurd	Rahmani, Ignatius Ephraem, ed. Studia Syriaca, seu collectio documentorum hactenus ineditorum ex codicibus Syriacis. Fasc. III: Vetusta Documenta Liturgica. Primo Edidit Latin Vertit Notis Illustrative. Monte Libano: Typis Patriarchalibus in Seminario Scharfensi, 1908.
AnthPoems	ܟܦܐ ܕܗܒܒ̈ܐ ܠܒܢ̈ܝ ܓܢ̈ܐ ܚܒܝ̈ܒܐ, Jerusalem: Monastery of Saint Mark, 1929.
AnthCp:MemToJustinian	van Roey, Albert, and Allen, P., ed. and trans. Monophysite Texts of the Sixth Century. Orientalia Lovaniensia Analecta 56; Leuven: Peeters, 1994.
Antiph	Heiming, Odilo, ed. and trans. "Die 'Enjânêhirmen der Berliner Handschrift Sach. 349," Oriens Christianus 17 (1930), 19-55 (Piscataway, NJ: Gorgias Press, 2010.)
Aphni:ChKnow	Kalinin, M.G., and Preobrazhensky, A.M., “‘The Chapters on Knowledge’ of Rabban Aphnīmāran: The Syriac and Arabic Manuscripts Traditions. Part I: A Critical Edition, Translation from Syriac and Arabic and Notes,” Библия и христианская древность 1 [5] (2020), 15-64 [in Russian]
ApocDan	Henze, M., The Syriac Apocalypse of Daniel: Introduction, Text and Commentary (Studies and Texts in Antiquity and Christianity 11; Tübingen: Mohr Siebeck, 2001).
ApocJn	Heide, M., “Die syrische Apokalypse oder Offenbarung an Johannes: Kritische Edition der harklensischen Textzeugen,” in: M. Sigismund and D. Müller (eds.), Studien zum Text der Apokalypse II (Arbeiten zur neutestamentlichen Textforschung 50; Berlin / Boston: Walter de Gruyter, 2017), 81-187.
ApocOT	de Lagarde, P.A., Libri Veteris Testamenti apocryphi syriace (Leipzig: F.A. Brockhaus / London: Williams and Norgate, 1861).
ApocPaul	Ricciotti, G., “Apocalypsis Pauli syriace,” Orientalia NS 2:1 (1933), 1-25, 120-149.
Aristid:Apol	Pouderon, B., and Pierre, M.-J., ed. and trans. Aristide. Apologie (Sources chrétiennes 470; Paris: Cerf, 2003).
AssumMaryBL	Wright, William, Contributions to the Apocryphal Literature of the New Testament, Collected and Edited from Syriac Manuscripts in the British Museum, with an English Translation and Notes (London: Williams and Norgate, 1865).
AtasDB:GuideSeekBibLett	Seven, Hanna, trans. "The Guide of the Seekers to the Bible Translated from Arabic into Syriac by Hanna Seven (Kirmiz)", 1999.
Ps-Ath:Anaph	Baumstark, Anton, ed. and trans. 'Eine syrische "Liturgie S. Athanasii". Oriens Christianus 2 (1902), 90-129 (Piscataway, NJ: Gorgias Press, 2019.)
AthAl:BaptAddr	———. “A Baptismal Address attributed to Athanasius,” Oriens Christianus 61 (1977), 92-102.
AthAl:EpVirgJer	Lebon, J., “Athanasiana Syriaca. II: Une lettre attribué à saint Athanase d’Alexandrie,” Le Muséon 41 (1928), 169-216.
AthAl:MemVirg	Lebon, J., “Athanasiana Syriaca. I: Un Logos peri parthenias attribué à saint Athanase d’Alexandrie,” Le Muséon 40 (1927), 205-248.
AthIIBal:IntrLogic	Furlani, Giuseppe, “Contributi alla storia della filosofia greca in Oriente. Testi siriaci, VI. Una introduzione alla logica aristotelica di Atanasio di Balad,” Rendiconti della Reale Accademia Nazionale dei Lincei. Classe di scienze morali, storiche e filologiche V, 25 (1916), 717-778.
AthIIBal:EpSacrMusl	Ebied, R.Y., “The Syriac Encyclical Letter of Athanasius II, Patriarch of Antioch, which Forbids the Partaking of the Sacrifices of the Muslims,” in: P. Bruns and H.O. Luthe (eds.), Orientalia Christiana: Festschrift für Hubert Kaufhold zum 70. Geburtstag (Wiesbaden: Harrassowitz Verlag, 2013), 169-174.
AthAl:ExposPs	Thomson, Robert W., ed. Athanasiana Syriaca. Part IV: Expositio in Psalmos: 1. Abbreviated Version; 2. Longer Version. CSCO 386-387, Syr. 167-168. Leuven: Secrétariat du CorpusSCO, 1977.
AthAl:EpFest	Cureton, William, ed. The Festal Letters of Athanasius, Discovered in an Ancient Syriac Version. London: Society for the Publication of Oriental Texts, 1848.
AtticusConst:MemMotherGod	Lebon, J., “Discours d’Atticus de Constantinople “Sur la Sainte Mère de Dieu”,” Le Muséon 46:3-4 (1933), 167-202.
AttoS:SyrTurkDictIntro	Atto, Simon, "ܣܦܪ ܡܠ̈ܐ ܣܘܪܝܝܐ - ܬܘܪܟܝܐ. Süryanice - Türkçe Sözlük", Holland: Ikinci Baskı, 1990.
AydinE:LifeAnth	Aydin, Emmanuel, "Stern der Wüste: Heiliger Antonius. Çöl Yıldızı Aziz Antonyus", Istanbul: Gerçeğe Doğru Kitapları, 2006.
AydinJH:Hymnal2011Intro2	Savci, Yuhanun, ed. "ܩ̈ܠܐ ܘܢܥܡ̈ܬܐ ܠܦܘܬ ܛܟܣܐ ܕܥܕܬܐ ܣܘܪܝܝܬܐ ܬܪܝܨܬ ܫܘܒܚܐ ܕܐܢܛܝܘܟܝܐ", Giessen, Germany: Aram Druck, 2011.
AydinJH:OrdDivLitIntro	Aydin, Julius Henana, ed., "ܛܟܣܐ ܕܩܘܪܒܐ ܐܠܗܝܐ ܠܦܘܬ ܡܫܠܡܢܘܬܐ ܕܥܕܬܐ ܣܘܪܝܝܬܐ ܬܪܨܬ ܫܘܒܚܐ ܕܐܢܛܝܘܟ. Ordnung der göttlichen Operfung nach dem Ritus der syrisch-orthodoxen Kirche von Antiochien", Holland: Bar Hebraeus Verlag, 2009.
AydinN:MisfTurAbd	Aydin, Numan, "1915-1988 ܓܕܫ̈ܐ ܘܫܒ̈ܬܐ ܕܛܘܪ ܥܒܕܝܢ. ܚܘܪܒܐ ܕܕܝܪ̈ܬܐ ܘܩܬܠܐ ܕܕܝܪ̈ܝܝܐ", Holland: Bar Ebroyo Kloster, 1997.
BArbaya:EccHist2	Nau, François, ed. La seconde partie de l’Histoire de Barhadbešabba ‘Arbaïa et controverse de Théodore de Mopsueste avec les Macédoniens. Patrologia Orientalis 9.5 [45]. Paris: Firmin-Didot, 1913. (Turnhout: Brepols, 1983.)
BArbaya:EccHist1	Nau, F., ed. and trans. Barhadbesabba Arbaia: Histoire Ecclésiastique (Iére Partie). Patrologia Orientalis 23.2 [113]. Turnhout: Brepols, 1994.
BArbaya:ThdrMopsLuqMac	Nau, François, ed. La seconde partie de l’Histoire de Barhadbešabba ‘Arbaïa et controverse de Théodore de Mopsueste avec les Macédoniens. Patrologia Orientalis 9.5 [45]. Paris: Firmin-Didot, 1913. (Turnhout: Brepols, 1983.)
BGazo1995	ܒܝܬ ܓܙܐ ܢܥܡ̈ܬܐ ܕܥܕܬܐ ܣܘܪܝܝܬܐ, Holland: Bar Ebroyo Kloster, 1995.
BGazoKott1997	ܟܬܒܐ ܕܒܝܬ ܓܙܐ ܕܙܡܝܪ̈ܬܐ ܥܕܬܢܝ̈ܬܐ, Kottayam: 1997.
Bal:BurAaron	Overbeck, J.J., ed. S. Ephraemi Syri, Rabulae episcopi Edesseni, Balaei aliorumque opera selecta e codicibus syriacis manuscriptis in museo Britannico et bibliotheca Bodleiana asservatis primus edidit (Oxford: Clarendon Press, 1865).
Bal:MadrAqaq	Overbeck, J.J., ed. S. Ephraemi Syri, Rabulae episcopi Edesseni, Balaei aliorumque opera selecta e codicibus syriacis manuscriptis in museo Britannico et bibliotheca Bodleiana asservatis primus edidit (Oxford: Clarendon Press, 1865).
Bal:MadrDedChurch	Overbeck, J.J., ed. S. Ephraemi Syri, Rabulae episcopi Edesseni, Balaei aliorumque opera selecta e codicibus syriacis manuscriptis in museo Britannico et bibliotheca Bodleiana asservatis primus edidit (Oxford: Clarendon Press, 1865).
Bal:Memra8	Overbeck, J.J., ed. S. Ephraemi Syri, Rabulae episcopi Edesseni, Balaei aliorumque opera selecta e codicibus syriacis manuscriptis in museo Britannico et bibliotheca Bodleiana asservatis primus edidit (Oxford: Clarendon Press, 1865).
Bal:Supplic	Overbeck, J.J., ed. S. Ephraemi Syri, Rabulae episcopi Edesseni, Balaei aliorumque opera selecta e codicibus syriacis manuscriptis in museo Britannico et bibliotheca Bodleiana asservatis primus edidit (Oxford: Clarendon Press, 1865).
BarAbgare:CanBC	Kaufhold, H., Syrische Texte zum islamischen Recht: Das dem nestorianischen Katholikos Johannes V. bar Aḇgārē zugeschriebene Rechtsbuch (Abhandlungen der Bayerischen Akademie der Wissenschaften, Philologisch-Historische Klasse NF 74; München: Verlag der Bayerischen Akademie der Wissenschaften, 1971).
BarAbgare:CanD	Kaufhold, H., Syrische Texte zum islamischen Recht: Das dem nestorianischen Katholikos Johannes V. bar Aḇgārē zugeschriebene Rechtsbuch (Abhandlungen der Bayerischen Akademie der Wissenschaften, Philologisch-Historische Klasse NF 74; München: Verlag der Bayerischen Akademie der Wissenschaften, 1971).
BarʾAywās:ColXHistAlexGreat	Budge, Ernest A. Wallis, ed. and trans. The History of Alexander the Great, Being the Syriac Version of the Pseudo-Callisthenes. Cambridge: Cambridge University Press, 1889.
BarBahr:OrdoMarrInhLaw	Selb, W., ‘Aḇdīšō‘ Bar Bahrīz. Ordnung der Ehe und der Erbschaften sowie Entscheidung von Rechtsfällen (Sitzungsberichte der Österreichische Akademie der Wissenschaften, Philosophisch-Historische Klasse 268.1; Wien: Hermann Böhlaus Nachfolger, 1970).
BarBrikha:BkPearl	ܟܬܒܐ ܕܡܬܩܪܐ ܡܪܓܢܝܬܐ ܕܥܠ ܫܪܪܐ ܒܟܪܣܛܝܢܘܬܐ ܕܥܒܝܕ ܠܡܪܝ ܥܒܕܝܫܘܥ ܡܝܛܪܦܘܠܝܛܐ ܕܨܘܒܐ ܘܕܐܪܡܢܝܐ, Mosul: Assyrian Press of the Ancient Church of the East, 1924.
BarBrikha:HomFeast	of Beth Benyamin, Giwargis, ed. "ܬܘܪ̈ܓܡܐ ܠܡܥܠܝܘܬ ܐܘܢܓܠܝܘܢ ܕܚܕܒܫܒ̈ܐ ܘܕܥܐܕ̈ܐ ܘܕܕܘܟܪ̈ܢܐ", Baghdad: Nineveh Press, 1968. 
BarBrikha:Nomocanon	Mai, A., Scriptorum veterum nova collectio e vaticanis codicibus edita. Tomus 10 (Roma: Typis Collegii Urbani, 1838).
BarBrikha:OrdoIudic	Kaufhold, Hubert, Ebedjesus von Nisibis “Ordo iudiciorum ecclesiasticorum”: Eine Zusammenstellung der kirchlichen Rechtsbestimmungen der ostsyrischen Kirche im 14. Jahrhundert (Eichstätter Beiträge zum Christlichen Orient 7; Wiesbaden: Harrassowitz Verlag, 2019).
BarEbr:AnaphJames2	Raes, Alfons, "Anaphora Syriaca Minor Sancti Iacobi Fratris Domini", Anaphorae Syriacae 2.2. Rome, Pontificium Institutum Orientalium Studiorum, 1953. 181-209.
BarEbr:AscMind	Nau, François, Le Livre de l’ascension de l’esprit sur la forme du ciel et de la terre: cours d’astronomie rédigé en 1279 par Grégoire Aboulfarag, dit Bar Hebræus, publié pour la première fois d’après les manuscrits de Paris, d’Oxford et de Cambridge. 2 vols (Bibliothèque de l’École des hautes études, Sciences philologiques et historiques 121; Paris: É. Bouillon, 1899-1900).
BarEbr:BkSplend	Moberg, Axel, ed. and trans. Le Livre des Splendeurs: la grande grammaire de Grégoire Barhebraeus. Text syriaque édité d’après les manuscrits avec une introduction et des notes. Acta Regiae Societatis Humaniorum Litterarum Lundensis 4; Lund: C.W.K. Gleerup, 1922.
BarEbr:BkPupils	Steyer, C., Buch der Pupillen von Gregor Bar Hebräus nach vier Handschriften der Königlichen Bibliothek zu Berlin (Leipzig: August Pries, 1908).
BarEbr:BookRaysDisc4Chap6	Jacob, George Phillips, ed. A Letter by Mār Jacob, Bishop of Edessa, on Syriac Orthography; Also a Tract by the Same Author, and a Discourse by Gregory Bar Hebræus on Syriac Accents. Now Edited, in the Original Syriac, from Mss. in the British Museum, with an English Translation and Notes. London: Williams and Norgate, 1869.
BarEbr:CandSanctIX	Poirier, J.-H., ed. "Le Candélabre du Sanctuaire de Grégoire Abou’lfaradj dit Barhebræus. IX. Du libre arbitre". Patrologia Orientalis 43.2 [194]. Turnhout: Brepols, 1986.
BarEbr:CandSanctXII	Séd, N., ed. "Le Candélabre du Sanctuaire de Grégoire Abou’lfaradj dit Barhebræus. XII. Du paradis. Suivie du livre de rayons: traité X". Patrologia Orientalis 40.3 [184]. Turnhout: Brepols, 1981.
BarEbr:CandSanctX	Zigmund-Cerbü, E., ed. "Le Candélabre du Sanctuaire de Grégoire Abou’lfaradj dit Barhebræus. X. De la Résurrection". Patrologia Orientalis 35.2 [164]. Turnhout: Brepols, 1969.
BarEbr:CandSanct	Bakoš, Ján. Le Candélabre Du Sanctuaire de Grégoire Abou’lfaradj Dit Barhebræus, I–II. Firmin-Didot, 1930.
BarEbr:Chron	Bedjan, Paulus. Gregorii Barhebræi Chronicon Syriacum e Codd. Mss. Emendatum Ac Punctis Vocalibus Adnotationibusque Locupletatum. Maisonneuve, 1890.
BarEbr:ComGosp	Wilmot Eardley, Carr, ed. "Gregory Abu'l Faraj commonly called Bar-Hebræus. Commentary on the Gospels from the Horreum Mysteriorum", London: Society for Promoting Christian Knowledge, 1925.
BarEbr:CreamWisPoet	Margoliouth, David, "Analecta Orientalia ad Poeticam Aristoteleam", London: David Nutt, 1887.
BarEbr:CreamWisdFinal	Joosse, N.P., A Syriac Encyclopaedia of Aristotelian Philosophy: Barhebraeus (13th c.), Butyrum Sapientiae, Books of Ethics, Economy, and Politics. Aristoteles Semitico-Latinus 16; Leiden: Brill, 2004.
BarEbr:CreamWisdMeteor	Takahashi, H., Aristotelian Meteorology in Syriac: Barhebraeus, Butyrum Sapientiae, Books of Mineralogy and Meteorology. Aristoteles Semitico-Latinus 15; Leiden: Brill, 2004.
BarEbr:CreamWisdRhet	Watt, John W., ed. and trans. Aristotelian Rhetoric in Syriac: Barhebraeus, Butyrum Sapientiae, Book of Rhetoric. Aristoteles Semitico-Latinus 18; Leiden: Brill, 2005.
BarEbr:EpDenha	Chabot, Jean Baptiste, “Une lettre de Bar Hébréus au catholicos Denḥa Ier, publiée et traduite,” Journal asiatique IX, 11 (1898), 75-128.
BarEbr:Ethicon	Bedjan, Paulus. Ethicon; Seu, Moralia Gregorii Barhebraei. Otto Harrassowitz, 1898.
BarEbr:LaughStor	Budge, E.A.W., The Laughable Stories Collected by Mâr Gregory John Bar-Hebræus, Maphrian of the East from A.D. 1264 to 1268. Luzac’s Semitic Text and Translation Series 1. London: Luzac and Co., 1897.
BarEbr:Nomocanon	Bedjan, Paulus. Nomocanon Gregorii Barhebræi. Otto Harrassowitz, 1898.
BarEbr:PoemDivWis	Darauni, Ioannis Notayn, ed. "Carmen de Divina Sapientia Aucotre Celeberrimo Viro Abulpharagio Gregorio Filio Haronis Bar-Hebraeo", Rome: Sacra Congregatio de Propaganda Fide, 1880.
BarEbr:ProlBkSignsAdmon	Furlani, Giuseppe, “La versione siriaca del Kitāb al-išārāt wat-tanbīhāt di Avicenna,” Rivista degli Studi Orientali 21:1 (1945), 89-101.
BarEbr:ScholMatt	Spanuth, Johannes, ed. Gregorii Abulfarag bar Ebhraya in Evangelium Matthaei scholia. Göttingen: Dieterichsche Buchhandlung, 1879.
BarKepha:ComLit	Connolly, R.H., and Codrington, H.W., Two Commentaries on the Jacobite Liturgy by George Bishop of the Arab Tribes and Moses Bar Kepha, together with the Syriac Anaphora of St. James and a Document Entitled The Book of Life (London: Williams and Norgate, 1913).
BarKepha:HomMonProf	Aydin, E., Comparing the Syriac Order of Monastic Profession (ṭeksā d-sufārā d-dayrāyē) with the Order of Baptism (ṭeksā da-‘mādā) both in External Structure and in Theological Themes (Ph.D. dissertation; Princeton Theological Seminary, 2011).
BarKepha:MemTonsure	Aydin, E., Comparing the Syriac Order of Monastic Profession (ṭeksā d-sufārā d-dayrāyē) with the Order of Baptism (ṭeksā da-‘mādā) both in External Structure and in Theological Themes (Ph.D. dissertation; Princeton Theological Seminary, 2011).
BarKepha:ComBap	Varghese, Baby. "Moses bar Kepha Commentary on Baptism." The Harp 24 (2009): 55-82.
BarKepha:ComLuke	Saadi, Abdul-Massih. "Moshe bar Kepha’s Commentary on Luke: A Ninth Century Apology." Ph.D. dissertation, Lutheran School of Theology at Chicago, 1999.
BarKepha:CommRom	Reller, Jobst, ed. and trans. Mose bar Kepha und seine Paulinenauslegung, nebst Edition und Übersetzung des Kommentars zum Römerbrief. Göttinger Orientforschungen, I. Reihe: Syriaca 35; Wiesbaden: Otto Harrassowitz, 1994.
BarKepha:MemSanctMyr	Strothmann, W., Moses Bar Kepha. Myron-Weihe (Göttinger Orientforschungen, I. Reihe: Syriaca 7; Wiesbaden: Otto Harrassowitz, 1973).
JnMaʿdani:MemMush	Dolabani, F.Y., Mīmrē w-mūšḥātā d-sīmīn l-mār Yōḥannān bar Ma‘dani paṭriyarkā d-Anṭiyokyā (Jerusalem: Maṭba‘atā d-Dairā d-Mār Marqos, 1929).
BarMusaI:HymnLitIntro1	Bar Musa, I. ed. "ܟܬܒܐ ܕܙܡܝܪ̈ܬܐ ܘܕܩܝ̈ܢܬܐ ܕܩܘܪܒܐ ܐܠܗܝܐ ܐܟ ܥܝܕܐ ܕܥܕܬܐ ܣܘܪܝܝܬܐ ܬܪܝܨܬ ܫܘܒܚܐ ܕܐܢܛܝܘܟ", 
BarNun:LawCode	Sachau, Eduard, ed. "Syrische Rechtsbücher. Zweiter Band: Richterliche Urteile des Patriarchen Chenanischo. Gesetzbuch des Patriarchen Timotheos. Gesetzbuch des Patriarchen Jesubarnun". Berlin: G. Reimer, 1908.
BarNun:SelQPentat	Clarke, E.G., The Selected Questions of Ishō bar Nūn on the Pentateuch: Edited and Translated from MS Cambridge Add. 2017, with a Study of the Relationship of Ishō‘dādh of Merv, Theodore Bar Kōnī and Ishō bar Nūn on Genesis (Studia Post-Biblica 5; Leiden: E.J. Brill, 1962).
BarPawl:ComTabGent	Minov, Sergey, “A Syriac tabula gentium from the Early Abbasid Period: Dawid bar Pawlos on Genesis 10,” Христианский Восток 9 [15] (2021), 57-76.
BarPawl:Ep	Egrāteh d-Dāwid bar Pawlos d-metidā d-Bet Rabban, 750–840 (Mardin: Maṭbā‘tā suryāytā d-ḥekmtā, 1953).
JnPenk:BkMainPts10-15	Mingana, A., Sources syriaques. Vol. 1: Mšiḥa-Zkha (texte et traduction); Bar-Penkayé (texte) (Leipzig: Otto Harrassowitz, 1908).
JnPenk:MemFaith	Tamrazov, A.V., “Yōḥannān bar Penkāyē. On Faith and All Our Orthodox Fathers Who Worked and Prospered in It and Preached It Rightly for the Edification of the Church: Syriac Text, Russian Translation, Preface and Commentaries,” Библия и христианская древность 3 [11] (2021), 20-70 [in Russian].
BarQard:MemMush	Ḥadbšabbā, Š.Ī.ā., Kāmīs bar Qardāḥē. Mīmrē w-mūšḥātā (Prīsātā da-Nṣībīn 2; Nūhadrā, Iraq: Maṭbā‘tā d-šarīrūtā d-mardūtā, 2002).
BarQard:PoemBarEbrWine	Pritula, Anton, “Zwei Gedichte des Ḫāmīs bar Qardāḥē: Ein Hochgesang zu Ehren von Bar ‘Ebrōyō und ein Wein-Gedicht für die Khan-Residenz,” in: M. Tamcke and S. Grebenstein (eds.), Geschichte, Theologie und Kultur des syrischen Christentums: Beiträge zum 7. Deutschen Syrologie-Symposium in Göttingen, Dezember 2011 (Göttinger Orientforschungen, I. Reihe: Syriaca 46; Wiesbaden: Harrassowitz Verlag, 2014), 315-328.
BarQard:SoghRingdove	Pritula, Anton, “‘O Ringdove! Where Are You Heading For?’ A Syriac Dialogue Poem of the Late 13th Century,” in: D.W. Winkler (ed.), Syrische Studien: Beiträge zum 8. Deutschen Syrologie-Symposium in Salzburg 2014 (Orientalia ‒ Patristica ‒ Oecumenica 10; Wien: LIT Verlag, 2016), 351-360.
BarṢal:ComBapt	Varghese, B., Dionysius bar Salibi. Commentaries on Myron and Baptism (Mōrān ’Eth’ō 29; Kottayam: St. Ephrem Ecumenical Research Institute, 2006).
BarṢal:ComEvag	Çiçek, J.Y., Pušāqā d-Mawātā d-qaddīšā Mār Ewagrīs īḥīdāyā byad Mār Dīonysīus Ya‘qub Bar Ṣalībī. Nederland: Bar Hebraeus Verlag, 1991. (Piscataway, NJ: Gorgias Press, 2010).
BarṢal:ComJohn	Akçay, Nahir, ed. The Commentary on the Gospels by Dionysius Jacob Bar Salibi, Metropolitan of Amid († 1171) (Damascus: Department of Syriac Studies, Syriac Orthodox Patriarchate, 2019)
BarṢal:ComMyr	Varghese, B., Dionysius bar Salibi. Commentaries on Myron and Baptism (Mōrān ’Eth’ō 29; Kottayam: St. Ephrem Ecumenical Research Institute, 2006).
BarṢal:CommKoh	Strothmann, W., Kohelet-Kommentar des Dionysius bar Ṣalībī: Auslegung des Septuaginta-Textes (Göttinger Orientforschungen, I. Reihe: Syriaca 31; Wiesbaden: Otto Harrassowitz, 1988).
BarṢal:ConfFaith	Rabo, G., “Dionysius Jacob Bar Ṣalibi’s Confession of the Syrian Orthodox Faith,” Hekamtho: Syrian Orthodox Theological Journal 1:1 (2015), 20-39.
BarṢal:LuqJews	Ebied, R.Y., Malki, M., and Wickham, L.R., Dionysius Bar Ṣalībī’s Treatise Against the Jews: Edited and Translated with Notes and Commentary (Texts and Studies in Eastern Christianity 15; Leiden: Brill, 2020).
BarṢal:MemMich1	Chabot, J.B., “Discours du Jacques (Denys) bar Salibî à l’intronisation du patriarche Michel le Syrien,” Journal asiatique X, 11 (1908), 87-115.
BarṢal:ScholPsDionEH	Strothmann, W., Das Sakrament der Myron-Weihe in der Schrift De ecclesiastica hierarchia des Pseudo-Dionysios Areopagita in syrischen Übersetzungen und Kommentaren. 2 vols (Göttinger Orientforschungen, I. Reihe: Syriaca 15; Wiesbaden: Otto Harrassowitz, 1977-1978).
BarSerap:EpSon	Cureton, W., ed. and trans. Spicilegium Syriacum Containing Remains of Bardesan, Meliton, Ambrose and Mara Bar Serapion. London: F. & J. Rivington, 1855.
BarŠakko:BkTreas	Aydin, S., Bar Musa, I., and Aydin, I., Book of Treasures by Severos Jacob Bartella. Glane/Losser: Bar ‘Ebroyo Press, 2016.
BarŠakko:DialBk1Gramm	Merx, A. Historia artis grammaticae apud Syros, cui accedunt Severi bar Šakku dialogus de grammatica, Dionysii Thracis grammatica syriace translata, Iacobi Edesseni fragmenta grammatica cum tabula photolithographica, Eliae Tirhanensis et duorum anonymorum de accentibus tractatus (Abhandlungen für die Kunde des Morgenlandes 9.2; Leipzig: F.A. Brockhaus, 1889)
BarŠuš:EpCathoArm	Lichti, Otto. "Das Sendschreiben des Patriarchen Barschuschan an den Catholicus der Armenier." Journal of the American Oriental Society 32:3 (1912): 268-342.
BarṢuday:Hieroth	Marsh, F.S., The Book which is Called the Book of the Holy Hierotheos, with Extracts from the Prolegomena and Commentary of Theodosios of Antioch and from the “Book of Excerpts” and Other Works of Gregory Bar-Hebræus (Text and Translation Society 7; London: Williams and Norgate, 1927).
BarWahbun:EpMetrMich	Gerber, J., Zwei Briefe Barwahbuns, nebst einer Beilage: Das Schisma des Paulus von Beth-Ukkame (Halle an der Salle: Max Schmersow, 1911).
BarZarudi:ScholPsDionEH	Strothmann, W., Das Sakrament der Myron-Weihe in der Schrift De ecclesiastica hierarchia des Pseudo-Dionysios Areopagita in syrischen Übersetzungen und Kommentaren. 2 vols (Göttinger Orientforschungen, I. Reihe: Syriaca 15; Wiesbaden: Otto Harrassowitz, 1977-1978).
BarZoʿbi:ExplMyst	Seleznyov, N.N., Yōḥannān Вar Zō‘bī and his “Explanation of the Mysteries”: Critical Text, Russian Translation from Syriac, and Investigation (Moscow: Russian State University for the Humanities, 2014) [in Russian].
Bardai:LawsCount	François Nau. Le livre des lois des pays. Paris: Leroux, 1899.
BarṣNis:EpAqaq	Braun, O., “Des Barsaumā von Nisibis Briefe an den Katholikos Akak,” in: Actes du Dixième Congrès international des orientalistes: session de Genève, 1894. Troisième partie, section II: langues sémitiques (Leiden: E.J. Brill, 1896), 83-101
BarsVank:SongsFestIntro	ܙܡܝܪ̈ܬܐ ܕܚ̈ܓܐ ܡܪ̈ܢܝܐ, Jerusalem: Monastery of Saint Mark, 1929.
BarsoumIA:BkSwallAdd1	Nayis, Philoxenos Mattias, ed., "ܟܬܒܐ ܕܣܢܘܢܝܬܐ", Damascus: Mor Aphrem Monastery, 2000.
BarsoumIA_HistSyrDio_2009_01_c	Barsoum, Ignatius Aphram, ed. Al-Majalla al-Baṭriarkiyya al-Suryāniyya 5 (1938): 125-134
BarsoumIA:SacrBaptIntro	ܛܟܣܐ ܕܥܡܕܐ ܩܕܝܫܐ ܘܕܒܘܪܟ ܟܠܝܬܐ ܕܚܬ̈ܢܐ ܘܕܟܠ̈ܬܐ, Holland: Bar Ebroyo Kloster, 1989.
BarsoumIA:SacrMarrIntro	ܛܟܣܐ ܕܥܡܕܐ ܩܕܝܫܐ ܘܕܒܘܪܟ ܟܠܝܬܐ ܕܚܬ̈ܢܐ ܘܕܟܠ̈ܬܐ, Holland: Bar Ebroyo Kloster, 1989.
BarsoumIA:TreasPray	Seven, Hanna, trans., Barsoum, Ignatius Aphrem, "ܣܝܡܬܐ ܪܘܚܢܝܬܐ ܥܠ ܨܠܘܬܐ ܩܢܘܢܝܬܐ", Sweden: Gabriel Yalgin, 2005.
Basil:EpMonTell'ada	Albert, M., “Une lettre de Basile au Monastère de Tell‘ada,” in: G.J. Reinink and A.C. Klugkist (eds.), After Bardaisan: Studies on Continuity and Change in Syriac Christianity in Honour of Professor Han J.W. Drijvers (Orientalia Lovaniensia Analecta 89; Louvain: Peeters, 1999), 11-22.
Basil:QBro	Silvas, A.M., Basil of Caesarea. Questions of the Brothers: Syriac Text and English Translation. Texts and Studies in Eastern Christianity 3. Leiden: Brill, 2014.
Beh'Išo':MemMonWay	Blanchard, M.J., Beh Isho‘ Kamulaya’s Syriac Discourses on the Monastic Way of Life: Edition, English Translation, and Introduction. Ph.D. dissertation; The Catholic University of America, 2001.
BemaSug	of Beth Benyamin, Giwargis, ed. "ܬܘܪ̈ܓܡܐ ܠܡܥܠܝܘܬ ܐܘܢܓܠܝܘܢ ܕܚܕܒܫܒ̈ܐ ܘܕܥܐܕ̈ܐ ܘܕܕܘܟܪ̈ܢܐ", Baghdad: Nineveh Press, 1968. 
BenniCB:TradAntPeter	Benni, Cyril Benham, "The Tradition of the Syriac Church of Antioch, Concerning the Primacy and the Prerogatives of St. Peter and of His Successors the Roman Pontiffs", London: Burns, Oates & Co., 1871.
BioArist	Baumstark, Anton, ed. Aristoteles bei den Syrern vom V.-VIII. Jahrhundert, Leipzig, 1900. (Piscataway, NJ, USA: Gorgias Press, 2010).
BioPs-Dion	Kugener, Marc-Antoine. ''Une autobiographie syriaque de Denys l’Aréopagite." Oriens Christianus I, 7 (1907): 292-339.
Canons	de Lagarde, P.A., ed. and trans. Reliquiae iuris ecclesiastici antiquissimae, syriace primus edidit. Leipzig: B.G. Teubner, 1856.
BkLife	Connolly, R.H., and Codrington, H.W., Two Commentaries on the Jacobite Liturgy by George Bishop of the Arab Tribes and Moses Bar Kepha, together with the Syriac Anaphora of St. James and a Document Entitled The Book of Life (London: Williams and Norgate, 1913).
BkMed	Budge, E.A.W., Syrian Anatomy, Pathology and Therapeutics, or “The Book of Medicines”. 2 vols (London: Oxford University Press, 1913).
BkNatBeings	Ahrens, K., Das “Buch der Naturgegenstände”. Kiel: C.F. Haeseler, 1892.
Ps-Basil:BkPhysiolExp	Land, J.P.N., Anecdota Syriaca IV: Otia Syriaca (Leiden: E.J. Brill, 1875)
BkShemNoah	Mingana, Alphonse, ed. "Some Early Judeo-Christian Documents in the John Rylands Library", Manchester: The University Press, 1917.
SindSevenMast	Baethgen, Friedrich Wilhelm Adolf, ed. Sindban, oder Die sieben weisen Meister: syrisch und deutsch. Leipzig: Hundertstund & Pries, 1878.
BkHimyar	Moberg, Axel, ed. The Book of the Himyarites: Fragments of a Hitherto Unknown Syriac Work. Acta Regiae Societatis Humaniorum Litterarum Lundensis 7. Lund: C.W.K. Gleerup, 1924.
BkProtect	Gollancz, Hermann, ed. The Book of Protection, Being a Collection of Syriac Charms, Now Edited for the First Time from Syriac mss. London: H. Frowde, 1912.
BrockSP:IntroMem	Brock, Sebastian P., ed. "ܠܘܩܛܐ ܕܡܐܡܪ̈ܐ ܕܥܠ ܟܬܒ̈ܝ ܩܘܕܫܐ", Holland: Bar 'Ebroyo Kloster, 1993.
BrockSP:SEERIAnnivPoem	Brock, Sebastian P. "A Syriac Poem in Honour of SEERI's 25th Anniversary." The Harp 25 (2010): 1.
BurialNuns	Brock, Sebastian P., Burial Service for Nuns: Syriac Text with Translation (Mōrān ’Eth’ō 4; Kottayam: St. Ephrem Ecumenical Research Institute, 1992).
ByzTropKont	Molitor, J., “Byzantinische Troparia und Kontakia in syro-melchitischer Überlieferung,” Oriens Christianus III, 3-4 [25-26] (1930), 1-36, 179-199; III, 5 [27] (1930), 191-201; III, 6 [28] (1931), 43-59; III, 8 [30] (1933), 72-85, 164-179.
CaCauses	Kayser, C., Das Buch von der Erkenntniss der Wahrheit oder der Ursache aller Ursachen: nach den syrischen Handschriften zu Berlin, Rom, Paris und Oxford herausgegeben (Leipzig: J.C. Hinrichs, 1889).
CalIsho'	Nau, François, ed. and trans. "Deux notices relatives au Malabar,” Revue de l’Orient chrétien II, 7 [17] (1912), 74-99. (Piscataway, NJ: Gorgias Press, 2010.)
CanConcSel410	Lamy, T.J.,. Concilium Seleuciae et Ctesiphonti habitum anno 410 (Lovanii: Peeters, 1868).
CanMonMarMattai	Stahl, M., and Kaufhold, H., “Die Mönchskanones des Klosters Mār Mattai im Nordirak (Hs. Wien Mech. syr. 1): Syrischer Text und deutsche Übersetzung,” Oriens Christianus 103 (2020), 58-114.
CanSchNis	Vööbus, Arthur, ed. and trans. The Statutes of the School of Nisibis. Papers of the Estonian Theological Society in Exile 12; Stockholm: Estonian Theological Society in Exile, 1962.
ThdrMops:CatComEccl	Strothmann, W., Syrische Katenen aus dem Ecclesiastes-Kommentar des Theodor von Mopsuestia: Syrischer Text mit vollständigem Wörterverzeichnis (Göttinger Orientforschungen, I. Reihe: Syriaca 29; Wiesbaden: Otto Harrassowitz, 1988).
CatSong	van den Eynde, C., La version syriaque du Commentaire de Grégoire de Nysse sur le Cantique des Cantiques (Bibliothèque du Muséon 10; Louvain: Bureaux du Muséon, 1939).
CelestI:Anaph	Codrington, Humphrey WIlliam, "Anaphora Syriaca Caelestini Romani", Anaphorae Syriacae 2.3. Rome, Pontificium Institutum Orientalium Studiorum, 1973, 237-271.
ChalBrev2	Breviarium Chaldaicum. Pars secunda: A Quadragesima ad Pentecosten. Lutetiæ Parisiorum : Via Dicta de Sèvres 95, 1887.
ChalBrev3	Breviarium Chaldaicum. Pars tertia: A Pentecoste ad Dedicationem. Lutetiæ Parisiorum : Via Dicta de Sèvres 95, 1887.
ChrEusebianFrags	Brooks, Ernest Walter and Guidi, Ignazio and Chabot, Jean Baptiste, eds. Chronica Minora III. CSCO 5, Syr 5. Leuven: Secrétariat du CorpusSCO, 1905.
ChristCarols	Baumstark, Anton. "Zwei syrische Weihnachtslieder." Oriens Christianus NS 1 (1911): 193-203.
ChristHistAlex	Budge, Ernest A. Wallis, ed. and trans. The History of Alexander the Great, Being the Syriac Version of the Pseudo-Callisthenes. Cambridge: Cambridge University Press, 1889.
ChronMelkSin	de Halleux, A. “La chronique melkite abrégée du ms Sinaï syr. 10,” Le Muséon 91:1-2 (1978), 5-44.
ÇiçekJY:PrefBarSalCommEvag	Çiçek, J.Y., Pušāqā d-Mawātā d-qaddīšā Mār Ewagrīs īḥīdāyā byad Mār Dīonysīus Ya‘qub Bar Ṣalībī. Nederland: Bar Hebraeus Verlag, 1991. (Piscataway, NJ: Gorgias Press, 2010).
DanṢal:PrefCommPs	Çiçek, Julious Yeshu‘. Commentary on the Psalms by Daniel of Salah. 2nd ed., Gorgias Press, 2011.
ClemRom:EpCor	Bensly, R.L. and R. H.  Kennett, The Epistles of S. Clement to the Corinthians in Syriac. Cambridge: Cambridge University Press, 1899.
AbdŠiba:ColHexBarShah	Nau, François, ed. and trans. "Note sur le manuscrit du British Muséum or. 1300 (Hexaméron d'Emmanuel bar Schahharé)," Revue de l’Orient chrétien II, 9:1 [19] (1914), 101-102. (Piscataway, NJ: Gorgias Press, 2010.)
ColMsCCM113	Pritula, Anton, “One More Unknown Khāmīs’ Ode in Honor of Bar ‘Ebrōyō,” Христианский Восток 8 [14] (2017), 187-194.
ColSPCKMs44	Wright, William. Notulae syriacae. London: Gilbert and Rivington, 1887.
ColVitaEph	Amar, Joseph Phillip. The Syriac Vita Tradition of Ephrem the Syrian. Peeters, 2011.
CollRomLaw	Selb, W., Sententiae Syriacae (Veröffentlichungen der Kommission für Antike Rechtsgeschichte 7; Wien: Verlag der Österreichischen Akademie der Wissenschaften, 1990).
JnRecl:Coloph_NarrWom	Lewis, A.S., ed. and trans. Select Narratives of Holy Women from the Syro-Antiochene or Sinai Palimpsest as Written above the Old Syriac Gospels by John the Stylite, of Beth-Mari-Qanūn in A.D. 778. 2 vols (Studia Sinaitica 9-10; London: C.J. Clay and Sons, 1900).
ComLit	Brock, Sebastian P., “An Early Syriac Commentary on the Liturgy,” Journal of Theological Studies NS 37:2 (1986), 387-403.
ConstLao:ToEmpTheodora	van Roey, Albert, and Allen, P., ed. and trans. Monophysite Texts of the Sixth Century. Orientalia Lovaniensia Analecta 56; Leuven: Peeters, 1994.
BarAphton:ConvSyrOrthJust	———. “The Conversations with the Syrian Orthodox under Justinian (532),” Orientalia Christiana Periodica 47:1 (1981), 87-121.
BarNun:CosmStars	Nau, François, ed. and trans. “La cosmographie de Jésus fils de Noun (IXe siècle),” Revue de l’Orient chrétien III, 7 [27] (1929-1930), 126-139. (Piscataway, NJ: Gorgias Press, 2010.)
CanAntEpIt	Nau, François, ed. and trans. "Littérature canonique syriaque inédite," Revue de l’Orient chrétien II, 4:2 [14] (1909), 1-49, 113-144 (Piscataway, NJ: Gorgias Press, 2010.)
CyrAl:CommLuke1	Chabot, Jean Baptiste. S. Cyrilli Alexandrini Commentarii in Lucam. Pars Prior. Typographeo Reipublicae, 1912.
CyrAl:CommLuke2	Payne Smith, Robert. S. Cyrilli Alexandriae Archiepiscopi Commentarii in Lucae Evangelium Quae Supersunt Syriace e Manuscriptis apud Museum Britannicum. Clarendon Press, 1858.
CyrAl:OrthoEmpTheod	Phenix, R.R., Jr., and Horn, C.B., The Rabbula Corpus: Comprising the Life of Rabbula, His Correspondence, a Homily Delivered in Constantinople, Canons, and Hymns (SBL Writings from the Greco-Roman World 17; Atlanta: SBL Press, 2017).
CyrAl:EpTiber	Ebied, R.Y., and Wickham, L.R. “The Letter of Cyril of Alexandria to Tiberius the Deacon: Syriac Version,” Le Muséon 83:3-4 (1970), 433-482.
CyrAl:IncarnEmpTheod	Pusey, P.E., ed. and trans. Sancti patris nostri Cyrilli archiepiscopi Alexandrini De recta fide ad Theodosium imperatorem; De Incarnatione Unigeniti dialogus; De recta fide ad principissas; De recta fide ad Augustas; Quod unus Christus dialogus; Apologeticus ad imperatorem. Oxford: J. Parker, 1877.
CyrJer:EpVisCross	Coakley, J.F., “A Syriac Version of the Letter of Cyril of Jerusalem on the Vision of the Cross,” Analecta Bollandiana 102:1-2 (1984), 71-84.
EpRebTemple	———. “A Letter Attributed to Cyril of Jerusalem on the Rebuilding of the Temple,” Bulletin of the School of Oriental and African Studies 40:2 (1977), 267-286.
CyrAl:FrgmLuqbalJul	Kaufhold, H., “Die syrischen Fragmente,” in: W. Kinzig and T. Brüggemann (eds.), Kyrill von Alexandrien, Werke. Erster Band: “Gegen Julian”, Teil 2: Buch 6–10 und Fragmente (Die Griechischen Christlichen Schriftsteller der ersten Jahrhunderte, Neue Folge 21; Berlin / Boston: Walter de Gruyter, 2017), 821-895.
DadQaṭ:MemQuiet	del Río Sánchez, F., Los cinco tratados sobre la quietud (šelyā) de Dāḏišō‘ Qaṭrāyā. Aula Orientalis Supplementa 18; Barcelona: Editorial Ausa, 2001.
DadQaṭ:EpAbkosh	Phillips, D., “Dadisho‘ Qatraya’s Letter to Ab-kosh: The Text according to MS Baghdad Archbishopric of the East n° 210 with Critical Notes and a Translation,” Bulletin de l’Académie Belge pour l’Etude des Langues Anciennes et Orientales 4 (2015), 201-223.
DanScetis:LgndMonkSis	Brock, Sebastian P., “A Syriac Narratio Attributed to Abba Daniel of Sketis,” Analecta Bollandiana 113:3-4 (1995), 269-280.
LordEnd	———. “The Small/Young Daniel Re-Edited,” in: L. DiTommaso, M. Henze and W. Adler (eds.), The Embroidered Bible: Studies in Biblical Apocrypha and Pseudepigrapha in Honour of Michael E. Stone (Studia in Veteris Testamenti Pseudepigrapha 26; Leiden: Brill, 2018), 250-284.
DavPuniq:MemAfflExile	Butts, A.M., “The Afflictions of Exile: A Syriac Memrā by David Puniqāyā ” Le Muséon 122:1-2 (2009), 53-80.
DescrCometNov1577	Nau, François, ed. and trans. “Une Description Orientale De Là Comète De Novembre 1577,” Revue de l’Orient chrétien III, 7 [27] (1929-1930), 212-214. (Piscataway, NJ: Gorgias Press, 2010.)
DiosAl:Anaph1	De Vries, Wilhelm, "Anaphora Syriaca Dioscori Alexandrini Prima", Anaphorae Syriacae 1.3. Rome, Pontificium Institutum Orientalium Studiorum, 1944. 265-299.
DiosGoz:MemBrothBarEbr	Takahashi, Hidemi, “A Mimro on Maphrian Gregory Barṣawmo Ṣafī Bar ‘Ebroyo by Dioscorus Gabriel of Barṭelli, Bishop of Gozarto d-Qardu,” in: H.G.B. Teule, C.F. Tauwinkl, R.B. ter Haar Romeny and J.J. van Ginkel (eds.), The Syriac Renaissance (Eastern Christian Studies 9; Leuven: Peeters, 2010), 151-194.
DiosGoz:LifeBarEbr	Y. Çiçek (ed.), Diosqoros d-Gozarto. Mimro ʿal qadišo Grigoriyos maphryono d-hu Bar ʿEbroyo (Glane/Losser, 1985).
DispBetHale	Taylor, D.G.K., “The Disputation between a Muslim and a Monk of Bēt Ḥālē: Syriac Text and Annotated English Translation,” in: S.H. Griffith and S. Grebenstein (eds.), Christsein in der islamischen Welt: Festschrift für Martin Tamcke zum 60. Geburtstag (Wiesbaden: Harrassowitz Verlag, 2015), 187-242.
DispHeavEarth	Brock, Sebastian P., “A Syriac Dispute between Heaven and Earth,” Le Muséon 91:3-4 (1978), 261-270.
DispJnSedEmir	Penn, M.P., “John and the Emir: A New Introduction, Edition and Translation,” Le Muséon 121:1-2 (2008), 65-91.
DocAgrAlex	———. “A Sixth-Century Syriac Document of Agreement from Alexandria,” Oriens Christianus 100 (2017), 1-12.
Ram'išo:ConvYezidis	Nau, François and Joseph Tfinkdji, ed. and trans. "Recueil de textes et de documents sur les Yézidis". Revue de l’Orient Chrétien II, 10 [20] (1915), 142-200, 225-242 (Piscataway, NJ: Gorgias Press, 2010.)
DoctApos	Cureton, William, ed. Ancient Syriac Documents Relative to the Earliest Establishment of Christianity in Edessa and the Neighbouring Countries, from the Year after Our Lord’s Ascension to the Beginning of the Fourth Century. London / Edinburgh: Williams and Norgate, 1864.
SchoolAlep	Doghramji, Sara. The Torches of Edessa: Establishment – Development 1924-2004, Piscataway, NJ, USA: Gorgias Press, 2010.
DolabaniY:ComMyst	Dolabani, Yuḥanon. ܓܒܝ̈ܐ ܕܡܢ ܐܪ̈ܙܐ. Aleppo: Mardin Publishing House, 1986.
DolabaniY:PrefBarMa'dani	Dolabani, F.Y., Mīmrē w-mūšḥātā d-sīmīn l-mār Yōḥannān bar Ma‘dani paṭriyarkā d-Anṭiyokyā (Jerusalem: Maṭba‘atā d-Dairā d-Mār Marqos, 1929).
DormMaryBL	Wright, William. “The Departure of my Lady Mary from this World,” Journal of Sacred Literature and Biblical Record NS VI, 12 (1865), 417-448; VII, 13 (1865), 110-160.
DormMaryPalimS	Brock, S.P., and Kessel, G., “The “Departure of Mary” in Two Palimpsests at the Monastery of St. Сatherine (Sinai Syr. 30 & Sinai Arabic 514),” Христианский Восток 8 [14] (2017), 115-152.
DormMarySinai	Lewis, A.S., ed. and trans. Apocrypha Syriaca: The Protevangelium Jacobi and Transitus Mariae, with Texts from the Septuagint, the Corân, the Peshitta, and from a Syriac Hymn in a Syro-Arabic Palimpsest of the Fifth and Other Centuries (Studia Sinaitica 11; London: C.J. Clay and Sons, 1902).
ESCanAscet	Vööbus, Arthur, Syriac and Arabic Documents Regarding Legislation Relative to Syrian Asceticism (Papers of the Estonian Theological Society in Exile 11; Stockholm: Estonian Theological Society in Exile, 1960).
ESRitePardon	Isaac, J., Ṭaḵsā d-Ḥūssāyā: le rite du pardon dans l’Église syriaque orientale (Orientalia Christiana Analecta 233; Roma: Pontificium Institutum Orientale, 1989).
ParPriestsPatr	Nau, François, ed. and trans. “Une anecdote ecclésiastique dans un recueil de Fables d’Ésope (Iosipos),” Revue de l’Orient chrétien III, 1 [21] (1918-1919), 308-313. (Piscataway, NJ: Gorgias Press, 2010.)
EdesQuestPhiloxMab	Rahmani, Ignatius Ephraem, ed. Studia Syriaca, seu collectio documentorum hactenus ineditorum ex codicibus Syriacis. Fasc. IV: Documenta De Antiquis Haeresibus. Monte Libano: Typis Patriarchalibus in Seminario Scharfensi, 1909.Rahmani, Ignatius Ephraem, ed. Studia Syriaca, seu collectio documentorum hactenus ineditorum ex codicibus Syriacis. Fasc. IV: Documenta De Antiquis Haeresibus. Monte Libano: Typis Patriarchalibus in Seminario Scharfensi, 1909.
EliMell:EpBudge	Ebied, R.Y., “A Letter in Syriac from Eliya Mellus, Metropolitan of Mardin, to E. A. Wallis Budge,” Journal of Semitic Studies 18:1 (1973), 59-63.
EliasGM:CriesHeart	Elias, Ghaṭṭās Maqdisī. ܒܘܓܢ̈ܐ ܢܒ̈ܗܐ ܘܒܘܚܢ̈ܐ. Aleppo: Mardin Publishing House, 1994.
EliasIII:PrayMornServ	Diettrich, G.E.S., Des nestorianischen Patriarchen Elias III. Abu Ḥalim Gebete zu den Morgengottesdiensten der Herrenfeste (Leipzig: Otto Harrassowitz, 1931).
EliaNis:Gramm	Gottheil, R.J.H., A Treatise on Syriac Grammar by Mâr(i) Eliâ of Sôbhâ (Berlin: Wolf Peiser, 1887).
EliasXIBab:Ep	Babakhan, J., “Deux lettres d’Élie XI, patriarche de Babylone, texte syriaque et traduction française,” Revue de l’Orient chrétien 5 (1900), 481-491.
EliyṬirh:Gram	Baethgen, F., ed. and trans. Ṭurrāṣ mamllā suryāyā, oder, syrische Grammatik des Mar Elias von Tirhan. Leipzig: J.C. Hinrichs, 1880. (Piscataway, NJ: Gorgias Press, 2010.)
ʿEnanAdia:BkRules	Hoffmann, J.G.E. Opuscula nestoriana syriace tradidit (Kiel: G. von Maack / Paris: Maisonneuve, 1880).
EpAnti-Jul	Draguet, René, “Une pastorale antijulianiste des environs de l’année 530,” Le Muséon 40 (1927), 75-92.
AtticusConst:Ep	Brière, Maurice, ed. and trans. “Une lettre inédite d’Atticus, patriarche de Constantinople (406–425),” Revue de l’Orient chrétien III, 9 [29] (1933-1934), 378-424. (Piscataway, NJ: Gorgias Press, 2010.)
EpEastToAlex	Brock, Sebastian P., ed. and trans. “A Letter from the Orthodox Monasteries of the Orient Sent to Alexandria, Addressed to Severos,” in: J. D’Alton and Y.N. Youssef (eds.), Severus of Antioch: His Life and Times (Texts and Studies in Eastern Christianity 7; Leiden: Brill, 2016), 32-46.
EpGregNyssCommSong	van den Eynde, C., La version syriaque du Commentaire de Grégoire de Nysse sur le Cantique des Cantiques (Bibliothèque du Muséon 10; Louvain: Bureaux du Muséon, 1939).
EpJulBasCaes	Brock, Sebastian P., “The Letter of the Emperor Julian to Basil of Caesarea, and Basil’s Reply, in a Syriac Translation,” in: P. Fodor, G. Mayer, M. Monostori, K. Szovák and L. Takács (eds.), More modoque: Die Wurzeln der europäischen Kultur und deren Rezeption im Orient und Okzident. Festschrift für Miklós Maróth zum siebzigsten Geburtstag (Budapest: Forschungszentrum für Humanwissenschaften der Ungarischen Akademie der Wisssenschaften, 2013), 215-224.
EpLentulPilate	Brock, Sebastian P., “A Syriac Version of the Letters of Lentulus and Pilate,” Orientalia Christiana Periodica 35 (1969), 45-62.
Nest:EpNestInhConst	Brooks, E.W., “La lettre de Nestorius aux habitants de Constantinople,” Revue de l’Orient chrétien 15 (1910), 275-281.
EpPilHerod	Rahmani, Ignatius E., ed. Studia Syriaca, seu collectio documentorum hactenus ineditorum ex codicibus Syriacis: Apocryphi hypomnemata Domini Nostri, seu, Acta Pilati. vol. 2. Charfeh: Charfeh Patriarchal Seminary, 1908
EpPilTheod	Rahmani, Ignatius E., ed. Studia Syriaca, seu collectio documentorum hactenus ineditorum ex codicibus Syriacis: Apocryphi hypomnemata Domini Nostri, seu, Acta Pilati. vol. 2. Charfeh: Charfeh Patriarchal Seminary, 1908
Anth:EpAnt	Nau, François, ed. and trans. "La version syriaque de la première lettre de Saint Antoine," Revue de l’Orient chrétien II, 4:2 [14] (1909), 282-297.
Eph:4Sugh	Brock, Sebastian P., ed. and trans. “Ephremiana in Manuscript Sinai Syr. 10,” Le Muséon 129:3-4 (2016), 285-322.
Eph:ComDiatessAdd	Leloir, L. Saint Éphrem. Commentaire de l’Évangile concordant: texte syriaque (Manuscript Chester Beatty 709). Folios additionnels (Chester Beatty Monographs 8; Louvain: Peeters, 1990).
Eph:ComDiatess	Leloir, L., Saint Éphrem. Commentaire de l’Évangile concordant: texte syriaque (Manuscrit Chester Beatty 709) (Chester Beatty Monographs 8; Dublin: Hodges Figgis & Co., 1963).
Eph:CommOTProph	Lamy, T.J. ed and trans., Sancti Ephraem Syri hymni et sermones quos e codicibus Londinensibus, Parisiensibus et Oxoniensibus descriptos edidit, Latinitate donavit, variis lectionibus instruxit, notis et prolegomenis illustravit. 4 vols (Mechliniae: H. Dessain, 1882-1902)
Eph:DialMercy	Overbeck, J.J., ed. S. Ephraemi Syri, Rabulae episcopi Edesseni, Balaei aliorumque opera selecta e codicibus syriacis manuscriptis in museo Britannico et bibliotheca Bodleiana asservatis primus edidit (Oxford: Clarendon Press, 1865).
Eph:FrgmLuqBardaisan	Overbeck, J.J., ed. S. Ephraemi Syri, Rabulae episcopi Edesseni, Balaei aliorumque opera selecta e codicibus syriacis manuscriptis in museo Britannico et bibliotheca Bodleiana asservatis primus edidit (Oxford: Clarendon Press, 1865).
Eph:HomAdmRep	Lamy, T.J. ed and trans., Sancti Ephraem Syri hymni et sermones quos e codicibus Londinensibus, Parisiensibus et Oxoniensibus descriptos edidit, Latinitate donavit, variis lectionibus instruxit, notis et prolegomenis illustravit. 4 vols (Mechliniae: H. Dessain, 1882-1902)
Eph:MemKoh	Deppe, K., Kohelet in der syrischen Dichtung: Drei Gedichte über das Kohelet-Buch von Afrēm, Jakob von Sarug und Johannes von Mossul (Göttinger Orientforschungen, I. Reihe: Syriaca 6; Wiesbaden: Otto Harrassowitz, 1975).
Eph:LuqHeresies1	Overbeck, J.J., ed. S. Ephraemi Syri, Rabulae episcopi Edesseni, Balaei aliorumque opera selecta e codicibus syriacis manuscriptis in museo Britannico et bibliotheca Bodleiana asservatis primus edidit (Oxford: Clarendon Press, 1865).
not available	not available
Eph:Madr40MartyrsSeb	Lamy, T.J. ed and trans., Sancti Ephraem Syri hymni et sermones quos e codicibus Londinensibus, Parisiensibus et Oxoniensibus descriptos edidit, Latinitate donavit, variis lectionibus instruxit, notis et prolegomenis illustravit. 4 vols (Mechliniae: H. Dessain, 1882-1902)
Eph:MadrFoundChurch	Lamy, T.J. ed and trans., Sancti Ephraem Syri hymni et sermones quos e codicibus Londinensibus, Parisiensibus et Oxoniensibus descriptos edidit, Latinitate donavit, variis lectionibus instruxit, notis et prolegomenis illustravit. 4 vols (Mechliniae: H. Dessain, 1882-1902)
Eph:MadrMary1-18	Lamy, T.J. ed and trans., Sancti Ephraem Syri hymni et sermones quos e codicibus Londinensibus, Parisiensibus et Oxoniensibus descriptos edidit, Latinitate donavit, variis lectionibus instruxit, notis et prolegomenis illustravit. 4 vols (Mechliniae: H. Dessain, 1882-1902)
HomElijahSarepta	———. “A Syriac Verse Homily on Elijah and the Widow of Sarepta,” Le Muséon 102:1-2 (1989), 93-113.
Eph:MemBlessTable	Mariès, L., and Froman, L., “Mimré de saint Ephrem sur la bénédiction de la table,” L’Orient Syrien 4 (1959), 73-109, 163-192, 285-298.
Eph:MemIsaac	Brock, Sebastian P., ed. and trans. "Two Syriac Verse Homilies on the Binding of Isaac,” Le Muséon 99:1-2 (1986), 61-129.
Eph:MimConf7-21	Lamy, T.J. ed and trans., Sancti Ephraem Syri hymni et sermones quos e codicibus Londinensibus, Parisiensibus et Oxoniensibus descriptos edidit, Latinitate donavit, variis lectionibus instruxit, notis et prolegomenis illustravit. 4 vols (Mechliniae: H. Dessain, 1882-1902)
Eph:MimCupidity	Lamy, T.J. ed and trans., Sancti Ephraem Syri hymni et sermones quos e codicibus Londinensibus, Parisiensibus et Oxoniensibus descriptos edidit, Latinitate donavit, variis lectionibus instruxit, notis et prolegomenis illustravit. 4 vols (Mechliniae: H. Dessain, 1882-1902)
Eph:MemEnd	Brock, Sebastian P., ed. and trans. “Ephremiana in Manuscript Sinai Syr. 10,” Le Muséon 129:3-4 (2016), 285-322.
Eph:MimExchMonks	Lamy, T.J. ed and trans., Sancti Ephraem Syri hymni et sermones quos e codicibus Londinensibus, Parisiensibus et Oxoniensibus descriptos edidit, Latinitate donavit, variis lectionibus instruxit, notis et prolegomenis illustravit. 4 vols (Mechliniae: H. Dessain, 1882-1902)
Eph:MadrMacc	Bensly, R.L., and Barnes, W.E., ed. and trans. The Fourth Book of Maccabees and Kindred Documents in Syriac First Edited on Manuscript Authority (Cambridge: Cambridge University Press, 1895).
Eph:MimOpprCalumny	Lamy, T.J. ed and trans., Sancti Ephraem Syri hymni et sermones quos e codicibus Londinensibus, Parisiensibus et Oxoniensibus descriptos edidit, Latinitate donavit, variis lectionibus instruxit, notis et prolegomenis illustravit. 4 vols (Mechliniae: H. Dessain, 1882-1902)
Eph:MimPrayersSupp	Lamy, T.J. ed and trans., Sancti Ephraem Syri hymni et sermones quos e codicibus Londinensibus, Parisiensibus et Oxoniensibus descriptos edidit, Latinitate donavit, variis lectionibus instruxit, notis et prolegomenis illustravit. 4 vols (Mechliniae: H. Dessain, 1882-1902)
Eph:MimPrayers	Lamy, T.J. ed and trans., Sancti Ephraem Syri hymni et sermones quos e codicibus Londinensibus, Parisiensibus et Oxoniensibus descriptos edidit, Latinitate donavit, variis lectionibus instruxit, notis et prolegomenis illustravit. 4 vols (Mechliniae: H. Dessain, 1882-1902)
Ps-Eph:MimRebuke	Lamy, T.J. ed and trans., Sancti Ephraem Syri hymni et sermones quos e codicibus Londinensibus, Parisiensibus et Oxoniensibus descriptos edidit, Latinitate donavit, variis lectionibus instruxit, notis et prolegomenis illustravit. 4 vols (Mechliniae: H. Dessain, 1882-1902)
Eph:Turgome109-113	Overbeck, J.J., ed. S. Ephraemi Syri, Rabulae episcopi Edesseni, Balaei aliorumque opera selecta e codicibus syriacis manuscriptis in museo Britannico et bibliotheca Bodleiana asservatis primus edidit (Oxford: Clarendon Press, 1865).
Eph:VariousHymns	Lamy, T.J. ed and trans., Sancti Ephraem Syri hymni et sermones quos e codicibus Londinensibus, Parisiensibus et Oxoniensibus descriptos edidit, Latinitate donavit, variis lectionibus instruxit, notis et prolegomenis illustravit. 4 vols (Mechliniae: H. Dessain, 1882-1902)
AlAphr:EpitCauses	Fiori, Emiliano, “L’épitomé syriaque du Traité sur les causes du tout d’Alexandre d’Aphrodise attribué à Serge de Reš‘aynā,” Le Muséon 123:1-2 (2010), 127-158.
EulBarSalibi	Rabo, G., Dionysius Jakob Bar Ṣalibi. Syrischer Kommentar zum Römerbrief: Einleitung, Edition und Übersetzung mit einem Verzeichnis der syrischen Handschriften zu seinen sämtlichen Werken (Göttinger Orientforschungen, I. Reihe: Syriaca 56; Wiesbaden: Harrassowitz Verlag, 2019).
EuphGoth	Burkitt, Francis Crawford, ed. Euphemia and the Goth, with the Acts of Martyrdom of the Confessors of Edessa. London/Oxford: Williams and Norgate, 1913.
EusAl:HomAscLord	Sauget, Joseph-Marie, “La version syriaque de l’homélie sur l’Ascension de Notre-Seigneur d’Eusèbe d’Alexandrie,” Augustinianum 20 (1980), 299-317.
Eus:AppenEcclHis	Wright, William, and Norman McLean. The Ecclesiastical History of Eusebius in Syriac Edited from the Manuscripts. Cambridge University Press, 1898.
Eus:EcclHis	Wright, William, and Norman McLean. The Ecclesiastical History of Eusebius in Syriac Edited from the Manuscripts. Cambridge University Press, 1898.
Eus:EnconMartyrs	Cowper, B.H., “The Encomium of the Martyrs: An Inedited Oration of Eusebius of Caesarea – Syriac Text,” Journal of Sacred Literature and Biblical Record NS V, 10 (1864), 403-408.
Eus:GosQuestAns	Beyer, Gerhard. "Die evangelischen Fragen und Lösungen des Eusebius in jakobitischer Überlieferung und deren nestorianische Parallelen." Oriens Christianus II, 12-14 (1925): 30-70; III, 1 (1927), 80-97, 284-292; III, 2 (1927), 57-69. 
Eus:MartPal	Cureton, William, ed. and trans. History of the Martyrs of Palestine by Eusebius, Bishop of Caesarea, discovered in a very ancient Syriac Manuscript. London / Paris: Williams & Norgate; C. Borrani, 1861.
Eus:StarMag	Wright, William “Eusebius of Caesarea on the Star,” Journal of Sacred Literature and Biblical Record NS IX, 17 (1866), 117-136; X, 19 (1867), 150-164.
Eus:Theoph	Lee, Samuel. Eusebius, Bishop of Caesarea. On the Theophania or Divine Manifestation of Our Lord and Saviour Jesus Christ: A Syriac Version, Edited from an Ancient Manuscript Recently Discovered. Society for the Publication of Oriental Texts, 1842.
Evagr:EpMelaniePt2	Vitestam, Gösta, ed. and trans. Seconde partie du traité, qui passe sous les nom de “La grande lettre d’Évagre le Pontique à Mélanie l’Ancienne”: publiée et traduite d’après le manuscrit du British Museum Add. 17192. Scripta minora Regiae Societatis Humaniorum Litterarum Lundensis 1963–1964:3; Lund: C.W.K. Gleerup, 1964.
Evagr:ChOrat	Hausherr, I. “Le De oratione d’Évagre le Pontique en syriaque et en arabe,” Orientalia Christiana Periodica 5 (1939), 7-71.
Evagr:KephGnos	Frankenberg, Wilhelm. Euagrius Ponticus. Weidmannsche Buchhandlung, 1912.
Evagr:Evagriana	Muyldermans, Joseph. Evagriana Syriaca. Textes Inédits Du British Museum et de La Vaticane. Publications Universitaires, 1952.
Evagr:VicVirt	Fogielman, C.-A., “The Vices Opposed to the Virtues: The Syriac Version,” Orientalia Christiana Periodica 86:1 (2020), 221-261.
Evagr:ChapKnowl	Muyldermans, Joseph, “Évagre le Pontique: les Capita cognoscitiua dans les versions syriaque et arménienne,” Le Muséon 47 (1934), 73-106.
Evagr:Seraph	Muyldermans, Joseph, “Sur les Séraphins et Sur les Chérubins d’Évagre le Pontique dans les versions syriaque et arménienne,” Le Muséon 59 (1946), 367-379.
ExampFath	Ebied, R.Y. and Wickham, L.R., “A Collection of Syriac Short Stories about Early Church Fathers,” in: B. Janssens, B. Roosen and P. van Deun (eds.), Philomathestatos: Studies in Greek and Byzantine Texts Presented to Jacques Noret for his Sixty-Fifth Birthday / Études de patristique grecque et textes byzantins offerts à Jacques Noret à l’occasion de ses soixante-cinq ans (Orientalia Lovaniensia Analecta 137; Leuven: Peeters / Departement Oosterse Studies, 2004), 225-237.
ExcEpHoms	Brock, Sebastian P., “An Excerpt from a Letter to the People of Homs, Wrongly Attributed to Ephrem,” Oriens Christianus 86 (2002), 1-12.
ExcStomDandSecun	Brock, Sebastian P., “Stomathalassa, Dandamis and Secundus in a Syriac Monastic Anthology,” in: G.J. Reinink and A.C. Klugkist (eds.), After Bardaisan: Studies on Continuity and Change in Syriac Christianity in Honour of Professor Han J.W. Drijvers (Orientalia Lovaniensia Analecta 89; Louvain: Peeters, 1999), 35-50.
ExhortPtr	Minov, Sergey, “The Exhortation of the Apostle Peter: A Syriac Pseudepigraphon and Its Monastic Context,” in: M.B. Blidstein, S. Ruzer and D. Stökl Ben Ezra (eds.), Scriptures, Sacred Traditions, and Strategies of Religious Subversion: Studies in Discourse with the Work of Guy G. Stroumsa (Studien und Texte zu Antike und Christentum 112; Tübingen: Mohr Siebeck, 2018), 167-181.
ExhortResurr	Graffin, François, “Exhortation d’un supérieur de monastère sur la Résurrection. Extrait d’un homéliaire syriaque du Ve-VIe siècle,” Mélanges de l’Université Saint-Joseph 49 (1975-1976), 607-615.
ExplDiffNouns	Hoffmann, J.G.E. Opuscula nestoriana syriace tradidit (Kiel: G. von Maack / Paris: Maisonneuve, 1880).
ExplMemBodyChrist	Graffin, François, “Explication des sens mystiques des membres du corps du Christ,” Parole de l’Orient 1 (1970), 255-279.
ExplTor	Hoffmann, J.G.E. Opuscula nestoriana syriace tradidit (Kiel: G. von Maack / Paris: Maisonneuve, 1880).
FabAesop	Lefèvre, B., Une version syriaque des fables d’Ésope conservée dans huit manuscrits (Paris: Firmin-Didot, 1941).
BarKepha:HomCross	Nau, François, ed. and trans. “Sur la fête de la croix. Analyse d’une homélie de Moyse bar Cépha et du ms. grec 1586 de Paris,” Revue de l’Orient chrétien II, 9:3 [19] (1914), 225-246. Piscataway, NJ: Gorgias Press, 2010.)
FlorScholGreg	Abramowski, L., and van Roey, A., “Das Florileg mit den Gregor-Scholien aus Vatic. Borg. Syr. 82,” Orientalia Lovaniensia Periodica 1 (1970), 131-180.
Ptol:FrgmBkFruit	Nau, François, ed. and trans. "Un fragment syriaque de l'ouvrage astrologique de Claude Ptolémée intitulé le Livre du Fruit" Revue de l’Orient chrétien III, 8 [28] (1931-1932), 197-202. (Piscataway, NJ: Gorgias Press, 2010.)
AnaphFrgtESyr	Connolly, Richard Hugh. "Sixth-Century Fragments of an East-Syrian Anaphora." Oriens Christianus II, 12-14 (1925): 99-128.
FrgHeres	Rahmani, Ignatius Ephraem, ed. Studia Syriaca, seu collectio documentorum hactenus ineditorum ex codicibus Syriacis. Fasc. IV: Documenta De Antiquis Haeresibus. Monte Libano: Typis Patriarchalibus in Seminario Scharfensi, 1909.
FrgmComJob	Van Rompay, Lukas, “An Ascetic Reading of the Book of Job: Fragments from a Syriac Commentary Attributed to John the Solitary (Ms. London, British Library, Add.18814, f. 91r-95r),” Le Muséon 119:1-2 (2006), 1-24.
FrgmDiscEvag	Guillaumont, A., “Fragments syriaques des Disciples d’Évagre,” Parole de l’Orient 6-7 (1975-1976), 115-123.
FrgmESAnaph	Connolly, R. H., “Sixth-Century Fragments of an East-Syrian Anaphora,” Oriens Christianus II, 12-14 (1925), 99-128.
FrgmESBaptTurf	Brock, S.P., and Sims-Williams, N., “An Early Fragment from the East Syriac Baptismal Service from Turfan,” Orientalia Christiana Periodica 77:1 (2011), 81-92.
FrgmLgndMaruth	Brock, Sebastian P., “A Fragment from a Syriac Life of Marutha of Martyropolis,” Analecta Bollandiana 128:2 (2010), 306-311.Brock, Sebastian P.,
FrgmLitMelk	Sauget, Joseph-Marie, “Nouveaux fragments ou rouleaux liturgiques byzantino-melkites en syriaque,” Le Muséon 88:1-2 (1975), 5-30.
FrgmPhysiol	van Lantschoot, Arnold, “Fragments syriaques du Physiologus,” Le Muséon 72:1-2 (1959), 37-51.
FrgsAnteNicene	Pitra, Jean-Baptiste-François, ed. with Paulin Martin. Analecta Sacra Patrum Antenicaenorum ex Codicibus Orientalibus. 1883 (Piscataway, NJ: Gorgias Press, 2010).
FrgsHaraHotoTurfan	Pigulevskaya, Nina V. "Fragments syriaques et syro-turcs de Hara-Hoto et de Tourfan." Revue de l’Orient chrétien III, 10 [30] (1935-1936): 3-46.
Aba:Frgm	Nau, François, ed. and trans. "Fragments de Mar Aba, disciple de saint Éphrem,” Revue de l’Orient chrétien II, 7 [17] (1912), 69-73. (Piscataway, NJ: Gorgias Press, 2010.)
GabBaṣ:CollLaws	Kaufhold, H., Die Rechtssammlung des Gabriel von Basra und ihr Verhältnis zu den anderen juristischen Sammelwerken der Nestorianer (Münchener Universitätsschriften – Juristische Fakultät, Abhandlungen zur rechtswissenschaftlichen Grundlagenforschung 21; Berlin: J. Schweitzer, 1976).
GabQat:CommLit	———. “Gabriel of Qatar’s Commentary on the Liturgy,” Hugoye: Journal of Syriac Studies 6:2 (2003), 197-248.
GarisA:EtymMhallami	Talay, Shabo, ed. Suryoye l-Suryoye: Ausgewählte Beiträge zur aramäischen Sprache, Geschichte und Kultur. Bibliotheca Nisibinensis 1. Piscataway, NJ: Gorgias, 2008.
GeorgAr:ComLit	Connolly, R.H., and Codrington, H.W., Two Commentaries on the Jacobite Liturgy by George Bishop of the Arab Tribes and Moses Bar Kepha, together with the Syriac Anaphora of St. James and a Document Entitled The Book of Life (London: Williams and Norgate, 1913).
GeorgAr:EpAstro	Ryssel, V., “Die astronomischen Briefe Georgs des Araberbischops,” Zeitschrift für Assyriologie 8 (1893), 1-55.
GeorgAr:MemMyron	———. “George, Bishop of the Arab Tribes, Mimro on the Myron (British Library, Add. 12,165),” Syriac Orthodox Patriarchal Journal 56 (2018), 1-28.
GeorgAr:ProlPhilArist	Watt, John W., "The Prolegomena to Aristotelian Philosophy of George, Bishop of the Arabs." in Sidney H. Griffith and Sven Grebenstein (eds.), Christsein in der islamischen Welt. Festschrift für Martin Tamcke zum 60. Geburtstag (Wiesbaden: Harrassowitz, 2015)
GeorgWar:HymnChildhChri	Pritula, Anton, “A Hymn by Givargis Warda on the Childhood of Christ,” in: M. Tamcke and A. Heinz (eds.), Die Suryoye und ihre Umwelt: 4. deutsches Syrologen-Symposium in Trier 2004. Festgabe Wolfgang Hage zum 70. Geburtstag (Studien zur orientalischen Kirchengeschichte 36; Münster: LIT, 2005), 423-451.
GeorgWar:HymnTiflis	Pritula, Anton, “A Hymn on Tiflis from Warda Collection: A Transformation of the Muslim Conquerors into Pagans,” in: J. Tubach, G.S. Vashalomidze and M. Zimmer (eds.), Caucasus during the Mongol Period ‒ Der Kaukasus in der Mongolenzeit (Wiesbaden: Reichert Verlag, 2012), 217-237.
GeorgWar:PoemManKosm	Gignoux, P., “Un poème inédit sur l’homme-microcosme de Guiwarguis Wardà (13ème siècle),” in: P. Gignoux (ed.), Ressembler au monde. Nouveau documents sur la théorie du macro-microcosme dans l’antiquité orientale (Bibliothèque de l’École des Hautes Études, Section des Sciences Religieuses 106; Turnhout: Brepols, 1999), 95-189.
GeorgWar:SelectSong	Hilgenfeld, Heinrich, ed. Ausgewählte Gesänge des Giwargis Warda von Arbel. Leipzig: Otto Harrassowitz, 1904.
GnomPhil	Arzhanov, Yury N. Syriac Sayings of Greek Philosophers: A Study in Syriac Gnomologia with Edition and Translation. CSCO 669, Subs. 138. Leuven: Peeters, 2019.
Gos12Apos	Harris, James Rendel, ed. The Gospel of the Twelve Apostles together with the Apocalypses of Each One of Them. Cambridge: Cambridge University Press, 1900.
GregCyp:HolyTheor	Hausherr, I., Gregorii Monachi Cyprii De Theoria Sancta quae syriace interpretata dicitur Visio Divina (Orientalia Christiana Analecta 110; Roma: Pontificium Institutum Orientalium Studiorum, 1937).
GregNaz:MimMacc	Bensly, R.L., and Barnes, W.E., ed. and trans. The Fourth Book of Maccabees and Kindred Documents in Syriac First Edited on Manuscript Authority (Cambridge: Cambridge University Press, 1895).
GregNaz:Poems1	Bollig, P.J., ed. Sancti Gregorii Theologi Liber Carminum Iambicorum - Versio Syriaca Antiquissima E. Cod. Vat. CV: Pars Prima. Beirut: 1895.
GregNaz:Poems2	Gismondi, Henricus, ed. Sancti Gregorii Theologi Liber Carminum Iambicorum - Versio Syriaca Antiquissima E. Codibus Iondinensibus Musaei Britannici: Pars Altera. Beirut: 1896.
GregNaz:Orations1-3	Haelewyck, Jean-Claude. "Sancti Gregorii Nazianzeni Opera. Versio Syriaca V. Orationes I, II, III.". Brepols, 2011.
GregNaz:Orations13and41	Haelewyck, Jean-Claude. "Sancti Gregorii Nazianzeni Opera. Versio Syriaca II. Orationes XIII, XLI". Brepols, 2002.
GregNaz:Orations27-38-39	Schmidt, Andrea Barbara. "Sancti Gregorii Nazianzeni Opera. Versio Syriaca. Orationes XXVII, XXXVIII, XXXIX. 3". Brepols, 2005.
GregNaz:Orations28-31	Haelewyck, Jean-Claude. "Sancti Gregorii Nazianzeni Opera. Versio Syriaca IV. Orationes XXVIII, XXIX, XXX, XXXI". Brepols, 2007.
GregNaz:Oration40	Haelewyck, Jean-Claude. "Sancti Gregorii Nazianzeni Opera. Versio Syriaca. Oratio XL". Brepols, 2001.
HeadPsES	Bloemendaal, W., The Headings of the Psalms in the East Syrian Church (Leiden: E.J. Brill, 1960).
ComBiblEpis	———. “Some New Syriac Texts Attributed to Hippolytus,” Le Muséon 94 (1981), 177-200.
HistAbbaMarc	Look, A.E., The History of Abba Marcus of Mount Tharmaka (Oxford: Oxford University Press, 1929).
HistAbrahamBabai	Nau, François, ed. and trans. “Histoires d’Abraham de Kaskar et de Babaï de Nisibe,” Revue de l’Orient chrétien III, 1 [21] (1918-1919), 161-172. (Piscataway, NJ: Gorgias Press, 2010.)
HistArchelidesRecA	Wensinck, Arent Jan, ed. Legends of Eastern Saints, Chiefly from Syriac Sources. Leiden: E.J. Brill, 1911.
HistArchelidesRecB	Wensinck, Arent Jan, ed. Legends of Eastern Saints, Chiefly from Syriac Sources. Leiden: E.J. Brill, 1911.
HistBVM	Budge, Ernest A. Wallis, ed. The History of the Blessed Virgin Mary and The History of the Likeness of Christ which the Jews of Tiberias Made to Mock At: The Syriac Texts Edited with English Translations. Luzac’s Semitic Text and Translation Series 4-5. London: Luzac, 1899.
HistHilaria	Wensinck, Arent Jan, ed. Legends of Eastern Saints, Chiefly from Syriac Sources. Leiden: E.J. Brill, 1913.
ZachSakh:HistJnLittle	Nau, François, ed. and trans. "“La version syriaque de l’histoire de Jean le Petit.” Revue de l’Orient chrétien II, 7 [17] (1912), 347-389; 8 [18] (1913), 53-68, 124-133, 283-307; 9 [19] (1914), 33-57. (Histoire de Jean le Petit, hégoumène de Scété, au IVe siècle: version syraque éditée et traduite. Paris: A. Ricard, 1914) (Piscataway, NJ: Gorgias Press, 2010.)
HistJnSiloite	Brière, M. ed. and trans., “Histoire de Jean le Siloïte,” Revue de l’Orient chrétien II, 4:2 [14] (1909), 155-173.
HistJohn	Lollar, J.A., A Sanctifying Myth: The Syriac History of John in Its Social, Literary, and Theological Context (Ph.D. dissertation; The Florida State University, 2018).
HistYahballah	Pier Giorgio Borbone. History of Mar Yahballaha and Rabban Sauma: Edited, Translated, and Annotated. Translated from the Italian by Laura E. Parodi. Hambourg : Tredition, 2020
HistPhil	Wright, William, ed. Apocryphal Acts of the Apostles, Edited from Syriac Manuscripts in the British Museum and Other Libraries. London / Edinburgh: Williams and Norgate, 1871.
LgndPhiloxMab	Brock, Sebastian P., “Tash‘ita de-Mar Aksnaya,” Qolo Suryoyo 110 (1996), 253-244.
HistAhikarS	Nau, François, ed. and trans. “Histoire et sagesse d’Ahikar, d’après le manuscrit de Berlin “Sachau 162”, fol. 86 sq.,” Revue de l’Orient chrétien III, 1 [21] (1918-1919), 148-160. (Piscataway, NJ: Gorgias Press, 2010.)
HistZosRechL	Haelewyck, J.-C., “La version syriaque longue de l’Historia Zosimi de Vita Beatorum Rechabitarum. Édition et traduction,” Le Muséon 128:3-4 (2015), 295-379.
HistZosRechS	Haelewyck, J.-C., “Historia Zosimi de Vita Beatorum Rechabitarum. Édition de la version syriaque brève,” Le Muséon 127:1-2 (2014), 95-147.
HobP:GuideConvSyr	Hobeica, Pierre, "Guide Pratique de la conversation dans la langue syriaque. Premiére Partie", Baskinta, Lebanon: Pierre Hobeica, 1904.
HomAbrSara	Brock, S.P., and Hopkins, S., “A Verse Homily on Abraham and Sarah in Egypt: Syriac Original with Early Arabic Translation,” Le Muséon 105:1-2 (1992), 87-146.
HomAbr	———. “An Anonymous Syriac Homily on Abraham (Gen. 22),” Orientalia Lovaniensia Periodica 12 (1981), 225-260.
AtticusConst:Hom	Brière, Maurice, ed. and trans. “Une homélie inédite d’Atticus, patriarche de Constantinople (406–425),” Revue de l’Orient chrétien III, 9 [29] (1933-1934), 160-186. (Piscataway, NJ: Gorgias Press, 2010.)
HomBegLentJnChr	Rilliet-Maillard, F., “Une homélie sur le début du jeûne attribuée à Mār Jean,” in: ΑΝΤΙΔΩΡΟΝ: Hulde aan Dr. Maurits Geerard bij de voltooiing van de Clavis Patrum Graecorum / Hommage à Maurits Geerard pour célébrer l’achèvement de la Clavis Patrum Graecorum (Wetteren: Cultura, 1984), vol. 1, 57-72.
HomGirlBoy	Briquel-Chatonnet, F., “Une jeune fille changée en jeune homme. Homélie sur un miracle survenu dans le monastère de Qartmin, dans le Tur Abdin,” in: M.A. Amir-Moezzi, J.-D. Dubois, C. Jullien and F. Jullien (eds.), Pensée grecque et sagesse d’Orient. Hommage à Michel Tardieu (Bibliothèque de l’École des Hautes Études, Sciences religieuses 142; Turnhout: Brepols, 2010), 133-152.
HomHosaGeorgAr	Rilliet, Fréderic, “Une homélie métrique sur la fête des hosannas attribuée à Georges évêque des Arabes,” Oriens Christianus 74 (1990), 72-102.
HomNativ	Desreumaux, A., “Une homélie syriaque anonyme sur la Nativité,” Parole de l’Orient 6-7 (1975-1976), 195-212.
HomPalmSuJnChr	Rilliet, Fréderic, “Une homélie syriaque sur la fête des Rameaux attribuée à Jean Chrysostome,” Parole de l’Orient 8 (1977-1978), 151-216.
HomSinWom	Sauget, Joseph-Marie, “Une homélie syriaque sur la Pécheresse attribuée à un évêque Jean,” Parole de l’Orient 6-7 (1975-1976), 159-194.
TheophAl:HomExh	Brière, Maurice, ed. and trans.  “Une homélie inédite de Théophile d’Alexandrie,” Revue de l’Orient chrétien 8:1 [18] (1913), 79-83. (Piscataway, NJ: Gorgias Press, 2010.)
Ḥunayn:BkSimWords	Gottheil, R.J.H., A Treatise on Syriac Grammar by Mâr(i) Eliâ of Sôbhâ (Berlin: Wolf Peiser, 1887).
Ḥunayn:MedQA	Chabot, J.B.,  “Version syriaque de traités médicaux dont l’original arabe n’a pas été retrouvé,” Notices et extraits des manuscrits de la Bibliothèque Nationale et autres bibliothèques 43 (1965), 77-143.
Ḥunayn:QMedStud	Wilson, E.J., and Dinkha, S., Hunain Ibn Ishaq’s “Questions on Medicine for Students”: Transcription and Translation of the Oldest Extant Syriac Version (Vat. Syr. 192) (Studi e Testi 459; Città del Vaticano: Biblioteca Apostolica Vaticana, 2010).
HymnAssuan	Rahmani, Ignatius Ephraem, ed. Studia Syriaca, seu collectio documentorum hactenus ineditorum ex codicibus Syriacis. Fasc. IV: Documenta De Antiquis Haeresibus. Monte Libano: Typis Patriarchalibus in Seminario Scharfensi, 1909.
HymnMyron	Strothmann, W., Syrische Hymnen zur Myron-Weihe (Göttinger Orientforschungen, I. Reihe: Syriaca 16; Wiesbaden: Otto Harrassowitz, 1978).
DolabaniY:Songs	Ibrahim, Gregorios Yohanna. Dolabani, the Ascetic of Mardin: His Life and Works, Piscataway, NJ, USA: Gorgias Press, 2010.
IdiomelaByz	Baumstark, Anton, “Die Idiomela der byzantinischen Karfreitagshoren in syrischer Überlieferung,” Oriens Christianus III, 3-4 [25-26] (1930), 232-247.
IgnAnt:Ep	Wright, William, ed. and trans. “Syriac Remains of S. Ignatius,” in: J.B. Lightfoot (ed.), The Apostolic Fathers. Part II: S. Ignatius, S. Polycarp. London: Macmillan and Co., 1889, vol. 3, 73-124.
IntroChalBrev	Breviarium Chaldaicum. Pars prima: Ab Adventu ad Quadragesima. Lutetiæ Parisiorum : Via Dicta de Sèvres 95, 1886.
Irenaeus:Frgms	Harvey, W.W., Sancti Irenaei episcopi Lugdunensis Libros quinque adversus haereses: textu graeco in locis nonnullis locupletate, versione latina cum codicibus claromontano ac arundeliano denuo collata, praemissa de placitis gnosticorum prolusione, fragmenta necnon graece, syriacae, armeniace, commentatione perpetua et indicibus variis. 2 vols (Cambridge: Typis Academicis, 1857).
IsaacAnt:AcrSogh	Brock, Sebastian P., “An Acrostic Soghitha by Isaac ‘the Teacher’ in Sinai Syr. 10,” Collectanea Christiana Orientalia 12 (2015), 47-62.
IsaacAnt:HomLuqbalJews	Kazan, S., “Isaac of Antioch’s Homily against the Jews,” Oriens Christianus 45 (1961), 30-53
IsaacAnt:HomRoyCity	Moss, Cyril, “Isaac of Antioch, Homily on the Royal City,” Zeitschrift für Semitistik 7 (1929), 295-306; 8 (1930), 61-72.
IsaacAnt:Madr	Bickell, G., Sancti Isaaci Antiocheni, doctoris Syrorum, opera omnia. 2 vols. Giessen: J. Ricker, 1873-1977.
IsaacNin:2ExcPart5	Chialà, S., “Due discorsi ritrovati della Quinta parte di Isacco di Ninive?,” Orientalia Christiana Periodica 79:1 (2013), 61-112.
IsaacNin:ChsKnowl	Kalinin, M.G., Lidskaya, T.B., Preobrazhensky, A.M., and Turkin, S.S., “‘The Chapters on Knowledge’ of Isaac of Nineveh. Part I: Syriac Text, Translation and Notes,” Библия и христианская древность 2 [6] (2020), 15-33 [in Russian].
IsaacNin:LifeDoctr	Chabot, Jean-Baptiste, ed. De S. Isaaci Ninivitae Vita, Scriptis et Doctrina: Accedunt Isaaci Tres Integri Sermones. Paris: Ernest Leroux, 1892. (Piscataway, NJ: Gorgias Press, 2011).
IsaacNin:PerfRelig	Bedjan, Paulus, ed. Mar Isaacus Ninivita. De perfectione religiosa. Paris / Leipzig: Otto Harrassowitz, 1909.
Isaac:ChapBkDisp	Chabot, J.B., “Notice sur deux manuscrits contenant les œuvres du moine Isaac de Rabban Isho et du métropolitain Ahoudemmeh,” Notices et extraits des manuscrits de la Bibliothèque Nationale et autres bibliothèques 43 (1965), 43-76.
IšoAdiab:LgndIsho'Sabr	Chabot, Jean Baptiste, “Histoire de Jésus-Sabran, écrite par Jésus-Yab d’Adiabène, publiée d’après le ms. syr. CLXI de la Bibliothèque Vaticane,” Nouvelles archives des missions scientifiques et littéraires 7 (1897), 485-584.
Išod:BkChastety	Chabot, Jean Baptiste, “Le Livre de la Chasteté, composé par Jésusdenah, évêque de Baçrah,” Mélanges d’archéologie et d’histoire 16:3-4 (1896), 1-80, 225-291.
IšoGdal:EpChristol	Sako, L.R., Lettre christologique du Patriarche Syro-oriental Īšō‘yahb II de Gḏālā (628–646): étude, traduction et édition critique (Rome: Pontificium Institutum Orientale, 1983).
IšoIV:QEuch	van Unnik, W.C., Nestorian Questions on the Administration of the Eucharist, by Isho’yabh IV: A Contribution to the History of the Eucharist in the Eastern Church (Haarlem: Joh. Enschedé en Zonen, 1937).
IšoMerv:ComJn	Hofstra, Johan D., ed. and trans. Isho‘dad of Merw. Commentary on the Gospel of John. CSCO 671, Syr. 259. Leuven: Peeters, 2019.
IšoMerv:ComPaulsEp	Gibson, Margaret Dunlop, ed. The commentaries of Isho'dad of Merv Bishop of Hadatha (c. 850 A.D.) in Syriac and English: The epistles of Paul the Apostle in Syriac, vol. 5, part I, Cambridge: Cambridge University Press, 1916.
IšoMerv:ComGen	Van den Eynde, Ceslas Florent (ed.), "Commentaire d’Iso’dad de Merv sur l’Ancien Testament, I. Genèse". CSCO 126, Syr. 75. Leuven: Secrétariat du CorpusSCO, 1955.
IšoMerv:ComActsCathEp	Gibson, Margaret Dunlop, ed. The commentaries of Isho'dad of Merv Bishop of Hadatha (c. 850 A.D.) in Syriac and English: Acts of the apostles and three Catholic epistles, vol. 4, Cambridge: Cambridge University Press, 1913.
Is̆oRev:CorJuris	Sachau, Eduard, ed. Syrische Rechtsbücher. Dritter Band: Corpus juris des persischen Erzbischofs Jesubocht. Erbrecht oder Canones des persischen Erzbischofs Simeon. Eherecht des Patriarchen Mâr Abhâ aus der römischen Handscriften. Berlin: G. Reimer, 1914.
ItalCall:QNest	Ibrahim, H., and Poggi, V., “Dialogo fra “ortodosso” e “nestoriano” del Vaticano Siriaco 173,” Orientalia Christiana Periodica 42 (1976), 459-493.
JacEdes:Ench	Furlani, Giuseppe, “L’’Εγχειρίδιον di Giacomo d’Edessa nel testo siriaco,” Rendiconti della Reale Accademia Nazionale dei Lincei. Classe di scienze morali, storiche e filologiche VI, 4 (1928), 222-249.
JacEdes:EpDeacGeorg	Nau, François, “Lettre de Jacques d’Édesse au diacre George sur une hymne composée par S. Éphrem et citée par S. Jean Maron,” Revue de l’Orient chrétien I, 6 (1901), 115-131.
JacEdes:EpGenMary	Nau, François, “Lettre de Jacques d’Édesse sur la généalogie de la Sainte Vierge,” Revue de l’Orient chrétien I, 6 (1901), 512-531.
JacEdes:EpJnStylCan	Rignell, K.-E., A Letter from Jacob of Edessa to John the Stylite of Litarab Concerning Ecclesiastical Canons: Edited from Ms. Br. Mus. Add. 14,493 with Introduction, Translation and Commentary (Lund: C.W.K. Gleerup, 1979).
JacEdes:EpJnStylChron	Nau, François, “Lettre de Jacques d’Édesse à Jean le Stylite sur la chronologie biblique et la date de la naissance du Messie,” Revue de l’Orient chrétien 5 (1900), 581-596.
JacEdes:EpJnStylExeg	Wright, William, “Two Epistles of Mâr Jacob, Bishop of Edessa,” Journal of Sacred Literature and Biblical Record NS X, 20 (1867), 430-460
JacEdes:FrgmsGramm	Wright, William, ed. Fragments of the Turrāṣ mamllā nahrāyā or Syriac Grammar of Jacob of Edessa, Edited from MSS. in the British Museum and the Bodleian Library. London: Gilbert and Rivington, 1871.
JacEdes:MemMyron	Brock, Sebastian P., ed. and trans. “Jacob of Edessa’s Discourse on the Myron,” Oriens Christianus 63 (1979), 20-36.
JacEdes:MonWay	Aydin, E., Comparing the Syriac Order of Monastic Profession (ṭeksā d-sufārā d-dayrāyē) with the Order of Baptism (ṭeksā da-‘mādā) both in External Structure and in Theological Themes (Ph.D. dissertation; Princeton Theological Seminary, 2011).
JacEdes:Canons	Kayser, Carl. Die canones Jacob’s von Edessa übersetzt und erläutert. Leipzig: J.C. Hinrichs, 1886.
JacEdes:ChronEdes	Brooks, Ernest Walter and Guidi, Ignazio and Chabot, Jean Baptiste, eds. Chronica Minora III. CSCO 5, Syr 5. Leuven: Secrétariat du CorpusSCO, 1905.
JacEdes:FrgsCanons	Wright, William. Notulae syriacae. London: Gilbert and Rivington, 1887.
JacEdes:MemRef	Penn, M.P., “Jacob of Edessa’s Defining Christianity: Introduction, Edition, and Translation,” Journal of Eastern Christian Studies 64:3-4 (2012), 175-199.
JacEdes:ScholOT	Phillips, George, ed. Scholia on Passages of the Old Testament by Mār Jacob, Bishop of Edessa. London: Williams and Norgate, 1864.
JacEdes:TractPersTense	Jacob, George Phillips, ed. A Letter by Mār Jacob, Bishop of Edessa, on Syriac Orthography; Also a Tract by the Same Author, and a Discourse by Gregory Bar Hebræus on Syriac Accents. Now Edited, in the Original Syriac, from Mss. in the British Museum, with an English Translation and Notes. London: Williams and Norgate, 1869.
JacEdes:EpOrtho	Jacob, George Phillips, ed. A Letter by Mār Jacob, Bishop of Edessa, on Syriac Orthography; Also a Tract by the Same Author, and a Discourse by Gregory Bar Hebræus on Syriac Accents. Now Edited, in the Original Syriac, from Mss. in the British Museum, with an English Translation and Notes. London: Williams and Norgate, 1869.
JacMal:Col	Nau, François, ed. and trans. "Deux notices relatives au Malabar,” Revue de l’Orient chrétien II, 7 [17] (1912), 74-99. (Piscataway, NJ: Gorgias Press, 2010.)
ConfFaith	Nau, François, ed. and trans. "Une profession de foi jacobite,” Revue de l’Orient chrétien II, 7 [17] (1912), 324-327. (Piscataway, NJ: Gorgias Press, 2010.)
JacSer:Anaph2	Codrington, Humphrey WIlliam, "Anaphora Iacobi Sarugensis Secunda", Anaphorae Syriacae 2.1. Rome, Pontificium Institutum Orientalium Studiorum, 1951. 41-73.
JacSer:Anaph3	Codrington, Humphrey WIlliam, "Anaphora Iacobi Sarugensis Tertia", Anaphorae Syriacae 2.1. Rome, Pontificium Institutum Orientalium Studiorum, 1951. 75-83.
JacSer:HomMaryStrgrs	Mouterde, P., “Deux homélies inédites de Jacques de Saroug,” Mélanges de l’Université Saint-Joseph 26:1 (1944-1946), 1-36.
JacSer:HomThomas	Forness, Philip  M., ed. and trans. Jacob of Serugh: Homily on the Apostle Thomas and the Resurrection of Our Lord. CSCO 691, Scr. Syri 266. Leuven: Peeters, 2022.
JacSer:Hom2	Akhrass, Roger-Youssef, and Imad Syryany. 160 Unpublished Homilies of Jacob of Serugh. Syriac Orthodox Patriarchate, 2017.
JacSer:MemKoh	Deppe, K., Kohelet in der syrischen Dichtung: Drei Gedichte über das Kohelet-Buch von Afrēm, Jakob von Sarug und Johannes von Mossul (Göttinger Orientforschungen, I. Reihe: Syriaca 6; Wiesbaden: Otto Harrassowitz, 1975).
JacSer:MemThomIndia	Strothmann, W., Jakob von Sarug. Drei Gedichte über den Apostel Thomas in Indien (Göttinger Orientforschungen, I. Reihe: Syriaca 12; Wiesbaden: Otto Harrassowitz, 1976).
JacSer:MemVeilMosFace	Brock, Sebastian P., trans. Jacob of Sarug's Homily on the Veil on Moses' Face. 1st Gorgias Press ed. Piscataway, NJ: Gorgias, 2009. Print. Metrical Homilies of Mar Jacob of Sarug ; Fasc. 1. Texts from Christian Late Antiquity 20. [Bedjan, Paulus, ed. Homiliae selectae Mar-Jacobi Sarugensis, vol. 3, 5 vol. Leipzig / Paris: Otto Harrassowitz, 1907.]
JacSer:HomTamar	Brock, Sebastian P., ed. and trans. “Jacob of Serugh’s Verse Homily on Tamar (Gen. 38),” Le Muséon 115:3-4 (2002), 279-315.
JacSer:TurgFestHom	Rilliet, Frédéric, ed. Jacques de Saroug. Six homélies festales en prose. Patrologia Orientalis 43.4 [196]. Turnhout: Brepols, 1986. 
JacSer:Mem5	Bedjan, Paulus, ed. Homiliae selectae Mar-Jacobi Sarugensis, vol. 5. Paris / Leipzig: Otto Harrassowitz, 1910.
JacSer:Mem6	Bedjan, Paulus and Brock, Sebastian P., eds. Homilies of Mar Jacob of Sarug / Homiliae Selectae Mar-Jacobi Sarugensis. Piscataway, NJ: Gorgias Press, 2006.
JacSer:MemSpectTheat	Moss, Cyril. "Jacob of Serugh's Homilies on the Spectacles of the Theatre." Le Muséon 48 (1935): 87-112.
JacobC:LitRiteIntro	Jacob, Cyril, ed. "ܟܬܒܐ ܕܫܘܡܠܝܐ ܕܩܘܪܒܐ ܠܦܘܬ ܛܟܣܐ ܕܥܕܬܐ ܩܕܝܫܬܐ ܕܐܢܛܝܘܟܝܐ ܣܘܪܝܝܬܐ ܬܪܝܨܬ ܫܘܒܚܐ", Qamishli: 1964.
JingJing:Xi'anStele	Saeki, Peter Yoshiro. The Nestorian Monument in China. London: Society for Promoting Christian Knowledge, 1916.
JnApa:2DoxChrist	Nin, Manuel, “Giovanni il Solitario. Due dossologie christologiche,” in: M. Löhrer and E. Salmann (eds.), Mysterium Christi: Symbolgegenwart und theologische Bedeutung. Festschrift für Basil Studer (Studia Anselmiana 116; Roma: Pontificio Ateneo S. Anselmo, 1995), 205-218.
JnApa:4Ep	Maroki, S., “Jean le Solitaire (d’Apamée) (Ve siècle). Quatre lettres inédites: textes syriaques et traduction française,” Parole de l’Orient 35 (2010), 477-506.
JnApa:5MemBeatit	Nin, Manuel, Juan el Solitario. Los cinco discursos sobre las Bienaventuranzas (Ph.D. dissertation; Institutum Patristicum Augustinianum, 1997).
JnApa:ComEph6:11	Nin, Manuel, “Commentario de Juan el Solitario a Ef 6, 11,” Studia Monastica 33:2 (1991), 207-222.
JnApa:CommKoh	Strothmann, Werner, ed. and trans. Kohelet-Kommentar des Johannes von Apamea: Syrischer Text mit vollständigem Wörterverzeichnis. Göttinger Orientforschungen, I. Reihe: Syriaca 30; Wiesbaden: Otto Harrassowitz, 1988.
JnApa:DialThom	Strothmann, Werner. Johannes von Apamea. Sechs Gespräche Mit Thomasios, Der Briefwechsel Zwischen Thomasios Und Johannes Und Drei an Thomasios Gerichtete Abhandlungen. Walter de Gruyter, 1972.
JnApa:EpApamea	Rignell, Lars Gösta. Briefe von Johannes Dem Einsiedler Mit Kritischem Apparat, Einleitung Und Übersetzung. Håkan Ohlssons Boktryckeri, 1941.
JnApa:HomPoorSp	Marolf, D.R., John the Solitary’s Homily on the Poor in Spirit: Edition and Translation (M.A. thesis; Abilene Christian University, 2017).
JnApa:MemFast	Chakhtoura, E., “Due discorsi inediti sul digiuno di Giovanni il Solitario,” Orientalia Christiana Periodica 80:2 (2014), 329-366.
JnApa:MemProv	Nin, Manuel, “Memra de Juan el Solitario,” Studia Monastica 37 (1995), 19-39.
JnApa:Pray	———. “John the Solitary, On Prayer,” Journal of Theological Studies 30:1 (1979), 84-101.
JnApa:MemApamea	Rignell, Lars Gösta. Drei Traktate von Johannes Dem Einsiedler (Johannes von Apameia). C.W.K. Gleerup, 1960.
JnBirt:MemAssumpBVM	Baumstark, Anton. "Zwei syrische Dichtungen auf das Entschlafen der allerseligsten Jungfrau." Oriens Christianus 5 (1905): 82-125.
JnChr:Anaph	Codrington, Humphrey William, "Anaphora Ioannis Chrysostomi", Anaphorae Syriacae 1.2. Rome, Pontificium Institutum Orientalium Studiorum, 1940: 149-201.
Ps-JnChr:CommDeChananea	Bundy, D., “The Syriac Version of De Chananaea attributed to John Chrysostom (CPG 4529),” Le Muséon 96:1-2 (1983), 97-132.
Ps-JnChr:HomCross	Browne, G.M., “Ps.-Chrysostom, In venerabilem crucem sermo: The Syriac Version,” Le Muséon 99:1-2 (1986), 39-59.
Ps-JnChr:HomHolyFriday	Kmosko, Michael, “Analecta Syriaca e codicibus Musei Britannici excerpta, II. Homilia in noctem Parasceves S. Ioanni Chrysostomo adscripta,” Oriens Christianus 3:1 (1903), 91-125.
Ps-JnChr:HomVocMatt	Sauget, Joseph-Marie, “Une homélie syriaque sur la vocation de Matthieu attribuée à Jean Chrysostome,” in: Mélanges Antoine Guillaumont. Contributions à l’étude des christianismes orientaux (Cahiers d’Orientalisme 20; Genève: Patrick Cramer, 1988), 187-199.
JnChr:ProlComJobSH	Muth, F.-C., “Der Hiobprolog des Johannes Chrysostomus nach der Syro-Hexapla,” in: P. Bruns and H.O. Luthe (eds.), Orientalia Christiana: Festschrift für Hubert Kaufhold zum 70. Geburtstag (Wiesbaden: Harrassowitz Verlag, 2013), 347-359.
JnConst:MemVirgRepAdm	Budge, E.A.W., “Syriac Version of the Discourse of Mâr John, Bishop of Constantinople, on Virginity, and Repentance and Admonition (Brit. Mus. MS. Add. 14,546),” in: Idem (ed.), Coptic Homilies in the Dialect of Upper Egypt Edited from the Papyrus Codex Oriental 5001 in the British Museum (Coptic Texts 1; London: British Museum, 1910), 289-379.
JnDalya:Hom	Khayyat, N., Jean de Dalyatha. Les Homélies I-XV (Sources syriaques 2; Antélias, Liban: Centre d’Études et de Recherches Orientales, 2007).
JnDamas:CanPent	Baumstark, Anton, “Der jambische Pfingstkanon des Johannes von Damaskus in einer alten melchitisch-syrischen Übersetzung,” III, 14 [36] (1941), 205-223.
JnDara:ScholPsDionEH	Strothmann, W., Das Sakrament der Myron-Weihe in der Schrift De ecclesiastica hierarchia des Pseudo-Dionysios Areopagita in syrischen Übersetzungen und Kommentaren. 2 vols (Göttinger Orientforschungen, I. Reihe: Syriaca 15; Wiesbaden: Otto Harrassowitz, 1977-1978).
JnEph:ActsEastSaints3	Brooks, E. W., ed. and trans. John of Ephesus: Lives of the Eastern Saints, III. Patrologia Orientalis 19.2. Paris: Firmin-Didot, 1925.
JnMonk:MemDenha	Chabot, J.B., “Éloge du patriarche nestorien Mar Denha Ier, par le moine Jean,” Journal asiatique IX, 5 (1895), 110-141.
JnMos:BookBeauGuid	Millos, Elia Joannes, ed. Directorium spirituale ex Libris Sapientialibus desumptum a Presbytero Doctore Joanne Monacho Chaldaeo, compositum A.D. 1245. Rome: Typis Sacrae Congregationis de Propaganda Fide, 1868.
JnMos:MemBarSira	Strothmann, W., Joannes von Mossul. Bar Sira (Göttinger Orientforschungen, I. Reihe: Syriaca 19; Wiesbaden: Otto Harrassowitz, 1979).
JnMosch:SpirMead	Binggeli, A., and Ruani, F., “Au-delà des flammes: trois récits inédits du Pré spirituel de Jean Moschos en syriaque,” in: S. Brelaud, J. Daccache, M. Debié, M. Farina, F. Ruani and É. Villey (eds.), Le calame et le ciseau: colophons syriaques offerts à Françoise Briquel Chatonnet (Cahiers d’études syriaques 8; Paris: Geuthner, 2021), 383-420.
JnMos:MemKoh	Deppe, K., Kohelet in der syrischen Dichtung: Drei Gedichte über das Kohelet-Buch von Afrēm, Jakob von Sarug und Johannes von Mossul (Göttinger Orientforschungen, I. Reihe: Syriaca 6; Wiesbaden: Otto Harrassowitz, 1975).
JnPenk:BkMainPts1	Furman, Y., “The Origins of the Temporal World: The First mē’mrā of the Kṯāḇā d-rēš mellē of John Bar Penkāyē,” Scrinium 10 (2014), 3-46.
JnPhil:FrgmArians	Van Roey, Albert, “Fragments antiariens de Jean Philopon,” Orientalia Lovaniensia Periodica 10 (1979), 237-250.
JnPhil:FrgmTrith	Van Roey, Albert, “Les fragments trithéites de Jean Philopon,” Orientalia Lovaniensia Periodica 11 (1980), 135-163.
JnPhil:TreatDiff	Sanda, A., ed. Opuscula Monophysitica Ioannis Philoponi, Typographia Catholica PP. Soc. Jesu., 1930 (Piscataway, NJ: Gorgias Press, 2012).
JnRufus:LifePetIber 	Raabe, Richard, ed. and trans. Petrus der Iberer: ein Charakterbild zur Kirchen und Sittengeschichte des fünften Jahrhunderts: syrische Übersetzung einer um das Jahr 500 verfassten griechischen Biographie. Leipzig: Hinrichs, 1895; Horn, C.B., and Phenix, R.R., Jr., John Rufus. The Lives of Peter the Iberian, Theodosius of Jerusalem, and the Monk Romanus (SBL Writings from the Greco-Roman World 24; Atlanta, Georgia: Society of Biblical Literature, 2008).
JnSchol:ScholPsDionEH	Strothmann, W., Das Sakrament der Myron-Weihe in der Schrift De ecclesiastica hierarchia des Pseudo-Dionysios Areopagita in syrischen Übersetzungen und Kommentaren. 2 vols (Göttinger Orientforschungen, I. Reihe: Syriaca 15; Wiesbaden: Otto Harrassowitz, 1977-1978).
JnSed:ApolOrthFaith	Martikainen, Jouka, ed. and trans., Johannes I. Sedra (Göttinger Orientforschungen, I. Reihe: Syriaca 34. Wiesbaden: Otto Harrassowitz, 1991.
JnSed:ApolTheodAnt	Martikainen, Jouka, ed. and trans., Johannes I. Sedra (Göttinger Orientforschungen, I. Reihe: Syriaca 34. Wiesbaden: Otto Harrassowitz, 1991.
JnSed:IncenAltar	Martikainen, Jouka, ed. and trans., Johannes I. Sedra (Göttinger Orientforschungen, I. Reihe: Syriaca 34. Wiesbaden: Otto Harrassowitz, 1991.
JnSed:MemMyron	Martikainen, Jouka, ed. and trans., Johannes I. Sedra (Göttinger Orientforschungen, I. Reihe: Syriaca 34. Wiesbaden: Otto Harrassowitz, 1991.
JnSed:PlerophPt3	Draguet, René, “Pièces de polémique antijulianiste: 3. L’ordination frauduleuse des julianistes,” Le Muséon 54 (1941), 59-89.
JnTella:Can	Kuberczyk, C., Canones Iohannis bar Cursus, Tellae Mauzlatae episcopi, e codicibus syriacis Parisino et quattuor Londiniensibus editi (Leipzig: W. Drugulin, 1901).
JnTella:ComTrisag	Poggi, V., and Ibrahim, G.Y., “Il commento al Trisagio di Giovanni Bar Qūrsūs,” Orientalia Christiana Periodica 52 (1986), 202-210.
JosḤazz:MemProv	Kavvadas, N., Joseph Hazzaya. On Providence: Text, Translation and Introduction (Texts and Studies in Eastern Christianity 8; Leiden: Brill, 2016).
JosepGur:ColBkBeauGuid	Millos, Elia Joannes, ed. Directorium spirituale ex Libris Sapientialibus desumptum a Presbytero Doctore Joanne Monacho Chaldaeo, compositum A.D. 1245. Rome: Typis Sacrae Congregationis de Propaganda Fide, 1868.
JosephMa'a:Comp11Councils	Bedjan, Paulus, ed. Compendium Conciliorum Oecumenicorum Undecim. Leipzig: W. Drugulin, 1888.
KalDim	Wright, William, ed. The Book of Kalīlah and Dimnah, Translated from Arabic into Syriac. Oxford: Clarendon Press, 1884.
KarimCA:ForeScatPearls	Barsoum, Ignatius Aphram. The Scattered Pearls: A History of Syriac Literature and Sciences. Translated by Moosa, Matti. Piscataway, NJ: Gorgias Press, 2003.
KeyDreams	Furlani, Giuseppe, ed. “Une clef des songes en syriaque,” Revue de l’Orient chrétien III, 2 [22] (1920-1921), 118-144, 225-248. (Piscataway, NJ: Gorgias Press, 2010.)
DemMotherGod	Kmosko, Michael, ed. and trans. “Analecta Syriaca e codicibus Musei Britannici excerpta,” Oriens Christianus 2 (1902), 33-57. (Piscataway, NJ: Gorgias Press, 2010.)
LamMaryNieceAbr	Brock, Sebastian P., “The Lament of Mary, Niece of Abraham Qidunaya,” The Syriac Annals of the Romanian Academy 1 (2020-2021), 9-29.
LamPhilAlex	Brock, Sebastian P., “The Laments of the Philosophers over Alexander in Syriac,” Journal of Semitic Studies 15:2 (1970), 205-218.
LawValentAmbrose	Sachau, Eduard, ed. "Syrische Rechtsbücher. Erster Band: Leges Constantini Theodosii Leoni". Berlin: G. Reimer, 1907.
LayardBowl6	Layard, Austen H., ed. Discoveries in Nineveh and Babylon. London: John Murray Albemarle Street, 1853.
LeadTalism	———. “A Lead Syriac Protective Talisman,” in: L. Nehmé and A. Al-Jallad (eds.), To the Madbar and Back Again: Studies in the Languages, Archaeology, and Cultures of Arabia Dedicated to Michael C.A. Macdonald (Studies in Semitic Languages and Linguistics 92; Leiden: Brill, 2018), 309-326.
LectFeasts	Rassam, Nemrod, ed. "ܪܘܫܡܐ ܕܩܪ̈ܝܢܐ ܕܡܬܟܪܝܢ ܒܚܕܒܫܒ̈ܐ ܘܒܥܐܕ̈ܐ ܡܪ̈ܢܝܐ ܘܒܕܘܟܪ̈ܢܐ", Mosul: Assyrian Church of the East, 1924.
LentSunEvePray	ܕܪ̈ܡܫܝܬܐ ܕܚܕܒܫ̈ܒܐ ܕܨܘܡܐ ܪܒܐ. Holy Lent Sunday Evening Prayers. صلوات مساء آحأد الصوم العربعيني المقدس, Teaneck, New Jersey: Saint Mark's Cathedral. 
Leo1:Tome	Mouterde, P., “Les versions syriaques du Tome de saint Léon,” Mélanges de l’Université Saint-Joseph 16 (1932), 119-166.
LeonNeo:LifeJnMerc	Venturini, Guido, ed. and trans. La Versione Siriaca Della Vita Di Giovanni Il Misericordioso Di Leonzio Di Neapolis. CSCO 679, Syr. 263. Leuven: Peeters, 2020.
DanṢal:CorrCommPs	Çiçek, Julious Yeshu‘. Commentary on the Psalms by Daniel of Salah. 2nd ed., Gorgias Press, 2011.
Lgnd30PSilvES	Burke, T., and Čéplö, S., “The Syriac Tradition of The Legend of the Thirty Pieces of Silver,” Hugoye: Journal of Syriac Studies 19:1 (2016), 35-121.
Lgnd30PSilvWS	Burke, T., and Čéplö, S., “The Syriac Tradition of The Legend of the Thirty Pieces of Silver,” Hugoye: Journal of Syriac Studies 19:1 (2016), 35-121.
LgndAbrahamTurAbd	Nau, F., ed. and trans. Les Légendes Syriaques d’Aaron de Saroug, de Maxime et Domèce, d’Abraham, Maître de Barsoma, et de l’Empereur Maurice. PO Tome 5, Fascicule 5, no. 25. Turnhout: Brepols, 1981.
LgndActors	Link, J., Die Geschichte der Schauspieler nach einem syrischen Manuscript der königlichen Bibliothek in Berlin (Inaugural-Dissertation zur Erlangung der Doctorwürde der hohen philosophischen Fakultät der Universität Bern; Berlin: H. Itzkowski, 1904).
LgndAlexius	Amiaud, A. ed., La légende syriaque de Saint Alexis, l’homme de Dieu (Bibliothèque de l’École des hautes études IV, Sciences historiques et philologiques 79; Paris: É. Bouillon, 1889).
LgndAwgin	Dyakonov, A.P., “On the History of the Syriac Legend of St. Mar Awgen,” Christian East 6:2 (1918), 107-174. [in Russian]
LgndAzaz	Macler, F., Histoire de saint Azazaïl: texte syriaque inédit avec introduction et traduction française, précédée des Actes grecs de saint Pancrace, publiés pour la première fois (Bibliothèque de l’École des hautes études, Sciences historiques et philologiques 141; Paris: É. Bouillon, 1902).
LgndBahiraES	Roggema, B.H., The Legend of Sergius Baḥīrā: Eastern Christian Apologetics and Apocalyptic in Response to Islam (The History of Christian-Muslim Relations 9; Leiden: Brill, 2009).
LgndBahiraWS	Roggema, B.H., The Legend of Sergius Baḥīrā: Eastern Christian Apologetics and Apocalyptic in Response to Islam (The History of Christian-Muslim Relations 9; Leiden: Brill, 2009).
LgndBenjamin	Scheil, Jean V., “La vie de Mar Benjamin. Texte syriaque,” Zeitschrift für Assyriologie 12 (1897), 62-96.
LgndDanScet	Nau, François, “Vie et récits de l’abbé Daniel de Scété (VIe siècle), II. Texte syriaque,” Revue de l’Orient chrétien 5 (1900), 391-406.
LgndEph	Allgeier, A. ed., “Die älteste Gestalt der Siebenschläferlegende,” Oriens Christianus NS 6 (1916), 1-43.
LgndFelix	van Lantschoot, Arnold, “La légende du moine Félix (recension syriaque),” Le Muséon 75:1-2 (1962), 93-100.
LgndHabib	Dyakonov, A.P., The Syriac Legend of Mar Habib, the Disciple of Mar Awgen,” in: Proceedings of the Caucasian Historical and Archaeological Institute (Tiflis, 1927), vol. 5:1-42. [in Russian]
LgndHolyCross	Nestle, Eberhard. De Sancta Cruce. Ein Beitrag zur christlichen Legendengeschichte. Berlin: H. Reuther, 1889.
LgndHolyFri	Minov, Sergey, “Friday Veneration among Syriac Christians: The Witness of the Story of the Holy Friday,” Journal of the Royal Asiatic Society III, 30:2 (2020), 195-222.
LgndIazdbozid	Peeters, P., “Une légende syriaque de S. Iazdbozid,” Analecta Bollandiana 49 (1931), 5-21.
LgndJnNhel	———. “John of Nḥel: An Episode in Early Seventh-Century Monastic History,” Orientalia Lovaniensia Periodica 9 (1978), 95-119.
LgndKardaghi	Abbeloos, J.B., “Acta Mar Kardaghi Assyriae praefecti qui sub Sapore II martyr occubuit: syriace juxta manuscriptum Amidense una cum versione latina,” Analecta Bollandiana 9 (1890), 5-106.
LgndMartNajran	Shahîd, I., The Martyrs of Najrân: New Documents (Subsidia Hagiographica 49; Bruxelles: Société des Bollandistes, 1971).
LgndEmpMaurice	Nau, F., ed. and trans. Les Légendes Syriaques d’Aaron de Saroug, de Maxime et Domèce, d’Abraham, Maître de Barsoma, et de l’Empereur Maurice. PO Tome 5, Fascicule 5, no. 25. Turnhout: Brepols, 1981.
LgndMaximDemet	Nau, F., ed. and trans. Les Légendes Syriaques d’Aaron de Saroug, de Maxime et Domèce, d’Abraham, Maître de Barsoma, et de l’Empereur Maurice. PO Tome 5, Fascicule 5, no. 25. Turnhout: Brepols, 1981.
LgndNest	Brière, Maurice, ed. and trans. "La légende syriaque de Nestorius". Revue de l’Orient Chrétien II, 5 [15] (1910), 1-25 (Piscataway, NJ: Gorgias Press, 2010.)
LgndPtrPubl	Venturini, G., “La leggenda di Pietro il Pubblicano nella tradizione agiografica siriaca: storia trasmissione, edizione critica, traduzione,” Le Muséon 133:1-2 (2020), 43-86.
LgndSabrisho	Mingana, Alphonse. Sources Syriaques. Vol. 1: Mšiḥa-Zkha (Texte et Traduction); Bar-Penkayé (Texte). Otto Harrassowitz, 1908.
LgndSamSimGab	Palmer, A., Taš‘ītā d-qaddīšā mār Šmū’ēl w-mār Šem‘ūn w-mār Gabri’ēl (Glane / Losser: Monastery of St. Ephrem, 1983).
LgndSchen	Nau, François, "Une version syriaque inédite de la Vie de Schenoudi" (Paris: Ernest Leroux, 1900).
LgndSleepEphA	Tondello, M. “The Story of the Sleepers of Ephesus according to the Oldest Extant Text: Manuscipt N.S.S.4,” Journal of Eastern Christian Studies 71:1-2 (2018), 29-92.
LgndWomJerusBL	Minov, Sergey, “The Therapy for Grief and the Practice of Incubation in Early Medieval Palestine: The Evidence of the Syriac Story of a Woman from Jerusalem,” in: B. Bitton-Ashkelony and D. Krueger (eds.), Prayer and Worship in Eastern Christianities, 5th to 11th Centuries (London: Routledge, 2017), 210-238.
LgndWomJerusParis	Minov, Sergey, “The Therapy for Grief and the Practice of Incubation in Early Medieval Palestine: The Evidence of the Syriac Story of a Woman from Jerusalem,” in: B. Bitton-Ashkelony and D. Krueger (eds.), Prayer and Worship in Eastern Christianities, 5th to 11th Centuries (London: Routledge, 2017), 210-238.
LifeAbel	———. “A Syriac Life of Abel,” Le Muséon 87:3-4 (1974), 467-492.
LifeClemRom	Mingana, Alphonse, ed. "Some Early Judeo-Christian Documents in the John Rylands Library", Manchester: The University Press, 1917.
LifeJnDailam	———. “A Syriac Life of John of Dailam,” Parole de l’Orient 10 (1981-1982), 123-189.
LifeMaxConf	“An Early Syriac Life of Maximus the Confessor,” Analecta Bollandiana 91 (1973), 299-346.
LifeRabbula	Phenix, R.R., Jr., and Horn, C.B., The Rabbula Corpus: Comprising the Life of Rabbula, His Correspondence, a Homily Delivered in Constantinople, Canons, and Hymns (SBL Writings from the Greco-Roman World 17; Atlanta: SBL Press, 2017).
LifeYaretAlex	Minov, Sergey, “The Syriac Life of Mār Yāret the Alexandrian: Promoting the Cult of a Monastic Holy Man in Early Medieval Mesopotamia,” in: S. Minov and F. Ruani (eds.), Syriac Hagiography: Texts and Beyond (Texts and Studies in Eastern Christianity 20; Leiden: Brill, 2021), 160-222.
Epiphanius:ChronList	Nau, François, ed. and trans. "Une liste des chronographes (ms. syr. de Paris no 9, p. 165),” Revue de l’Orient chrétien II, 10 [20] (1915-1917), 101-104." (Piscataway, NJ: Gorgias Press, 2010.)
LiturgQuestAns	Rahmani, Ignatius Ephraem, ed. Studia Syriaca, seu collectio documentorum hactenus ineditorum ex codicibus Syriacis. Fasc. III: Vetusta Documenta Liturgica. Primo Edidit Latin Vertit Notis Illustrative. Monte Libano: Typis Patriarchalibus in Seminario Scharfensi, 1908.
Lucian:Cal	Sachau, Eduard, ed. Inedita Syriaca: Eine Sammlung syrischer Übersetzungen von Schriften griechischer Profanliteratur, mit einem Anhang, aus den Handschriften des Brittischen Museums herausgegeben. Wien: K.K. Hof- und Staatsdruckerei, 1870.
Macar:RevSoulsDeath	van Lantschoot, A., “Révélations de Macaire et de Marc de Tarmaqa sur le sort de l’âme après la mort,” Le Muséon 63 (1950), 159-189.
Macar:EpAeg	Strothmann, Werner, ed. and trans. Die syrische Überlieferung der Schriften des Makarios. 2 vols (Göttinger Orientforschungen, I. Reihe: Syriaca 21.1-2; Wiesbaden: Otto Harrassowitz, 1981.
Macar:EpAl	Strothmann, Werner, ed. and trans. Die syrische Überlieferung der Schriften des Makarios. 2 vols (Göttinger Orientforschungen, I. Reihe: Syriaca 21.1-2; Wiesbaden: Otto Harrassowitz, 1981.
Macar:HomAeg	Strothmann, Werner, ed. and trans. Die syrische Überlieferung der Schriften des Makarios. 2 vols (Göttinger Orientforschungen, I. Reihe: Syriaca 21.1-2; Wiesbaden: Otto Harrassowitz, 1981.
Macar:HomAl	Strothmann, Werner, ed. and trans. Die syrische Überlieferung der Schriften des Makarios. 2 vols (Göttinger Orientforschungen, I. Reihe: Syriaca 21.1-2; Wiesbaden: Otto Harrassowitz, 1981.
Macar:WritSinai	Strothmann, Werner, ed. and trans. Die syrische Überlieferung der Schriften des Makarios. 2 vols (Göttinger Orientforschungen, I. Reihe: Syriaca 21.1-2; Wiesbaden: Otto Harrassowitz, 1981.
MadrActsThom	“Zwei Hymnen der Thomasakten,” Zeitschrift für die neutestamentliche Wissenschaft 4 (1903), 273-309.
MadrFaith	Brock, Sebastian P., “An Anonymous Madrasha on Faith,” Oriens Christianus 64 (1980), 48-64.
MalMass	Pareparambil, Aloysius, ed. Ordo Missae Syro-Chaldaeo-Malabaricae cum Translatione Latina. Puthenpally: M. T. S. Press, 1912.
Marcian:Opusc	Lebon, J., Le moine saint Marcien: étude critique des sources, édition de ses écrits (Spicilegium Sacrum Lovaniense: études et documents 36; Leuven: Spicilegium Sacrum Lovaniense, 1968).
MaronFuner2	ܟܬܐܒ ܐܠܓܢܐܙܐܬ ܚܣܒ ܛܩܣ ܐܠܟܢܝܣܗ̈ ܐܠܣܪܝܢܝܗ̈ ܐܠܡܐܪܘܢܝܗ̈, Juniyah, Lebanon: al-Karim Press, 1929.
MaronPray	———. “An Early Maronite Text on Prayer,” Parole de l’Orient 13 (1986), 79-94.
MartBarsamya	Cureton, William, ed. Ancient Syriac Documents Relative to the Earliest Establishment of Christianity in Edessa and the Neighbouring Countries, from the Year after Our Lord’s Ascension to the Beginning of the Fourth Century. London / Edinburgh: Williams and Norgate, 1864.
MartHabib	Cureton, William, ed. Ancient Syriac Documents Relative to the Earliest Establishment of Christianity in Edessa and the Neighbouring Countries, from the Year after Our Lord’s Ascension to the Beginning of the Fourth Century. London / Edinburgh: Williams and Norgate, 1864.
Ps-JnChr:MartMariBethSahde	Peeters, P., “De S. Martyriano seu Mari de Beth-Sahde, martyre,” in: H. Delehaye and P. Peeters (eds.), Acta Sanctorum: Novembris, Tomus IV (Bruxelles: Société des Bollandistes, 1925), 432-472.
MartyrCandida	Brock, S.P., “A Martyr at the Sasanid Court under Vahran II: Candida,” Analecta Bollandiana 96 (1978), 167-181.
MartyrCresMyra	Brock, Sebastian P., “The Martyrdom of Crescus (Crescens) of Myra,” Analecta Bollandiana 135:1 (2017), 5-22.
MartyrCyrJerus	Pigulevskaya, N.V., “Le martyre de saint Cyriaque de Jérusalem,” Revue de l’Orient chrétien III, 6 [26] (1927-1928), 305-356.
MartyrDiosc	Quentin, H., and Tisserant, E., “Une version syriaque de la Passion de S. Dioscore,” Analecta Bollandiana 39 (1921), 333-344.
MartyrLeontTrip	Gérard, Garitte, “Textes hagiographiques orientaux relatifs à Saint Léonce de Tripoli: III. La Passion syriaque,” Le Muséon 81:3-4 (1968), 415-440.
MartyrPhilEarly	Brock, Sebastian P., “The Earliest Syriac Manuscript of the Martyrdom of Philemon and Companions,” in: U. Zanetti and E. Lucchesi (eds.), Aegyptus christiana. Mélanges d’hagiographie égyptienne et orientale dédiés à la mémoire du P. Paul Devos bollandiste (Cahiers d’Orientalisme 25; Genève: Patrick Cramer, 2004), 29-42.
MartyrTheonilla	McCollum, A.C., “The Martyrdom of Theonilla in Syriac,” Analecta Bollandiana 128:2 (2010), 312-328.
MartIgnAnt	Wright, William, ed. and trans. “Syriac Remains of S. Ignatius,” in: J.B. Lightfoot (ed.), The Apostolic Fathers. Part II: S. Ignatius, S. Polycarp. London: Macmillan and Co., 1889, vol. 3, 73-124.
MaruMayph:HomNewSun	Kmosko, Michael, “Analecta Syriaca e codicibus Musei Britannici excerpta, III. Homilia in “Dominicam novam” Mârûθae adscripta,” Oriens Christianus 3:2 (1903), 384-415.
MaruTag:HomBlessWat	———. “The Homily by Marutha of Tagrit on the Blessing of the Waters at Epiphany,” Oriens Christianus 66 (1982), 51-74.
MarvelsRec1	Minov, Sergey, The Marvels Found in the Great Cities and in the Seas and on the Islands: A Representative of ‘Aǧā’ib Literature in Syriac (Cambridge Semitic Languages and Cultures 6; Cambridge: Open Book Publishers, 2021).
MarvelsRec2	Minov, Sergey, The Marvels Found in the Great Cities and in the Seas and on the Islands: A Representative of ‘Aǧā’ib Literature in Syriac (Cambridge Semitic Languages and Cultures 6; Cambridge: Open Book Publishers, 2021).
MasTurAbd:DiscRetreat	Vadakkel, J., “Une conférence inédite de Mas‘oud du Tour ‘Abdin sur le recueillement,” Le Muséon 59 (1946), 353-365.
MasTurAbd:Mem	van Helmond, B.L., Mas‘oud du Ṭour ‘Abdin, un mystique syrien du XVe siècle: étude et texte (Bibliothèque du Muséon 14; Louvain: Bureaux du Muséon, 1942).
MedFrgmDam	Fiori, Emiliano, “A Hitherto Unknown Medical Fragment in Syriac: Evidence of Recipes and Prescriptions from the Qubbet el-Ḫazne of the Umayyad Mosque in Damascus,” Aramaic Studies 15:2 (2017), 200-229.
Melit:OratCaesar	Cureton, W., ed. and trans. Spicilegium Syriacum Containing Remains of Bardesan, Meliton, Ambrose and Mara Bar Serapion. London: F. & J. Rivington, 1855.
MelkHymnMary	Baethgen, “Ein melkitischer Hymnus an die Jungfrau Maria,” Zeitschrift der Deutschen Morgenländischen Gesellschaft 33 (1879), 666-671.
MelkiteOrdBapt	“A Short Melkite Baptismal Ordo,” Parole de l’Orient 3 (1972), 119-130.
Mem2JacSer	Krüger, Paul, “Ein zweiter anonymer memra über Jakob von Serugh,” Oriens Christianus 56 (1972), 112-149.
MemAlexIncarnSoulBody	Budge, E.A.W., “The Discourse of the Blessed Man Alexander on the Incarnation of Our Lord, and on the Soul and Body (Brit. Mus. MS. Add. 17,192),” in: Idem (ed.), Coptic Homilies in the Dialect of Upper Egypt Edited from the Papyrus Codex Oriental 5001 in the British Museum (Coptic Texts 1; London: British Museum, 1910), 407-424.
BkDef	Furlani, Giuseppe, “Il libro delle definizioni e divisioni” di Michele l’Interprete,” Memorie della Reale Accademia Nazionale dei Lincei. Classe di Scienze morali, storiche e filologiche VI, 2 (1926), 1-194.
MemJacSer	Krüger, Paul, “Ein bislang unbekannter sermo über Leben und Werk des Jakob von Serugh,” Oriens Christianus 56 (1972), 80-111.
LuqbalPaul	Lontie, L., “Un traité syriaque jacobite contre les partisans de Paul de Bêth Ukkâmê (564-581) (ms. British Library Add. 14.533, f. 172rob-176vob),” Orientalia Christiana Periodica 63:1 (1997), 5-51.
MemSoulArist	Furlani, Giuseppe, “Contributions to the History of Greek Philosophy in the Orient. Syriac Texts, IV: Syriac Version of the λογος κεφαλαιωδης περι ψυχης προς Τατιανον of Gregory Thaumaturgus,” Journal of the American Oriental Society 35 (1915), 297-317.
MemTrinEph	Ebied, R.Y. and Wickham, L.R., “A Short Treatise on the Trinity in Syriac Attributed to St. Ephrem the Syrian,” The Harp 27 (2011), 343-351.
MemYahballaha3	Vosté, J.M., “Memra en l’honneur de Iahballaha III,” Le Muséon 42 (1929), 168-176.
Men:SentEpitome	Sachau, Eduard, ed. Inedita Syriaca: Eine Sammlung syrischer Übersetzungen von Schriften griechischer Profanliteratur, mit einem Anhang, aus den Handschriften des Brittischen Museums herausgegeben. Wien: K.K. Hof- und Staatsdruckerei, 1870.
MerchHarran	Burkitt, Francis Crawford, ed. Euphemia and the Goth, with the Acts of Martyrdom of the Confessors of Edessa. London/Oxford: Williams and Norgate, 1913.
MilZaya:OrdChEastIntro	Youkhana, Emanuel, ed. "ܟܘܢܫܐ ܡܫܡܠܝܐ ܕܨܠܘ̈ܬܐ ܕܡܫܬܡܫ̈ܢ ܒܥܐܕܘ̈ܬܐ ܩܕܝܫ̈ܐ ܕܡܕܒܪܢܘܬܗ ܕܡܪܢ ܐܝܟ ܬܟܣܐ ܕܥܕܬܐ ܩܕܝܫܬܐ ܘܫܠܝܚܝܬܐ ܩܬܘܠܝܩܝ ܕܡܕܢܚܐ ܕܐܬܘܪ̈ܝܐ. ܟܬܒܐ ܩܕܡܝܐ ܥܐܕܐ ܩܕܝܫܐ ܕܝܠܕܗ ܕܡܪܢ", Archdiocese of Lebanon of the Assyrian Church of the East, 2012.
MillosEI:PrefBkBeauGuid	Millos, Elia Joannes, ed. Directorium spirituale ex Libris Sapientialibus desumptum a Presbytero Doctore Joanne Monacho Chaldaeo, compositum A.D. 1245. Rome: Typis Sacrae Congregationis de Propaganda Fide, 1868.
MinganaA:PrefNarsHomHymn	Mingana, Alphonse, ed. Narsai doctoris syri homiliae et carmina. Mosul: Typis Fratrum Praedicatorum, 1905.
MkTarm:RevSoulsMan	van Lantschoot, A., “Révélations de Macaire et de Marc de Tarmaqa sur le sort de l’âme après la mort,” Le Muséon 63 (1950), 159-189.
MonothFlor	———. “A Monothelete Florilegium in Syriac,” in: C. Laga, J.A. Munitiz and L. van Rompay (eds.), After Chalcedon: Studies in Theology and Church History Offered to Professor Albert Van Roey for His Seventieth Birthday (Orientalia Lovaniensia Analecta 18; Leuven: Peeters, 1985), 35-45.
MonteSingar	Giamil, Samuel. Monte Singar: Taš‘ita d-Dasnaïe. Storia di un popolo ignoto. Roma: Ermanno Loescher & Co., 1900.
MosAgg:EpSimAbb	Guidi, I., “Mosè di Aghel e Simeone Abbate,” Atti della Reale Accademia Nazionale dei Lincei, Serie Quarta: Rendiconti publicati per cura dei segretari 2 (1886), 397-416, 545-557.
MuradSM:DivLitJerusIntro	Murad, Sewerios Malki, ed. "ܛܟܣܐ ܕܩܘܪܒܐ ܐܠܗܝܐ. طقس خدمة القداس الإلهي في الكنيسة السريانية الأرثوذكسية", Jerusalem: Monastery of Saint Mark, 2009.
MuzzarelliA:DailyMed	Muzzarelli, P. Méditations pour chaque jour du mois. Mosul: Imprimerie des pères dominicains, 1907.
MystEuch	ܐܪܙܐ ܕܩܘܪܒܐ ܩܕܝܫܐ, Holland: Bar Ebroyo Kloster, 2001.
Nars:FuneralChants	Wolff, Maternus. "Drei Begräbnisgesange Narsais." Oriens Christianus II, 12-14 (1925): 1-29.
Nars:HomHymn1	Mingana, Alphonse, ed. Narsai doctoris syri homiliae et carmina. Mosul: Typis Fratrum Praedicatorum, 1905.
Nars:HomHymn2	Mingana, Alphonse, ed. Narsai doctoris syri homiliae et carmina. Mosul: Typis Fratrum Praedicatorum, 1905.
Nars_Sugithā_1896_01	Feldmann, Franz. Syrische Wechsellieder von Narses. Ein Beitrag zur altchristlichen syrischen Hymnologie, nach einer Handschrift der Königlichen Bibliothek in Berlin. Leipzig: Otto Harrassowitz, 1896.
NestFrgs	Goeller, Emil. "Ein nestorianisches Bruchstück zur Kirchengeschichte des 4 und 5 Jahrhunderts." Oriens Christianus 1 (1901): 80-97.
NestNuha:MoveGrace	Berti, V., “Grazia, visione e natura divina in Nestorio di Nuhadra, solitario e vescovo siro-orientale († 800 ca.),” Annali di scienze religiose 10 (2005), 219-257.
NestPsFrgs	Ugolini, Mariano. "Due frammenti di un antichissimo salterio nestoriano." Oriens Christianus 2 (1902): 179-186.
Nest:FrgmsSyr	Loofs, F. with G. Kampffmeyer, Nestoriana: Die Fragmente des Nestorius gesammelt, untersucht und herausgegeben (Halle an der Salle: Max Niemeyer, 1905).
Nest:BkHeracl	Bedjan, Paulus, ed. Nestorius. Le Livre d’Héraclide de Damas. Paris / Leipzig: Otto Harrassowitz, 1910.
MagicForm	Nau, François, ed. and trans. “Nestorius et la magie." Revue de l’Orient chrétien III, 1 [21] (1918-1919), 214-216. (Piscataway, NJ: Gorgias Press, 2010.)
NicDam:FrgmTheophr	Takahashi, Hidemi, “Syriac Fragments of Theophrastean Meteorology and Mineralogy: Fragments in the Syriac Version of Nicolaus Damascenus, Compendium of Aristotelian Philosophy and the Accompanying Scholia,” in: W.W. Fortenbaugh and G. Wöhrle (eds.), On the Opuscula of Theophrastus. Akten der 3. Tagung der Karl-und Gertrud-Abel-Stiftung vom 19.-23. Juli 1999 in Trier (Philosophie der Antike 14; Stuttgart: Franz Steiner, 2002), 189-224.
SumGenWinds	Takahashi, Hidemi, “The Syriac Version of Nicolaus-Olympiodorus On the Genesis of Winds,” in: E. Coda and C. Martini Bonadeo (eds.), De l’Antiquité tardive au Moyen Âge. Études de logique aristotélicienne et de philosophie grecque, syriaque, arabe et latine offertes à Henri Hugonnard-Roche (Études musulmanes 44; Paris: Vrin, 2014), 169-197.
NilSol:SyrWrit	Bettiolo, Paolo, "Gli scritti siriaci di Nilo il Solitario: introduzione, edizione e traduzione". Louvain-la-Neuve, Belgium: Université Catholique de Louvain, Institute Orientaliste, 1983.
NonNis:Apology	Nonnus de Nisibe. Traité apologétique. (Bibliothèque du Muséon 21; Louvain: Bureaux du Muséon, 1948).
NoteMasTurAbd	van Helmond, B.L., Mas‘oud du Ṭour ‘Abdin, un mystique syrien du XVe siècle: étude et texte (Bibliothèque du Muséon 14; Louvain: Bureaux du Muséon, 1942).
NoteMonQartQennesh	Nau, François, “Notice historique sur le monastère de Qartamin, suivie d’une note sur le monastère de Qennešré,” in: Actes du XIVe Congrès international des Orientalistes, Alger 1905. Deuxième partie (Paris: Ernest Leroux, 1907), 37-135.
Octateuch	de Lagarde, P.A., ed. and trans. Bibliothecae syriacae (Göttingen: Dieterichsche Universitätsbuchhandlung, 1892)
OdesSolom	Lattke, Michael. Die Oden Salomos in Ihrer Bedeutung Für Neues Testament Und Gnosis. Universitätsverlag / Göttingen: Vandenhoeck & Ruprecht, 1979.
OrdBlessWatEpiph	Marquess of Bute, J., and Budge, E.A.W., The Blessing of the Waters on the Eve of the Epiphany: The Greek, Latin, Syriac, Coptic, and Russian Versions (London: Henry Frowde, 1901).
OrdCloathMonk	Rucker, I. “Der Ritus der Bekleidung mit dem Iedernen Mönchsschema bei den Syrern,” Oriens Christianus NS 4 (1915), 219-237.
OrdMonTonsureBL	Aydin, E., Comparing the Syriac Order of Monastic Profession (ṭeksā d-sufārā d-dayrāyē) with the Order of Baptism (ṭeksā da-‘mādā) both in External Structure and in Theological Themes (Ph.D. dissertation; Princeton Theological Seminary, 2011).
OrdMonTonsureVat	Aydin, E., Comparing the Syriac Order of Monastic Profession (ṭeksā d-sufārā d-dayrāyē) with the Order of Baptism (ṭeksā da-‘mādā) both in External Structure and in Theological Themes (Ph.D. dissertation; Princeton Theological Seminary, 2011).
OrdTonsNuns	Aydin, E., Comparing the Syriac Order of Monastic Profession (ṭeksā d-sufārā d-dayrāyē) with the Order of Baptism (ṭeksā da-‘mādā) both in External Structure and in Theological Themes (Ph.D. dissertation; Princeton Theological Seminary, 2011).
OrderBishCity	Rahmani, Ignatius Ephraem, ed. Studia Syriaca, seu collectio documentorum hactenus ineditorum ex codicibus Syriacis. Fasc. III: Vetusta Documenta Liturgica. Primo Edidit Latin Vertit Notis Illustrative. Monte Libano: Typis Patriarchalibus in Seminario Scharfensi, 1908.
OrderConseChur	Rahmani, Ignatius Ephraem, ed. Studia Syriaca, seu collectio documentorum hactenus ineditorum ex codicibus Syriacis. Fasc. III: Vetusta Documenta Liturgica. Primo Edidit Latin Vertit Notis Illustrative. Monte Libano: Typis Patriarchalibus in Seminario Scharfensi, 1908.Rahmani, Ignatius Ephraem, ed. Studia Syriaca, seu collectio documentorum hactenus ineditorum ex codicibus Syriacis. Fasc. III: Vetusta Documenta Liturgica. Primo Edidit Latin Vertit Notis Illustrative. Monte Libano: Typis Patriarchalibus in Seminario Scharfensi, 1908.
ApBarEsd	Dedering, Sven, and Raphaël J. Bidawid. The Old Testament in Syriac According to the Peshiṭta Version. Part IV, Fasc. 3: Apocalypse of Baruch; 4 Esdras. E.J. Brill, 1973.
PalmomMovBody	Furlani, Giuseppe, “Ancora un trattato palmomantico in lingua siriaca,” Rendiconti della Reale Accademia Nazionale dei Lincei. Classe di scienze morali, storiche e filologiche V, 27 (1918), 316-328.
Parabl3Friends	van Lantschoot, Arnold, “Deux paraboles syriaques (Roman de Barlaam et Josaphat),” Le Muséon 79:1-2 (1966), 133-154.
PassNarsJos	“De SS. Narsete, Ioseph et sociis, martyribus en Perside,” in: H. Delehaye and P. Peeters (eds.), Acta Sanctorum: Novembris, Tomus IV (Bruxelles: Société des Bollandistes, 1925), 411-432.
PassIsaac	“De SS. Narsete, Ioseph et sociis, martyribus en Perside,” in: H. Delehaye and P. Peeters (eds.), Acta Sanctorum: Novembris, Tomus IV (Bruxelles: Société des Bollandistes, 1925), 411-432.
PassShabur	Herman, G., “The Passion of Shabur, Martyred in the 18th year of Yazdgird, with a Fragment of the Life of Mar Aba Catholicos,” Journal of Semitic Studies 58:1 (2013), 121-130.
PaulPers:MemLog	Land, J.P.N., Anecdota Syriaca IV: Otia Syriaca (Leiden: E.J. Brill, 1875)
Paul:LgndAaronSer	Nau, F., ed. and trans. Les Légendes Syriaques d’Aaron de Saroug, de Maxime et Domèce, d’Abraham, Maître de Barsoma, et de l’Empereur Maurice. PO Tome 5, Fascicule 5, no. 25. Turnhout: Brepols, 1981.
PentCitIs̆oMervCom	Baumstark, Anton. "Griechische und hebräische Bibelzitate in der Pentateucherklärung Išô‘dâds von Merw." Oriens Christianus NS 1 (1911): 1-19.
PeterCall:EpBishEast	Ebied, R.Y., van Roey, A., and Wickham, L.R., Peter of Callinicum. Anti-Tritheist Dossier (Orientalia Lovaniensia Analecta 10; Leuven: Departement Oriëntalistiek, 1981).
PeterCall:LuqDam	Ebied, R.Y., van Roey, A., and Wickham, L.R., Petri Callinicensis Patriarchae Antiocheni Tractatus contra Damianum. 4 vols (Corpus Christianorum, Series Graeca 29, 32, 35, 54; Turnhout: Brepols / Leuven: University Press, 1994, 1996, 1998, 2003).
PeterCall:MemCrucif	Ebied, R.Y., and Wickham, L.R., “The Discourse of Mar Peter Callinicus on the Crucifixion,” Journal of Theological Studies NS 26:1 (1975), 23-37.
PeterCall:Anaph	Ebied, Rifaat Y. and Wickham, Lionel Ralph. "The Syriac Liturgy of Peter of Callinicus." The Harp 23 (2008): 323-358.
Pharma	Gignoux, Philippe, ed. and trans. Un Livre de Pharmacopée En Syriaque. CSCO 670, Syr. 258. Leuven: Peeters, 2019.
PhilosophPuzzles	Furlani, Giuseppe, ed. and trans. "Un recueil d'énigmes philosophiques en langue syriaque". Revue de l’Orient Chrétien II, 11 [21] (1918-9), 113-136 (Piscataway, NJ: Gorgias Press, 2010.)
Philoth:LikeChrist	Budge, Ernest A. Wallis, ed. The History of the Blessed Virgin Mary and The History of the Likeness of Christ which the Jews of Tiberias Made to Mock At: The Syriac Texts Edited with English Translations. Luzac’s Semitic Text and Translation Series 4. London: Luzac, 1899.
PhiloxMab:Diss2-5	Brière, Maurice, Graffin, François (eds.), "Dissertationes Decem de Uno e sancta Trinitate incorporato et passo, II. Dissertationes IIIa, IVa, Va", Patrologia Orientalis 38.3 [176]. Turnhout: Brepols, 1977.
PhiloxMab:EpAbuYafr	Harb, P., “Lettre de Philoxène de Mabbūg au Phylarque Abū Ya‘fūr de Hīrtā de Bētna‘mān (selon le manuscrit no 115 du fonds patriarcal de Šarfet),” Melto 3 (1967), 183-222.
PhiloxMab:EpAdmJewConv	Bitton-Ashkelony, B., and Minov, S., ““A Person of Silence”: Philoxenos of Mabbug, Letter of Exhortation Sent to Someone Who Left Judaism and Came to the Life of Perfection,” Orientalia Christiana Periodica 82:1 (2016), 101-125.
PhiloxMab:EpBeitGaugal	de Halleux, A., “La deuxième Lettre de Philoxène aux Monastères du Beit Gaugal,” Le Muséon 96:1-2 (1983), 5-79.
PhiloxMab:EpMonksTel	Guidi, I., “La lettera di Filosseno ai monaci di Tell‘addâ (Teleda),” Atti della Reale Accademia Nazionale dei Lincei, Serie Terza: Memorie della Classe di Scienze morali, storiche e filologiche 12 (1884), 446-506.
PhiloxMab:EpMonks	Lebon, J., “Textes inédits de Philoxène de Mabboug,” Le Muséon 43 (1930), 17-84.
PhiloxMab:EpSimTel	Lebon, J., “Textes inédits de Philoxène de Mabboug,” Le Muséon 43 (1930), 149-220.
PhiloxMab:EpMon	Ref A. de Halleux, A., “Nouveaux textes inédits de Philoxène de Mabbog. I: Lettre aux moines de Palestine; Lettre liminaire au synodicon d’Éphèse,” Le Muséon 75:1-2 (1962), 31-62. | Ref B: id. “Nouveaux textes inédits de Philoxène de Mabbog. II: Lettre aux moines orthodoxes d’Orient,” Le Muséon 76:1-2 (1963), 5-26.
PhiloxMab:FrgmEpMem	Krüger, Paul, “Philoxeniana inedita,” Oriens Christianus 48 (1964), 153-165.
PhiloxMab:MemAnnunc	Krüger, Paul, “Der Sermo des Philoxenos von Mabbug de annuntiatione Dei Genitricis Mariae. Zum ersten Male herausgegeben mit einer Einleitung und Übersetzung,” Orientalia Christiana Periodica 20:1-2 (1954), 153-165.
PhiloxMab:MimInhabSpir	Tanghe, A., ed. and trans. “Memra de Philoxène de Mabboug sur l’inhabitation du Saint Esprit,” Le Muséon 73 (1960), 39-71.
PhiloxMab:Tons	Aydin, E., Comparing the Syriac Order of Monastic Profession (ṭeksā d-sufārā d-dayrāyē) with the Order of Baptism (ṭeksā da-‘mādā) both in External Structure and in Theological Themes (Ph.D. dissertation; Princeton Theological Seminary, 2011).
Plato:DefCmndStud	Sachau, Eduard, ed. Inedita Syriaca: Eine Sammlung syrischer Übersetzungen von Schriften griechischer Profanliteratur, mit einem Anhang, aus den Handschriften des Brittischen Museums herausgegeben. Wien: K.K. Hof- und Staatsdruckerei, 1870.
Plut:AdvanEnem	Nestle, Eberhard, ed. and trans. A Tract of Plutarch on the Advantage to be Derived from One's Enemies (De capienda ex inimicis utilitate), The Syriac Version Edited from a MS. on Mount Sinai with a Translation and Critical Notes. Studia Sinaitica 4. London: C. J. Clay and Sons, 1894.
Porph:PrincMatter	Arzhanov, Y.N., Porphyry, On Principles and Matter: A Syriac Version of a Lost Greek Text with an English Translation, Introduction, and Glossaries (Scientia Graeco-Arabica 34; Berlin: Walter de Gruyter, 2021).
PrayAbsol	Mateos, J., “Prières syriennes d’absolution du VIIe–IXe siècles,” Orientalia Christiana Periodica 34 (1968), 252-280.
PrayersPriestChal	Guriel, Joseph, ed. Breviarium Chaldaicum in Usum Nationis Chaldaicae. Rome: Sacra Congregazione de Propaganda Fide, 1865.
PrayersPs	Anto, Joju. "Prayers of the Psalms in the East Syrian Worship." The Harp 24 (2009): 131-147.
Proba:ComAristInt	Hoffmann, J.G.E., De Hermeneuticis apud Syros Aristoteleis (Leipzig: J.C. Hinrichs, 1869).
ProclConst:HomAscLord	Sauget, Joseph-Marie, “Une homélie de Proclus de Constantinole sur l’Ascension de Notre-Seigneur en version syriaque,” Le Muséon 82:1-2 (1969), 5-33.
ProclConst:HomNativFrgm	Moss, Cyril, “Proclus of Constantinople Homily on the Nativity,” Le Muséon 42 (1929), 61-73.
ProphPaganPhil	———. “A Syriac Collection of Prophecies of the Pagan Philosophers,” Orientalia Lovaniensia Periodica 14 (1983), 203-246.
ProtGospJam	Lewis, A.S., ed. and trans. Apocrypha Syriaca: The Protevangelium Jacobi and Transitus Mariae, with Texts from the Septuagint, the Corân, the Peshitta, and from a Syriac Hymn in a Syro-Arabic Palimpsest of the Fifth and Other Centuries (Studia Sinaitica 11; London: C.J. Clay and Sons, 1902).
Ps-Arist:VirtVic	Brock, Sebastian P., “An Abbreviated Syriac Version of Ps.-Aristotle, De Virtutibus et vitiis and Divisiones,” in: E. Coda and C. Martini Bonadeo (eds.), De l’Antiquité tardive au Moyen Âge. Études de logique aristotélicienne et de philosophie grecque, syriaque, arabe et latine offertes à Henri Hugonnard-Roche (Études musulmanes 44; Paris: Vrin, 2014), 91-112.
Ps-Basil:LgndJoseph	Weinberg, M., Die Geschichte Josefs angeblich verfasst von Basilius dem Grossen aus Cäsarea, nach einer syrischen Handschrift der Berliner Kgl. Bibliothek mit Einleitung, Übersetzung und Anmerkungen herausgegeben. Teil 1 (Inaugural-Dissertation zur Erlangung der Doctorwürde eingereicht der hohen philosophischen Fakultät der Friedrichs-Universität Halle-Wittenberg; Berlin: H. Itzkowski, 1893).
Ps-Call:HistAlexGreat	Budge, Ernest A. Wallis, ed. and trans. The History of Alexander the Great, Being the Syriac Version of the Pseudo-Callisthenes. Cambridge: Cambridge University Press, 1889.
Ps-Clem:Virg	Beelen, J.T., Sancti patris nostri Clementis Romani epistolae binae de virginitate, syriace (Louvain: C.J. Fonteyn, 1856).
Ps-Clem:HomRecogn	Frankenberg, W., Die syrischen Clementinen mit griechischem Paralleltext. Eine Vorarbeit zu dem literargeschichtlichen Problem der Sammlung (Texte und Untersuchungen zur Geschichte der altchristlichen Literatur 48.3; Leipzig: J.C. Hinrichs, 1937).
Ps-Democr:4Bks	Martelli, M., The Four Books of Pseudo-Democritus (Sources of Alchemy and Chemistry; AMBIX 60, Supplement 1; Leeds: Maney Publishing, 2013).
Ps-DionAr:EpTim	Macé, C., Mühlenberg, E., Muthreich, M., and Wulf, C., Corpus Dionysiacum III/1: Pseudo-Dionysius Areopagita. Epistola ad Timotheum de morte apostolorum Petri et Pauli; Homilia (BHL 2187) (Patristische Texte und Studien 79; Berlin: Walter de Gruyter, 2021).
Ps-DionAr:MyrEcclHierP	Strothmann, W., Das Sakrament der Myron-Weihe in der Schrift De ecclesiastica hierarchia des Pseudo-Dionysios Areopagita in syrischen Übersetzungen und Kommentaren. 2 vols (Göttinger Orientforschungen, I. Reihe: Syriaca 15; Wiesbaden: Otto Harrassowitz, 1977-1978).
Ps-DionAr:MyrEcclHierS	Strothmann, W., Das Sakrament der Myron-Weihe in der Schrift De ecclesiastica hierarchia des Pseudo-Dionysios Areopagita in syrischen Übersetzungen und Kommentaren. 2 vols (Göttinger Orientforschungen, I. Reihe: Syriaca 15; Wiesbaden: Otto Harrassowitz, 1977-1978).
Ps-DionAr:AstronMeteor	Kugener, Marc-Antoine, ed. and trans. "Un traité astronomique et meteorologique syriaque." Actes XIV Congrès International des Orientalistes 2 (1905): 137-198.
Ps-Eph:ActsAbrahamKinudoye	Lamy, T.J. ed and trans., Sancti Ephraem Syri hymni et sermones quos e codicibus Londinensibus, Parisiensibus et Oxoniensibus descriptos edidit, Latinitate donavit, variis lectionibus instruxit, notis et prolegomenis illustravit. 4 vols (Mechliniae: H. Dessain, 1882-1902)
Ps-Eph:MimDepartedTrinity	Lamy, T.J. ed and trans., Sancti Ephraem Syri hymni et sermones quos e codicibus Londinensibus, Parisiensibus et Oxoniensibus descriptos edidit, Latinitate donavit, variis lectionibus instruxit, notis et prolegomenis illustravit. 4 vols (Mechliniae: H. Dessain, 1882-1902)
Ps-Eph:MimFutLife	Lamy, T.J. ed and trans., Sancti Ephraem Syri hymni et sermones quos e codicibus Londinensibus, Parisiensibus et Oxoniensibus descriptos edidit, Latinitate donavit, variis lectionibus instruxit, notis et prolegomenis illustravit. 4 vols (Mechliniae: H. Dessain, 1882-1902)
Ps-Eph:SedraRightJust	Lamy, T.J. ed and trans., Sancti Ephraem Syri hymni et sermones quos e codicibus Londinensibus, Parisiensibus et Oxoniensibus descriptos edidit, Latinitate donavit, variis lectionibus instruxit, notis et prolegomenis illustravit. 4 vols (Mechliniae: H. Dessain, 1882-1902)
Ps-JacEdes:Caln	nan
JosḤazz:Ep	Khalifé-Hachem, É., “Deux textes du pseudo-Nil identifiés,” Melto 5 (1969), 17-59.
IsaacNin:Disc	Khalifé-Hachem, É., “Deux textes du pseudo-Nil identifiés,” Melto 5 (1969), 17-59.
Ps-Nonn:MythSchol	Brock, S.P., The Syriac Version of the Pseudo-Nonnos Mythological Scholia (University of Cambridge Oriental Publications 20; London: Cambridge University Press, 1971.
Ps-PlatSay	Brock, Sebastian P., “Some Syriac Pseudo-Platonic Curiosities,” in: R. Hansberger, M.A. al-Akiti and C. Burnett (eds.), Medieval Arabic Thought: Essays in Honour of Fritz Zimmermann (Warburg Institute Studies and Texts 4; London: Warburg Institute / Turin: Nino Aragno, 2012), 19-26.
FrgmQACat	Aydin, S., “The Remnant of a Questions and Answers Commentary on Aristotle’s Categories in Syriac (Vat. Syr. 586),” Studia graeco-arabica 9 (2019), 69-105.
QKingBabyl	Brock, Sebastian P., “A Piece of Wisdom Literature in Syriac,” Journal of Semitic Studies 13:2 (1968), 212-217.
QMonothMaxim	———. “Two Sets of Monothelete Questions to the Maximianists,” Orientalia Lovaniensia Periodica 17 (1986), 119-140.
QShebaSolom	Brock, Sebastian P., “The Queen of Sheba’s Questions to Solomon: A Syriac Version,” Le Muséon 92:3-4 (1979), 331-345.
RabŠem:HistRabHorm	Budge, Ernest A. Wallis, ed. The Histories of Rabban Hôrmîzd the Persian and Rabban Bar-ʿIdtâ: The Syriac Texts Edited with English Translations. Vol. 1.  Luzac's Semitic Text and Translation Series 9. London: Luzac, 1902.
Rabbula:CollCan	Phenix, R.R., Jr., and Horn, C.B., The Rabbula Corpus: Comprising the Life of Rabbula, His Correspondence, a Homily Delivered in Constantinople, Canons, and Hymns (SBL Writings from the Greco-Roman World 17; Atlanta: SBL Press, 2017).
Rabbula:Ep	Phenix, R.R., Jr., and Horn, C.B., The Rabbula Corpus: Comprising the Life of Rabbula, His Correspondence, a Homily Delivered in Constantinople, Canons, and Hymns (SBL Writings from the Greco-Roman World 17; Atlanta: SBL Press, 2017).
Rabbula:HomConst	Phenix, R.R., Jr., and Horn, C.B., The Rabbula Corpus: Comprising the Life of Rabbula, His Correspondence, a Homily Delivered in Constantinople, Canons, and Hymns (SBL Writings from the Greco-Roman World 17; Atlanta: SBL Press, 2017).
Rabbula:Hymns	Phenix, R.R., Jr., and Horn, C.B., The Rabbula Corpus: Comprising the Life of Rabbula, His Correspondence, a Homily Delivered in Constantinople, Canons, and Hymns (SBL Writings from the Greco-Roman World 17; Atlanta: SBL Press, 2017).
RecJesus	Rahmani, Ignatius Ephraem, ed. Studia Syriaca, seu collectio documentorum hactenus ineditorum ex codicibus Syriacis. Fasc. II: Apocryphi Hypomnemata Domini Nostri seu Acta Pilati. Antiqua Versio Syriaca. Quam Nunc Primum Edidit Latine Vertit Atqua Notis Illustravit. Monte Libano: Typis Patriarchalibus in Seminario Scharfensi, 1908.
Rechtsbuch2	Selb, Walter and Kaufhold, Hubert, eds. Das syrisch-römische Rechtsbuch. Österreichische Akademie der Wissenschaften, Philosophisch-Historische Klasse, Denkschriften 295 = Veröffentlichungen der Kommission für Antike Rechtsgeschichte 9. Wien: Verlag der Österreichischen Akademie der Wissenschaften, 2002.
RefDiscJul	Draguet, René, “Pièces de polémique antijulianiste: 1. La Réfutation des blasphèmes manichéens; 2. Les Répliques de Julien le phantasiaste aux orthodoxes,” Le Muséon 44 (1931), 255-317.
RespJulOrth	Draguet, René, “Pièces de polémique antijulianiste: 1. La Réfutation des blasphèmes manichéens; 2. Les Répliques de Julien le phantasiaste aux orthodoxes,” Le Muséon 44 (1931), 255-317.
AbrTrav:HistMal	Nau, François, ed. and trans. "Deux notices relatives au Malabar,” Revue de l’Orient chrétien II, 7 [17] (1912), 74-99. (Piscataway, NJ: Gorgias Press, 2010.)
RufEph:Frgm	Wernhard, M., Die syrischen Fragmente des Rufus von Ephesos. Edition, Übersetzung, Kommentar (Magisterarbeit; Ludwig-Maximilians-Universität, München 1997).
Sahd:ChapBkPerf	de Halleux, A., “Un chapitre retrouvé du Livre de la perfection de Martyrius,” Le Muséon 88 (1975), 253-295.
Sahd:FrgmSinBkPerf	Brock, Sebastian P., “A Further Fragment of the Sinai Sahdona Manuscript,” Le Muséon 81:1-2 (1968), 139-154
SayPhilosophSoul	Sachau, Eduard, ed. Inedita Syriaca: Eine Sammlung syrischer Übersetzungen von Schriften griechischer Profanliteratur, mit einem Anhang, aus den Handschriften des Brittischen Museums herausgegeben. Wien: K.K. Hof- und Staatsdruckerei, 1870.
ScholCatArist	Furlani, Giuseppe, “Contributi alla storia della filosofia greca in Oriente. Testi siriaci, I,” Rendiconti della Reale Accademia Nazionale dei Lincei. Classe di scienze morali, storiche e filologiche V, 23 (1914), 154-175.
SecLaws	Wright, William. Notulae syriacae. London: Gilbert and Rivington, 1887.
NarrHolyWom	Lewis, A.S., ed. and trans. Select Narratives of Holy Women from the Syro-Antiochene or Sinai Palimpsest as Written above the Old Syriac Gospels by John the Stylite, of Beth-Mari-Qanūn in A.D. 778. 2 vols (Studia Sinaitica 9-10; London: C.J. Clay and Sons, 1900).
SelSayingsPhil	Sachau, Eduard, ed. and trans. Inedita Syriaca: Eine Sammlung syrischer Übersetzungen von Schriften griechischer Profanliteratur, mit einem Anhang, aus den Handschriften des Brittischen Museums herausgegeben. Wien: K.K. Hof- und Staatsdruckerei, 1870.
SergReš:SpiritLife	Sherwood, P., ed. and trans. “Mîmro de Serge de Rešayna sur la vie spirituelle,” L’Orient Syrien 5 (1960), 433-459; 6 (1961), 95-115, 121-156.
SerapThm:EpDiscAnt	Draguet, René, “Une lettre de Sérapion de Thmuis aux disciples d’Antoine (A.D. 356) en versions syriaque et arménienne,” Le Muséon 64 (1951), 1-25.
SergReš:IntroArist	Aydin, Sami. Sergius of Reshaina. Introduction to Aristotle and His Categories, Addressed to Philotheos: Syriac Text, with Introduction, Translation, and Commentary. Brill, 2016.
SergTella:EpBishPers	“Une lettre du patriarche Jacobite Serge I (557–561),” Parole de l’Orient 6-7 (1975-1976), 213-227.
SergWaḥ:LifeRabHorm	Budge, Ernest A. Wallis, ed. The Life of Rabban Hôrmîzd and the Foundation of his Monastery at Al-Kôsh: A Metrical Discourse by Wahlê, Surnamed Sergius of Âdhôrbâîjân. Semitistische Studien: Ergänzungshefted zur Zeitschrift für Assyriologie  2/3. Berlin: Emil Felber, 1894.
ServiceBkTurf	Hunter, E.C.D., and Coakley, J.F., A Syriac Service-Book from Turfan: Museum für asiatische Kunst, Berlin MIK III 45 (Berliner Turfantexte 39; Turnhout: Brepols, 2017).
SevAnt:AnaphSev	Rajji, Michel, ed. and trans. "Une anaphore syriaque de Sévère pour la messe des présanctifiés." Revue de l’Orient chrétien III, 1 [21] (1918-1919), 25-39. (Piscataway, NJ: Gorgias Press, 2010.)
SevAnt:AllocElevPatr	Kugener, M.-A., “Allocution prononcée par Sévère après son élévation sur le trône patriarcal d’Antioche,” Oriens Christianus 2 (1902), 265-282.
SevAnt:EpAntiochos	———. “The Letter of Patriarch Severos to Antiochos, abbot of the Monastery of Mar Bassos,” Oriens Christianus 103 (2020), 24-57.
SevAnt:EpJnRom	Brock, Sebastian P., “Severos’ Letter to John the Soldier,” in: G. Wiessner (ed.), Erkenntnisse und Meinungen II (Göttinger Orientforschungen, I. Reihe: Syriaca 17; Wiesbaden: Otto Harrassowitz, 1978), 53-75.
SevAnt:EpNonn	Menze, V.-L., and Akalin, K., “Kann man Bucher verbrennen? Severus of Antioch’s Letter to Nonnus Scholasticus, a Heretical Codex, and a Late Roman Autodafé,” Oriens Christianus 97 (2013-2014), 1-23.
SevAnt:SelectLett1	Brooks, Ernest Walter. The Sixth Book of the Select Letters of Severus, Patriarch of Antioch, in the Syriac Version of Athanasius of Nisibis. Williams and Norgate, 1902.
SevAnt:SelectLett2	Brooks, Ernest Walter. The Sixth Book of the Select Letters of Severus, Patriarch of Antioch, in the Syriac Version of Athanasius of Nisibis. Williams and Norgate, 1902.
SevAnt/SergGram:Orations	Lebon, Joseph. Severi Antiocheni Orationes Ad Nephalium. Eiusdem Ac Sergii Grammatici Epistulae Mutuae. L. Durbecq, 1949.
SevAnt:Phil	Hespel, Robert, ed. Sévère d’Antioch. Le Philalèthe. CSCO 133-134, Syr. 68-69. Leuven: L. Durbecq, 1952.
SevAnt:SignCross	Aydin, E., Comparing the Syriac Order of Monastic Profession (ṭeksā d-sufārā d-dayrāyē) with the Order of Baptism (ṭeksā da-‘mādā) both in External Structure and in Theological Themes (Ph.D. dissertation; Princeton Theological Seminary, 2011).
SevGab:HomNativ	Moss, Cyril, “Homily on the Nativity of our Lord by Severian, Bishop of Gabala,” Bulletin of the School of Oriental and African Studies 12:3-4 (1948), 555-566.
SevSeb:EpAitNinev	Hugonnard-Roche, H., “L’épître de Sévère Sebokht à Aitilaha sur le Peri Hermeneias: à propos des propositions métathétiques et privatives, et de l’existence du possible,” in: A. Straface, C. De Angelo and A. Manzo (eds.), Labor limae: Atti in onore di Carmela Baffioni. 2 vols. (Studi maġrebini NS 12-13; Napoli: Università degli Studi di Napoli “L’Orientale”, 2014-2015), vol. 1, 337-360.
SevSeb:InhabUnihabEarth	Sachau, Eduard, ed. Inedita Syriaca: Eine Sammlung syrischer Übersetzungen von Schriften griechischer Profanliteratur, mit einem Anhang, aus den Handschriften des Brittischen Museums herausgegeben. Wien: K.K. Hof- und Staatsdruckerei, 1870.
SevSeb:SchAstrolab	Nau, François, “Le traité sur l’astrolabe plan de Sévère Sabokt, écrit au VIIe siècle d’après des sources grecques, et publié pour la première fois d’après un ms. de Berlin,” Journal asiatique IX, 13 (1899), 56-101, 238-303.
Šamli:EpDisc	Chialà, S., “La Lettre de Mar Šamli à un de ses disciples. Écrit inédit d’un auteur méconnu,” Le Muséon 125:1-2 (2012), 35-53.
ŠemTayb:ProfCouns	Kessel, G., and Sims-Williams, N., “The Profitable Counsels of Šem‘ōn d-Ṭaibūtēh: The Syriac Original and its Sogdian Version,” Le Muséon 124:3-4 (2011), 279-302.
SimArš:EpMartHomeri	Guidi, Ignazio. "La lettera di Simeone vescovo di Bêth-Arśâm sopra i martiri omeriti." Atti della Reale Accademia Nazionale dei Lincei, Serie Terza: Memorie della Classe di Scienze morali, storiche e filologiche 7 (1881): 471-515.
SimQuq:PoemNativ	Euringer, S., “Die neun “Töpferlieder” des Simeon von Gêšîr,” Oriens Christianus II, 3 (1913), 221-235.
SimRev:Canons	Sachau, Eduard, ed. Syrische Rechtsbücher. Dritter Band: Corpus juris des persischen Erzbischofs Jesubocht. Erbrecht oder Canones des persischen Erzbischofs Simeon. Eherecht des Patriarchen Mâr Abhâ aus der römischen Handscriften. Berlin: G. Reimer, 1914.
SimŠanq:Chron	Müller, Friedrich Wilhelm Karl. Die Chronologie des Simeon Šanqlâwâjâ, nach den drei Berliner handschriften dargestellt. Inaugural-Dissertation der hohen philosophischen Fakultät der Universität Leipzig zur Erlangung der Doctorwürde. Leipzig: W. Drugulin, 1889.
SimStyl:Ep	Torrey, C.C., “The Letters of Simeon the Stylite,” Journal of the American Oriental Society 20 (1899), 253-276.
SoghJobWife	Brock, Sebastian P., “Job and his Wife: A Preliminary Edition and Translation of the Dialogue Poem (Soghitha),” in: M. Kadavil and P.K. Koyickal (eds.), Life Giving Word in Interpretation and Celebration of the Church: Festschrift in Honour of Dr. Abraham Mar Julios (Kottayam, India: Malankara Seminary Publications, 2020), 159-177.
SoghMarSat	Brock, Sebastian P., “St Marina and Satan: A Syriac Dialogue Poem,” Collectanea Christiana Orientalia 5 (2008), 35-57.
SoghMaryGard	Brock, Sebastian P., “Mary and the Gardener: An East Syrian Dialogue Soghitha for the Resurrection,” Parole de l’Orient 11 (1983), 223-234.
SoghPeople	Brock, Sebastian, The People and the Peoples: Syriac Dialogue Poems from Late Antiquity (Journal of Jewish Studies, Supplement Series 3; Oxford: Journal of Jewish Studies, 2019).
SoghPishonJordan	Brock, Sebastian P., “A Syriac Dispute Poem: The River Pishon and the River Jordan,” Parole de l’Orient 23 (1998), 3-12.
SolBaṣ:BkBee	Budge, Ernest A. Wallis. The Book of the Bee: The Syriac Text Edited from the Manuscripts in London, Oxford, and Munich with an English Translation. Anecdota Oxoniensia, Semitic Series 1.2. Oxford: Clarendon, 1886.
Ps-Nonn:StoriesGregNaz	Nau, François, ed. and trans. “Recueil et explication de histoires mentionnées par saint Grégoire de Nazianze,” Revue de l’Orient chrétien III, 7 [27] (1929-1930), 415-421. (Piscataway, NJ: Gorgias Press, 2010.)
Ahikar	Conybeare, Frederick Cornwallis, et al. The Story of Aḥiḳar from the Aramaic, Syriac, Arabic, Armenian, Ethiopic, Old Turkish, Greek and Slavonic Versions. 2nd rev., Cambridge University Press, 1913.
LgndsSaints	Nau, François, ed. and trans. "Résumé de monographies syriaques: Barṣauma, Abraham de la Haute Montagne, Siméon de Kefar ʿAbdin, Yaret l’alexandrin, Jacques le reclus, Romanus, Talia, Asia, Pantaléon, Candida." Revue de l’Orient chrétien, vol. 18 [8] (1913): 270-276; 379-389, vol. 19 [9] (1914-15): 113-134: 278-289: 414-440; vol. 20 [10] (1917): 3-32. (Piscataway, NJ: Gorgias Press, 2010.)
Symm:ComSong	van den Eynde, C., La version syriaque du Commentaire de Grégoire de Nysse sur le Cantique des Cantiques (Bibliothèque du Muséon 10; Louvain: Bureaux du Muséon, 1939).
HistEuph	Nau, François, ed. and trans. "Hagiographie syriaque". Revue de l’Orient Chrétien II, 5 [15] (1910),  53-72, 173-197 (Piscataway, NJ: Gorgias Press, 2010.)
SyrLatCal	Nau, François, ed. and trans. "Deux notices relatives au Malabar,” Revue de l’Orient chrétien II, 7 [17] (1912), 74-99. (Piscataway, NJ: Gorgias Press, 2010.)
SyrHexapl	Baars, Willem. New Syro-Hexaplaric Texts: Edited, Commented upon and Compared with the Septuagint. E.J. Brill, 1968.
ThdrMops:FrgmCommEccles	Strothmann, Werner, ed. and trans. Das syrische Fragment des Ecclesiastes-Kommentars von Theodor von Mopsuestia: Syrischer Text mit vollständigem Wörterverzeichnis. Göttinger Orientforschungen, I. Reihe: Syriaca 28; Wiesbaden: Otto Harrassowitz, 1988.
ThdrMops:ComGen	Tonneau, R.M., “Théodore de Mopsueste. Interpretation (du livre) de la Genèse (Vat. Syr. 120, ff. I–V),” Le Muséon 66:1-2 (1953), 45-64.
ThdrMops:ComLord'sPraySacr	Mingana, Alphonse, ed. Commentary of Theodore of Mopsuestia on the Lord’s Prayer and on the Sacraments of Baptism and the Eucharist. Woodbrooke Studies: Christian Documents in Syriac, Arabic, and Garshūni, Edited and Translated with a Critical Apparatus 6. Cambridge: W. Heffer & Sons, 1933.
ThdrMops:ComNicCreed	Mingana, Alphonse, ed. Commentary of Theodore of Mopsuestia on the Nicene Creed. Woodbrooke Studies: Christian Documents in Syriac, Arabic, and Garshūni, Edited and Translated with a Critical Apparatus 5. Cambridge: W. Heffer & Sons, 1932.
ThdrMops:CommPsalms	van Rompay, Lucas. Théodore de Mopsueste. Fragments Syriaques Du Commentaire Des Psaumes (Psaume 118 et Psaumes 138-148). Peeters, 1982.
ThdrMops:FrgmsGen	Sachau, Eduard, ed. and trans. Theodori Mopsuesteni fragmenta syriaca e codicibus Musei Britannici Nitriacis edidit atque in latinum sermonem vertit. Leipzig: W. Engelmann, 1869.
ThdrMops:FrgmsProph	Sachau, Eduard, ed. and trans. Theodori Mopsuesteni fragmenta syriaca e codicibus Musei Britannici Nitriacis edidit atque in latinum sermonem vertit. Leipzig: W. Engelmann, 1869.
ThdrMops:FrgsBkIncar	Sachau, Eduard, ed. and trans. Theodori Mopsuesteni fragmenta syriaca e codicibus Musei Britannici Nitriacis edidit atque in latinum sermonem vertit. Leipzig: W. Engelmann, 1869.
ThdrMops:MorningHymns	Sachau, Eduard, ed. and trans. Theodori Mopsuesteni fragmenta syriaca e codicibus Musei Britannici Nitriacis edidit atque in latinum sermonem vertit. Leipzig: W. Engelmann, 1869.
PraiseThdrMop	Sachau, Eduard, ed. and trans. Theodori Mopsuesteni fragmenta syriaca e codicibus Musei Britannici Nitriacis edidit atque in latinum sermonem vertit. Leipzig: W. Engelmann, 1869.
ThdrMops:SyrFrgs	Sachau, Eduard, ed. Theodori Mopsuesteni fragmenta syriaca e codicibus Musei Britannici Nitriacis edidit atque in latinum sermonem vertit. Leipzig: W. Engelmann, 1869.
Theano:Advice	Sachau, Eduard, ed. Inedita Syriaca: Eine Sammlung syrischer Übersetzungen von Schriften griechischer Profanliteratur, mit einem Anhang, aus den Handschriften des Brittischen Museums herausgegeben. Wien: K.K. Hof- und Staatsdruckerei, 1870.
ThdsAl:CanLetter	van Roey, Albert, and Allen, P., ed. and trans. Monophysite Texts of the Sixth Century. Orientalia Lovaniensia Analecta 56; Leuven: Peeters, 1994.
ThdsAl:EpArmen	van Roey, Albert, and Allen, P., ed. and trans. Monophysite Texts of the Sixth Century. Orientalia Lovaniensia Analecta 56; Leuven: Peeters, 1994.
ThdsAl:TheolDisc	van Roey, Albert, and Allen, P., ed. and trans. Monophysite Texts of the Sixth Century. Orientalia Lovaniensia Analecta 56; Leuven: Peeters, 1994.
TheodAnt:SymbSent	Zotenberg, H., “Les sentences symboliques de Théodose, patriarche d’Antioche: texte syriaque,” Journal asiatique VII, 8 (1876), 425-476.
TheodMonk:Refut	van Roey, Albert, and Allen, P., ed. and trans. Monophysite Texts of the Sixth Century. Orientalia Lovaniensia Analecta 56; Leuven: Peeters, 1994.
TheodAnt:ExplHieroth	Marsh, F.S., The Book which is Called the Book of the Holy Hierotheos, with Extracts from the Prolegomena and Commentary of Theodosios of Antioch and from the “Book of Excerpts” and Other Works of Gregory Bar-Hebræus (Text and Translation Society 7; London: Williams and Norgate, 1927).
Theop:HistDioscAl	Nau, François, “Histoire de Dioscore, patriarche d’Alexandrie, écrite par son disciple Théopiste,” Journal asiatique X, 1 (1903), 5-108, 241-310.
ThomEd:BkExpl	Possekel, U., and Coakley, J.F., Thomas of Edessa’s Explanations of the Nativity and Epiphany (Oxford Early Christian Texts; Oxford: Oxford University Press, 2021).
ThomMonk:Ep	Kessel, G., “The ‘Letter’ of Thomas the Monk: An Edition and Study of the Syriac Text and Its Author,” Journal of Eastern Christian Studies 61:1-2 (2009), 43-100.
ThomasM:PrefLuqClaimsPope	Thomas, Mahila. Book of Refutations against the Claims of the Pope. Thrichur, India: Mar Narsai Press, 1957.
Tim1:Ep1-2	Heimgartner, Martin, (ed.), "Die Briefe 1 und 2 des Ostsyrischen Patriarchen Timotheos I". CSCO 702-703, Syr. 271-272. Leuven: Peeters, 2022.
Tim1:Ep3-29	Heimgartner, Martin (ed.), "Die Briefe 3-29 des Ostsyrischen Patriarchen Timotheos I". CSCO 700-701, Syr. 269-270. Leuven: Peeters, 2021.
Tim1:Ep30-39	Heimgartner, Martin (ed.), "Die Briefe 30-39 des ostsyrischen Patriarchen Timotheos I". CSCO 661-662, Syr. 256-257. Leuven: Peeters, 2016.
Tim1:Ep40-41	Heimgartner, Martin, ed. and trans. Die Briefe 40 und 41 des ostsyrischen Patriarchen Timotheos I. CSCO 673, Syr. 261. Leuven: Peeters, 2019.
Tim1:EpitDisp	“Une apologie syriaque attribuée à Élie de Nisibe,” Le Muséon 59 (1946), 381-397.
Tim1:TwoSynods	Chabot, Jean Baptiste. Synodicon orientale ou recueil de synodes nestoriens. Paris: Imprimerie Nationale, 1902.
TimAel:OrdBapt	Brock, “A New Syriac Baptismal Ordo Attributed to Timothy of Alexandria,” Le Muséon 83 (1970), 367-431.
TitBost:LuqMani	Roman, Agathe, et al. Titi Bostrensis Contra Manichaeos Libri IV Graece et Syriace. Brepols, 2013.
ThomEd:Nativ	Carr, Simon Joseph, ed. Thomae Edesseni Tractatus de Nativitate Domini Nostri Christi. Roma: Typis R. Academiae Lynceorum, 1898.
Išod:HistMonastFound	Bedjan, Paulus, ed. Liber superiorum, seu Historia Monastica, auctore Thoma, Episcopo Margensi. Liber Fundatorum Monasteriorum in regno Persarum et Arabum. Homiliae Mar-Narsetis in Joseph. Documenta Patrum de quibusdam verae fidei dogmatibus. Paris / Leipzig: Otto Harrassowitz, 1901.
ThomMar:HistMonast	Bedjan, Paulus, ed. Liber superiorum, seu Historia Monastica, auctore Thoma, Episcopo Margensi. Liber Fundatorum Monasteriorum in regno Persarum et Arabum. Homiliae Mar-Narsetis in Joseph. Documenta Patrum de quibusdam verae fidei dogmatibus. Paris / Leipzig: Otto Harrassowitz, 1901.
TractHeres	Rahmani, Ignatius Ephraem, ed. Studia Syriaca, seu collectio documentorum hactenus ineditorum ex codicibus Syriacis. Fasc. IV: Documenta De Antiquis Haeresibus. Monte Libano: Typis Patriarchalibus in Seminario Scharfensi, 1909.
TreatAlch	Berthelot, M.P.E., and Duval, R., La chimie au moyen âge. Tome 2: L’alchimie syriaque (Histoire des sciences; Paris: Imprimerie nationale, 1893).
RepAlexan	———. “A Report from a Supporter of Severos on Trouble in Alexandria,” in: D. Atanassova and T. Chronz (eds.), ΣΥΝΑΞΙΣ ΚΑΘΟΛΙΚΗ. Beiträge zu Gottesdienst und Geschichte der fünf altkirchlichen Patriarchate für Heinzgerd Brakmann zum 70. Geburtstag. 2 vols. (Orientalia ‒ Patristica ‒ Oecumenica 6.1-2; Wien: LIT, 2014), vol. 1, 47-64.
TurgMyron	Bcheiry, I., “An Anonymous Short Discourse On the Myron from the Ninth or Tenth Century (Trinity College Dublin Ms. 1511/2 folios 13r–14v),” The Syriac Annals of the Romanian Academy 1 (2020-2021), 79-94.
UnionJacJul797	Draguet, René, "Le pacte d’union de 797 entre les jacobites et les julianistes du patriarcat d’Antioche,” Le Muséon 54 (1941), 91-106.
VitaBarKepha	Reller, Jobst, ed. and trans. Mose bar Kepha und seine Paulinenauslegung, nebst Edition und Übersetzung des Kommentars zum Römerbrief. Göttinger Orientforschungen, I. Reihe: Syriaca 35; Wiesbaden: Otto Harrassowitz, 1994.
VitaEph	Amar, Joseph Phillip. The Syriac Vita Tradition of Ephrem the Syrian. Peeters, 2011.
VitaSecundi	Sachau, Eduard, ed. Inedita Syriaca: Eine Sammlung syrischer Übersetzungen von Schriften griechischer Profanliteratur, mit einem Anhang, aus den Handschriften des Brittischen Museums herausgegeben. Wien: K.K. Hof- und Staatsdruckerei, 1870.
TravPeter	Nau, François, ed. and trans. "Fragment syriaque des "voyages" de Saint Pierre," Revue de l’Orient chrétien II, 4:2 [14] (1909), 131-134
WSCanAscet	Vööbus, Arthur, Syriac and Arabic Documents Regarding Legislation Relative to Syrian Asceticism (Papers of the Estonian Theological Society in Exile 11; Stockholm: Estonian Theological Society in Exile, 1960).
WSLifeBarShabba	Brock, Sebastian P., “A West Syriac Life of Mar Shabbay (Bar Shabba), Bishop of Merv,” in: D.F. Bumazhnov, E. Grypeou, T.B. Sailors and A. Toepel (eds.), Bibel, Byzanz und Christlicher Orient: Festschrift für Stephen Gerö zum 65. Geburtstag (Orientalia Lovaniensia Analecta 187; Leuven: Peeters, 2011), 259-279.
WrightW:ColAncSyrDoc	Cureton, William, ed. Ancient Syriac Documents Relative to the Earliest Establishment of Christianity in Edessa and the Neighbouring Countries, from the Year after Our Lord’s Ascension to the Beginning of the Fourth Century. London / Edinburgh: Williams and Norgate, 1864.
EpAccents	Jacob, George Phillips, ed. A Letter by Mār Jacob, Bishop of Edessa, on Syriac Orthography; Also a Tract by the Same Author, and a Discourse by Gregory Bar Hebræus on Syriac Accents. Now Edited, in the Original Syriac, from Mss. in the British Museum, with an English Translation and Notes. London: Williams and Norgate, 1869.
MadMagi	Rücker, Adolf. "Zwei nestorianische Hymnen über die Magier." Oriens Christianus 10-11 (1923): 33-55.
MemJosConclusion	Bedjan, Paulus, ed. Histoire complete de Joseph; poeme en douze livres. Nouvelle ed., revue, corrigee, enrichie de variantes et d’un discours sur la translation du corps de Joseph par un auteur anonyme qui a abrege celui de Banni. Paris / Leipzig: Otto Harrassowitz, 1891.
MemJosPref	Bedjan, Paulus, ed. Histoire complete de Joseph; poeme en douze livres. Nouvelle ed., revue, corrigee, enrichie de variantes et d’un discours sur la translation du corps de Joseph par un auteur anonyme qui a abrege celui de Banni. Paris / Leipzig: Otto Harrassowitz, 1891.
AbdalBarSim:ColPrayResurr	حساية القيامة بالسريانية.
Ps-Eph:AcrosAdmonEph	Ebied, R.Y. and Wickham, L.R., “A Collection of Acrostic Admonitions in Syriac Attributed to St. Ephrem the Syrian,” The Harp 29 (2014), 41-53.
Aesop:Fables	Altunkaynak, Hanna, "ܟܬܒܐ ܕܡܬܠ̈ܐ ܕܝܘܣܝܦܘܣ". Sweden: Hanna Altunkaynak, 2018.
AltunH:AesopFablesIntro	Altunkaynak, Hanna, "ܟܬܒܐ ܕܡܬܠ̈ܐ ܕܝܘܣܝܦܘܣ". Sweden: Hanna Altunkaynak, 2018.
AnaphJames1	Heiming, Odilo, "Anaphora Syriaca Sancti Iacobi Fratris Domini", Anaphorae Syriacae 2.2. Rome, Pontificium Institutum Orientalium Studiorum, 1953. 104-179.
AnaphMark	Varghese, Baby, "West Syrian Anaphoras. ܛܟ̈ܣܐ ܕܐܢܢܦܘܪ̈ܐܣ ܠܦܘܬ ܥܝܕܐ ܕܥܕܬܐ ܣܘܪܝܝܬܐ ܕܐܢܛܝܘܟܝܐ". Awsār Slāwōtō 4 (Kottayam: SEERI, 2017), 544-559.
AnaphMkanashto	ܛܟܣܐ ܕܐܢܢܦܘܪܐ. Kottayam: SEERI, 2010.
AnaphPeter	Sauget, Joseph-Marie, "Anaphora Syriaca Sancti Petri Apostoli Tertia", Anaphorae Syriacae 2.3. Rome, Pontificium Institutum Orientalium Studiorum, 1973, 273-328.
AristEpAlex	de Lagarde, Paul A. Analecta syriaca. Leipzig: B.G. Teubner, 1858. (Piscataway, NJ: Gorgias Press, 2010.)
AydinEl:LifeMorGabrIntro	Aydin, Eliyo, ed. "ܬܫܥܝܬܐ ܕܩܕܝܫܐ ܡܪܝ ܓܒܪܐܝܠ". Bar Hebraeus Verlag, 2021.
BGazo1986	Konat, Abraham, ed. "ܒܝܬ ܓܙܐ ܕܙܡܝܪ̈ܬܐ ܥܕܬܢܝ̈ܬܐ", Pampakuda, India: Mar Julius Press, 1986.
BGazo1992	Çiçek, Julius Yeshu, ed. "Bethgazo: Die Gesamte Melodien der Syrisch-Orthodoxen Kirche von Antiochen. ܒܝܬ ܓܙܐ ܪܒܐ ܕܩܝ̈ܢܬܐ ܕܥܕܬܐ ܣܘܪܝܝܬܐ", Holland: Bar Hebraeus Verlag, 1992.
BGazo2015	ܒܝܬ ܓܙܐ ܕܢܥܡ̈ܬܐ ܕܥܕܬܐ ܣܘܪܝܝܬܐ ܬܪܝܨܬ ܫܘܒܚܐ ܕܐܢܛܝܘܟܝܐ, Holland: Bar Ebroyo Kloster, 2015.
BGazoSharfeh	ܟܬܒܐ ܕܒܝܬ ܓܙܐ ܠܦܘܬ ܥܝܕܐ ܕܡܕܪܫܬܐ ܩܠܝܩܪܝܩܝܬܐ ܕܣܘܪ̈ܝܝܐ ܕܡܕܬܕܠܠܐ ܫܪܦܗ, Sharfeh: Patriarchal Press, 1964.
BarEbr:ComKings	Sauma, Assad, "Gregory Bar-Hebraeus's Commentary on the Book of Kings from Hist Storehouse of Mysteries: A Critical Edition with an English Translation, Introduction & Notes". Studia Semantica Upsalienia 20. Uppsala: Uppsala Universitet, 2003.
BarEbr:IntroGram	Saliba, Theophilus George, ed. "ܡܥܠܬܐ". Mount Lebanon: 2022.
BarKepha:Anaph	Varghese, Baby, "West Syrian Anaphoras. ܛܟ̈ܣܐ ܕܐܢܢܦܘܪ̈ܐܣ ܠܦܘܬ ܥܝܕܐ ܕܥܕܬܐ ܣܘܪܝܝܬܐ ܕܐܢܛܝܘܟܝܐ". Awsār Slāwōtō 4 (Kottayam: SEERI, 2017), 528-543.
BarKepha:BkSerm	Akçay, Nahir, ed. The Book of Sermons by Mor Severus Moses Bar Kipho (Diman: [s.n.], 2015
BarKepha:BkSerm2	Akçay, Nahir, ed. "Mor Severus Moses Bar Kipho The Book of Sermons Second edition - Corrected and expanded". Istanbul: Nahir Akçay, 2023.
BarṢal:ComPaul	Akçay, Nahir, ed. The Commentary on the Acts of the Apostles, the Pauline Epistles, the Catholic Epistles, and the Apocalypse by Dionysius Jacob Bar Salibi, Metropolitan of Amid († 1171). Damascus: Department of Syriac Studies, Syriac Orthodox Patriarchate, 2020.
BarŠakko:DialQ22-24	Armalet, Isaac, ed. Lettres de Josué, fils de David, surnommé Bar-Kilo, de Sévère Jacques de Bartelli, surnommé Bar-Chacaco, et de David de Beit-Rabban. (Piscataway, NJ: Gorgias Press, 2012)
BarTomaP:Poetry	Petros bar Toma, "ܓܥܬܐ. ܗܪ̈ܘܡܐ ܕܪܘܚܐ ܡܘܫܚ̈ܬܐ". Damascus: Syriac Orthodox Patriarchate of Antioch, 2019.
BarWahbun:Ep	Dolabani, Yuḥanon, "ܬܐܘܛܪܘܣ ܕܒܪ ܘܗܒܘܢ". Mardin: 1936.
BarsoumIA:ChrDoct	Dolabani, Yuhanon, trans., Barsoum, Ignatius Aphrem, "ܩܦܝܣܐ ܕܝܘܠܦܢܐ ܡܫܝܚܝܐ", Qamishli: 1967.
BarsoumIA:CollMem	ܢܘܪ̈ܒܐ. ܡܟܢܫܬܐ ܕܡܐܡܪ̈ܐ ܬܠܝܬܝ ܛܘ̈ܒܐ ܡܪܝ ܐܝܓܢܐܛܝܘܣ ܐܦܪܝܡ ܩܕܡܝܐ. Mor Efrem Monastery, Holland: Bar Hebraeus Verlag, 1989.
BarsoumIA:DayPrayIntro	ܟܬܒܐ ܕܨܠ̈ܘܬܐ ܕܫܒܬܐ ܫܚܝܡܬܐ ܕܥܕܬܐ ܩܕܝܫܬܐ ܣܘܪܝܝܬܐ ܬܪܝܨܬ ܫܘܒܚܐ, Mardin: Monastery of Dayr al-Zafaran, 1913.
BarsoumIA:HistSyrLit	Dolabani, Yuḥanon, ed., Barsoum, Ignatius Aphrem I, "ܟܬܒܐ ܕܒܪ̈ܘܠܐ ܒܕܝܪ̈ܐ ܕܥܠ ܡܪܕܘܬ ܝܘܠ̈ܦܢܐ ܣܘܪ̈ܝܝܐ ܗܕܝܪ̈ܐ", Qamishli, Syria: 1967.
BarsoumIA:HistTurAbd	Çiçek, Julius Yeshu, ed., Barsoum, Ignatius Aphram, "ܡܟܬܒܢܘܬܐ ܕܥܠ ܐܬܪܐ ܕܛܘܪ ܥܒܕܝܢ". Holland: Monastery of St. Ephrem the Syrian Publications, 1985.
Basil:Anaph	Varghese, Baby, "West Syrian Anaphoras. ܛܟ̈ܣܐ ܕܐܢܢܦܘܪ̈ܐܣ ܠܦܘܬ ܥܝܕܐ ܕܥܕܬܐ ܣܘܪܝܝܬܐ ܕܐܢܛܝܘܟܝܐ". Awsār Slāwōtō 4 (Kottayam: SEERI, 2017), 370-397.
BasutY:OnTrinUnity	Basut, Yuhanon, "ܬܐܘܪܝܐ ܕܥܠ ܝܘܠܦܢ ܪܘܚܐ ܩܕܝܫܐ. ܡܢܬܐ ܩܕܡܝܐ. ܥܠ ܬܠܝܬܝܘܬܐ ܘܠܚܘܕܝܘܬܐ". Oldenzaal, Holland: Hanna Basut, 2015.
BasutY:ProphJesus	Basut, Yuhanon, "ܬܐܘܪܝܐ ܕܥܠ ܝܘܠܦܢ ܪܘܚܐ ܩܕܝܫܐ. ܡܢܬܐ ܬܪܝܢܝܬܐ. ܢܒܝܘ̈ܬܐ ܕܥܠ ܡܕܒܪܢܘܬܐ ܬܗܝܪܬܐ ܘܦܪܘܩܝܬܐ ܕܡܪܝܐ ܡܫܝܚܐ". Oldenzaal, Holland: Hanna Basut, 2015.
BasutY:QuestBible	Basut, Yuhanon, "ܬܐܘܪܝܐ ܕܝܘܠܦܢ ܪܘܚܐ ܩܕܝܫܐ. ܡܢܬܐ ܬܠܝܬܝܬܐ. ܫܘ̈ܐܠܐ ܕܥܠ ܟܬܒܐ ܩܕܝܫܐ ܕܝܬܝܩܝ ܥܬܝܩܬܐ ܘܚܕܬܐ". Oldenzaal, Holland: Hanna Basut, 2015.
BeğtaşY:SyrCult	Başçı, Veysel ed., Beğtaş, Yussef "ܡܪܕܘܬܐ ܣܘܪܝܝܬܐ ܘܫܘܓܢܝܐ ܓܘܢܝܐ". Istanbul: Yeni Anadolu Yayıncılık, 2023.
BeğtaşY:WarComfHope	Beğtaş, Yussef, "ܛܣܪܪܐ ܘܒܘ̈ܝܠܐ ܕܣܒܪܐ". Istanbul: Yeni Anadolu Yayıncılık, 2021.
BethYaqubY:HistMorAwg	Yuyaqim of Beth Yaqub, ed. "ܕܝܪܐ ܕܡܪܝ ܐܘܓܝܢ. ܥܩ̈ܒܬܐ ܕܡܟܬܒܙܒܢܐ ܘܥܢܘܝܘܬܐ". Nusaybin, Türkiye: St. Augin Monastery Publisher, 2015.
BilgeE:LifeAbrKashIntro	Bilge, Esmer, ed. "Kaşgarlı Mor Abrohom Manastırı Hayat Hikayesi". Istanbul: 2006.
BilgicIE:LifeAbrKash	Bilge, Esmer, ed. "Kaşgarlı Mor Abrohom Manastırı Hayat Hikayesi". Istanbul: 2006.
BkDayPray	ܟܬܒܐ ܕܨܠ̈ܘܬܐ ܕܫܒܬܐ ܫܚܝܡܬܐ. كتاب الاشحيمو هو مجموعة الصلوات الاسبوعية البسيطة, Jersualem: Monastery of Saint Mark, 1926.
BkPearlIntro	ܟܬܒܐ ܕܡܬܩܪܐ ܡܪܓܢܝܬܐ ܕܥܠ ܫܪܪܐ ܒܟܪܣܛܝܢܘܬܐ ܕܥܒܝܕ ܠܡܪܝ ܥܒܕܝܫܘܥ ܡܝܛܪܦܘܠܝܛܐ ܕܨܘܒܐ ܘܕܐܪܡܢܝܐ, Mosul: Assyrian Press of the Ancient Church of the East, 1924.
BkSwall	Nayis, Philoxenos Mattias, ed., "ܟܬܒܐ ܕܣܢܘܢܝܬܐ", Damascus: Mor Aphrem Monastery, 2000.
BurDead	Karim, Cyril Aphrem, ed. "ܛܟܣܐ ܕܥܘܦܝܐ ܕܥܢܝ̈ܕܐ. Order For The Burial Of The Dead. طقس جناز الموتي": Archdiocese of the Syriac Orthodox Church for the Eastern United States, 2010.
BurPriestSyrOrth	ܛܟܣܐ ܕܥܘܦܝܐ ܕܬܓܡ̈ܐ ܟܗܢ̈ܝܐ. Holland: Bar Ebroyo Kloster, 1995.
CanS:EpPatrSyrOrthIntro	Can, Shemun, ed. "Pontifical Letters and some Epistles of our Antiochian Patriarchs from (1821-1950)", Jerusalem: Saint Mark's Convent, 2010.
CandleServ	ܬܫܡܫܬܐ ܕܘܥܕ ܕܠܡܐܢܐ.
CanNiceaChalc	Schulthess, Friedrich, ed. Die Syrischen Kanones der Synoden von Nicaea bis Chalcedon nebst einigen zugehörigen Dokumenten. Berlin: Weidmannsche Buchhandlung, 1908 (Piscataway, NJ: Gorgias Press, 2010).
ChConsRite	Church Consecration Service Book According to the Rite of the Syriac Orthodox Church of Antioch: Archdiocese of the Western US, 2012.
ChalcedWrit	Bettiolo, Paolo, ed. Una raccolta di opuscoli Calcedonensi: Ms. Sinaï Syr. 10. CSCO 403-404, Syr. 177-178. Leuven: Secrétariat du CorpusSCO, 1979.
ChaldMass	Missale Chaldaicum ex decreto sacrae congregationis de propaganda fide editum. Rome: 1767.
ChoirHandbook	Ürek, Gregorius Melki, ed. "ܚܫܰܚܬܐ ܕܓܘܕܐ". Adıyaman, Türkiye: Süryani Kadim Metropolitliği, 2022.
ChrDoct	ܟܬܒܐ ܦܣܝܩܝܐ ܕܝܘܠܦܢܐ ܡܫܝܚܝܐ, Mosul: Imprimerie des Pères Dominicains, 1954.
ChrFamsLangs	Brooks, Ernest Walter and Guidi, Ignazio and Chabot, Jean Baptiste, eds. Chronica Minora III. CSCO 5, Syr 5. Leuven: Secrétariat du CorpusSCO, 1905.
ChrGensFamsYrs	Brooks, Ernest Walter and Guidi, Ignazio and Chabot, Jean Baptiste, eds. Chronica Minora III. CSCO 5, Syr 5. Leuven: Secrétariat du CorpusSCO, 1905.
ChrNestDocs	Brooks, Ernest Walter and Guidi, Ignazio and Chabot, Jean Baptiste, eds. Chronica Minora III. CSCO 5, Syr 5. Leuven: Secrétariat du CorpusSCO, 1905.
ChrPeople&Regs	Brooks, Ernest Walter and Guidi, Ignazio and Chabot, Jean Baptiste, eds. Chronica Minora III. CSCO 5, Syr 5. Leuven: Secrétariat du CorpusSCO, 1905.
ChrVarNarr	Brooks, Ernest Walter and Guidi, Ignazio and Chabot, Jean Baptiste, eds. Chronica Minora III. CSCO 5, Syr 5. Leuven: Secrétariat du CorpusSCO, 1905.
Chron813	Brooks, Ernest Walter and Guidi, Ignazio and Chabot, Jean Baptiste, eds. Chronica Minora III. CSCO 5, Syr 5. Leuven: Secrétariat du CorpusSCO, 1905.
ChronArbela	Mingana, Alphonse. Sources Syriaques. Vol. 1: Mšiḥa-Zkha (Texte et Traduction); Bar-Penkayé (Texte). Otto Harrassowitz, 1908.
ÇiçekJY:Anaph1985Intro	Çiçek, Julius Yeshu, ed. "ܐܢܦܘܪܐ", Holland: Monastery of Mar Ephrem, 1985.
ÇiçekJY:BGazo1985Intro	ܟܬܒܐ ܕܒܝܬ ܓܙܐ ܕܢܥܡ̈ܬܐ ܕܥܕܬܐ ܣܘܪܝܝܬܐ ܬܪܝܨܬ ܫܘܒܚܐ, Holland: Monastery of Mar Ephrem, 1985.
ÇiçekJY:BGazo1992Intro	Çiçek, Julius Yeshu, ed. "Bethgazo: Die Gesamte Melodien der Syrisch-Orthodoxen Kirche von Antiochen. ܒܝܬ ܓܙܐ ܪܒܐ ܕܩܝ̈ܢܬܐ ܕܥܕܬܐ ܣܘܪܝܝܬܐ", Holland: Bar Hebraeus Verlag, 1992.
ÇiçekJY:BGazo1995Intro	ܒܝܬ ܓܙܐ ܢܥܡ̈ܬܐ ܕܥܕܬܐ ܣܘܪܝܝܬܐ, Holland: Bar Ebroyo Kloster, 1995.
ÇiçekJY:BGazo2015Intro	ܒܝܬ ܓܙܐ ܕܢܥܡ̈ܬܐ ܕܥܕܬܐ ܣܘܪܝܝܬܐ ܬܪܝܨܬ ܫܘܒܚܐ ܕܐܢܛܝܘܟܝܐ, Holland: Bar Ebroyo Kloster, 2015.
ÇiçekJY:BkBibRead	Çiçek, Julius Yeshu, "Biblische Lesungen für den Gottesdienst: Eingerichtet für das Kirchenjahr nach der Ordnung der Syrisch-Orthodoxen Kirche von Antiochien. ܩܪ̈ܝܢܐ ܕܟܬܒܐ ܩܕܝܫܐ ܠܟܠܗ ܟܪܘܟܝܐ ܕܫܢܬܐ ܐܝܟ ܡܫܠܡܢܘܬܐ ܕܥܕܬܐ ܣܘܪܝܝܬܐ ܬܪܝܨܬ ܫܘܒܚܐ ܕܐܢܛܝܘܟܝܐ", Holland: Bar Hebraeus Verlag, 1995.
ÇiçekJY:ColMisfTurAbd	Aydin, Numan, "1915-1988 ܓܕܫ̈ܐ ܘܫܒ̈ܬܐ ܕܛܘܪ ܥܒܕܝܢ. ܚܘܪܒܐ ܕܕܝܪ̈ܬܐ ܘܩܬܠܐ ܕܕܝܪ̈ܝܝܐ", Holland: Bar Ebroyo Kloster, 1997.
ÇiçekJY:LifeMaryIntro	Çiçek, Julius Yeshu, ed. "ܬܫܥܝܬܐ ܕܝܠܕܬ ܐܠܗܐ ܡܪܝܡ ܡܢ ܡܘܠܕܗ̇ ܠܕܡܐ ܠܫܘܢܝܗ̇", Holland: Bar Ebroyo Kloster, 2001.
ÇiçekJY:MisfTurAbdIntro1	Aydin, Numan, "1915-1988 ܓܕܫ̈ܐ ܘܫܒ̈ܬܐ ܕܛܘܪ ܥܒܕܝܢ. ܚܘܪܒܐ ܕܕܝܪ̈ܬܐ ܘܩܬܠܐ ܕܕܝܪ̈ܝܝܐ", Holland: Bar Ebroyo Kloster, 1997.
ÇiçekJY:MonkPrayIntro	Çiçek, Julius Yeshu, ed. "ܫܒܝܬܐ ܕܕܝܪ̈ܝܐ ܘܡܙܡܘܪ̈ܐ ܕܕܘܝܕ ܢܒܝܐ", Holland: Bar Hebraeus Verlag, 1993.
ÇiçekJY:OrdSacrIntro	ܛܟܣ̈ܐ ܥܕܬܢ̈ܝܐ ܕܥܡܕܐ ܩܕܝܫܐ ܕܒܘܪܟ ܥܙܩ̈ܬܐ ܘܟܠܝ̈ܠܐ ܘܕܥܘܦܝܐ ܕܢܝ̈ܕܐ, Holland: Bar Ebroyo Kloster, 1997.
ÇiçekJY:PatrSyrOrthIntro	Çiçek, Julius Yeshu,ed. , Dolabani, Yuḥanon, "ܡܟܬܒܢܘܬܐ ܕܦܛܪܝܪ̈ܟܐ ܕܐܢܛܝܘܟ ܣܘܪ̈ܝܝܐ ܬܪ̈ܝܨܝ ܤܘܒܚܐ", Holland: Bar Hebraeus Verlag, 1990.
ÇiçekJY:TheolIntro	ܬܐܘܠܘܓܝܐ, Holland: Bar Ebroyo Kloster, 1990.
CoelhoP:Alchem	Gawrieh, Gaby, trans., Coelho, Paulo, "ܟܝܡܝܐܝܐ", Beirut: Friends of the Syriac Language Association, 2010.
CollActsSaints	ܣܒܐ. ܟܬܒܐ ܕܢܨ̈ܚܢܐ ܘܬܫ̈ܥܝܬܐ ܕܐܒܗ̈ܬܐ ܩܕܝܫ̈ܐ ܘܝܚܝܕ̈ܝܐ. Mardin: Monastery of Mor Gabriel, 2017.
CollGrPhil	Sachau, Eduard, ed. and trans. Inedita Syriaca: Eine Sammlung syrischer Übersetzungen von Schriften griechischer Profanliteratur, mit einem Anhang, aus den Handschriften des Brittischen Museums herausgegeben. Wien: K.K. Hof- und Staatsdruckerei, 1870.
ComIsaVat	Baumstark, Anton, ed. Aristoteles bei den Syrern vom V.-VIII. Jahrhundert, Leipzig, 1900, pp. 36-65 (Piscataway, NJ, USA: Gorgias Press, 2010).
ConsApost	Vithayathil, Joseph, ed. "ܛܟܣܐ ܕܩܘܕܫ̈ܐ", Alwaye, India: Mar Thoma Sleeha Press, 1965.
ConsEuch	ܟܬܒܐ ܕܫܘܡܠܝܐ ܕܩܘܪܒܐ ܐܝܟ ܥܝܕܐ ܕܥܕܬܐ ܩܕܝܫܬܐ ܕܐܢܛܝܘܟܝܐ ܕܣܘܪ̈ܝܝܐ, Monastery of Our Lady of the Deliverance, Tur ʿAbdin: Patriarchal Press, 1905.
ConsMarJac	ܛܟܣܐ ܕܩܘܕܫ ܡܕܒܚܐ ܒܡܫܚܐ ܕܥܕܬܐ ܕܡܪܝ ܝܥܩܘܒ ܢܨܝܒܝܢܝܐ ܕܟܠܕܝ̈ܐ, Qamishli: 2003.
ConstSyrOrth1991	دستور كنيسة أنطكية السريانية الأرثوذكسية, Damascus: 1991.
ConstSyrOrth2008	Soumi, Severios Hazail, ed. "دستور كنيسة أنطكية السريانية الأرثوذكسية", Patriarcat Syriaque Orthodoxe d'Antioche, Archidiocèse de Belgique, de France et de Luxémbourg, Vicariat Patriarcal, 2008.
Correspond	Afram, Gabriel, ed. "ܐܓܪ̈ܬܐ". Stockholm: Gabriel Afram, 2000.
DanṢal:CommPsalms	Çiçek, Julious Yeshu‘. Commentary on the Psalms by Daniel of Salah. 2nd ed., Gorgias Press, 2011.
DanhoG:PrecStone	Danho, Gimi, "ܟܐܦܐ ܝܩܝܪܬܐ. ܟܬܒܐ ܕܓܪܡܛܝܩܝ ܕܠܫܢܐ ܣܘܪܝܝܐ ܐܪܡܝܐ", Maarat Saidnaya, Syria: Monastery of Mor Aphrem, 2007.
DayPrayCath	ܨܠܘ̈ܬܐ ܕܝܘ̈ܡܐ ܫܚܝ̈ܡܐ ܕܫܒܬܐ ܠܦܘܬ ܥܝܕܐ ܕܥܕܬܐ ܩܕܝܫܬܐ ܕܐܢܛܝܘܟܝܐ ܕܣܘܪ̈ܝܝܐ, Sharfeh, Lebanon: Patriarchal Press, 1902.
Denḥ1:EpBarEbr	Önder, Josef, "Das Meer der Weisheiten: Ein Briefwechsel dem Jakobitiscen Maphrian des Ostens, Mār Gregorios Yūḥanān Bar ʿEbrāyā und Mār Denḥā I., Katholikos der Nestorianer, in der Blütezeit des 13. Jahrhunderts". 2009.
DickensC:OliverTwist	Gawrieh, Gaby, trans., Dickens, Charles, "ܐܦܪܝܡ ܝܬܡܐ". Beirut: Thomas Press, 2009.
DidascApost2	Arendzen, John Peter, "An Entire Syriac Text of the 'Apostolic Church Order"', The Journal of Theological Studies, vol. 3, issue 9 (October 1901), 59-80.
DiosAl:Anaph2	De Vries, Wilhelm, "Anaphora Syriaca Dioscori Alexandrini Secunda", Anaphorae Syriacae 1.3. Rome, Pontificium Institutum Orientalium Studiorum, 1944. 301-321.
DivLitJerus	Murad, Sewerios Malki, ed. "ܛܟܣܐ ܕܩܘܪܒܐ ܐܠܗܝܐ. طقس خدمة القداس الإلهي في الكنيسة السريانية الأرثوذكسية", Jerusalem: Monastery of Saint Mark, 2009.
DivMystChEast	ܛܟܣܐ ܕܐ̄ܪ̈ܙܐ ܐܠܗܝ̈ܐ ܕܥܕܬܐ ܕܟܠܕܝ̈ܐ ܘܐܬܘܪ̈ܝܐ.
HistAhikarG	Nau, François, ed. and trans. “Documents relatifs à Ahikar. Édition et traduction d’un manuscrit de Mgr Graffin (C), avec les principales variantes d’un manuscrit de M.H. Pognon (P). Édition de la partie récente du manuscrit de M.H. Pognon,” Revue de l’Orient chrétien III, 1 [21] (1918-1919), 274-307, 356-400. (Piscataway, NJ: Gorgias Press, 2010.)
DoganBS:Hymnal2003Intro	Dogan, Barsaumo Samoil, "ܙܡܝܪ̈ܬܐ ܕܥܕܬܐ ܘܩܝ̈ܢܬܐ ܕܩܘܪܒܐ ܐܠܗܝܐ". Holland: Barsaumo Samoil Dogan, 2003.
DolabaniY:ChrDoctIntro	Dolabani, Yuhanon, trans., Barsoum, Ignatius Aphrem, "ܩܦܝܣܐ ܕܝܘܠܦܢܐ ܡܫܝܚܝܐ", Qamishli: 1967.
DolabaniY:DeyrMorJac	Sliba, Giwargi, ed., Dolabani, Yuhanon, "ܗܒܒܐ ܕܡܦܨܚ ܥܠ ܡܟܬܒܢܘܬܐ ܕܕܝܪܐ ܕܡܪܝ ܝܥܩܘܒ ܕܨܠܚ". Lebanon: Mar Ephrem Patriarchal press, 1973.
DolabaniY:DiscJacSer	Dolabani, Yuhanon, "ܣܘܕܐ ܡܦܝܓܢܐ ܥܠ ܚܝ̈ܘܗܝ ܘܡܠܦܢܘܬܗ ܕܩܕܝܫܐ ܡܪܝ ܝܥܩܘܒ ܡܠܦܢܐ", Mardin: 1952.
DolabaniY:HistMorGabr	Dolabani, Yuhanon, "ܡܟܬܒܙܒܢܐ ܕܥܘܡܪܐ ܩܕܝܫܐ ܕܩܪܬܡܝܢ", Holland: Bar Ebroyo Kloster, 1991.
DolabaniY:HIstSyrLitIntro	Dolabani, Yuḥanon, ed., Barsoum, Ignatius Aphrem I, "ܟܬܒܐ ܕܒܪ̈ܘܠܐ ܒܕܝܪ̈ܐ ܕܥܠ ܡܪܕܘܬ ܝܘܠ̈ܦܢܐ ܣܘܪ̈ܝܝܐ ܗܕܝܪ̈ܐ", Qamishli, Syria: 1967.
DolabaniY:LifeJacSer	Aydin, Eliyo, ed., Dolabani, Yuḥanon, "Das Leben des Heiligen Jakob von Sarug". Delbrück, Germany: Mor Yaqub von Sarug Verlag, 2014.
DolabaniY:NoahLebIntro	Dolbani, Yuhanon, ed. "ܡܘܫ̈ܚܬܐ ܕܦܛܪܝܪܟܐ ܢܘܚ ܠܒܢܢܝܐ ܫܢܬ ܐܗ̇ܛ ܡ", Mardin: 1956.
DolabaniY:PatrSyrOrth	Çiçek, Julius Yeshu, ed., Dolabani, Yuḥanon, "ܡܟܬܒܢܘܬܐ ܕܦܛܪܝܪ̈ܟܐ ܕܐܢܛܝܘܟ ܣܘܪ̈ܝܝܐ ܬܪ̈ܝܨܝ ܤܘܒܚܐ", Holland: Bar Hebraeus Verlag, 1990.
DolabaniY:PrayPriestIntro	Dolabani, Yuḥanon, ed. "ܨܠܘ̈ܬܐ ܕܟܗ̈ܢܐ ܕܛܟܣܐ ܕܥܕܬܐ ܣܘܪܝܝܬܐ ܐܪܬܘܕܘܟܣܝܬܐ", Holland: Bar Ebroyo Kloster, 1996.
DolabaniY:PsJoshChronIntro	Dolabani, Yuhanon, ed. "ܡܟܬܒܢܘܬܐ ܕܬܫܥܝܬܐ ܕܙܒܢܐ ܕܐܘܠܨܢܐ ܕܗܘܐ ܒܐܘܪܗܝ ܘܒܐܡܪ ܘܒܟܠܗ ܒܝܬ ܢܗܪ̈ܝܢ", Mardin: Hekmto Press, 1959.
DolabaniY:RankDeac	Dolabani, Yuhanon, "ܕܪ̈ܓܐ ܕܡܫܡ̈ܫܢܐ ܐܝܟ ܢܡܘܣܐ ܥܕܬܢܝܐ", Mardin: 1960.
Elia:EpLeonḤar	van Roey, Albert, ed. Eliae epistula apologetica ad Leonem, syncellum Harranensem. CSCO 469-470, Syr. 201-202. Leuven: Peeters, 1985.
EliasGM:FragranceMount	Elias, Ghaṭṭās Maqdisī. ܢܫ̈ܡܐ ܕܛܘܪܐ / نسمات الجبل. Aleppo: Mardin Publishing House, 2001.
EliasGM:Letters	Ibrahim, Gregorios Yohanna, ed., Ghaṭṭās Maqdisī Elias, "ܦܐܪ̈ܐ ܠܩܝܫ̈ܝܐ". Aleppo: Mardin Publishing House, 2007.
EliasGM:Poetry	Ibrahim, Gregorios Yohanna, ed., Ghaṭṭās Maqdisī Elias, "ܦܐܪ̈ܐ ܠܩܝܫ̈ܝܐ". Aleppo: Mardin Publishing House, 2007.
DavBethRabban:Ep	Armalet, Isaac, ed. Lettres de Josué, fils de David, surnommé Bar-Kilo, de Sévère Jacques de Bartelli, surnommé Bar-Chacaco, et de David de Beit-Rabban. (Piscataway, NJ: Gorgias Press, 2012)
JoshDavid:Ep	Armalet, Isaac, ed. Lettres de Josué, fils de David, surnommé Bar-Kilo, de Sévère Jacques de Bartelli, surnommé Bar-Chacaco, et de David de Beit-Rabban. (Piscataway, NJ: Gorgias Press, 2012)
DialPatrJn&Emir	Nau, François, ed. "Un Colloque du Patriarche Jean avec l'Émir des Agaréens et Faits Divers des Années 712 à 716", Extrait du Journal Asiatique (Mars-Avril 1915). Paris: Imprimerie Nationale, 1915.
EpPatrSyrOrth	Can, Shemun, ed. "Pontifical Letters and some Epistles of our Antiochian Patriarchs from (1821-1950)", Jerusalem: Saint Mark's Convent, 2010.
EpThank	كلمة شكر المجلس المللي للسريان الارثوذكس في دمشق بمناسبة بناء كنيسة جديدة, Damascus: Assyrian Council of Damascus-Syria.
FeastDaysKott	ܟܬܒܐ ܕܡܕܥܕܥܢܐ ܕܚܘܕܪܐ ܫܢܬܢܝܐ. Kottayam: MOC Publications, 1992.
FeastPresLord	ܥܐܕܐ ܕܡܥܠܬܐ ܕܡܪܢ ܠܗܝܟܠܐ ܘܛܟܣܐ ܕܒܘܪܟ ܩܪ̈ܝܘܢܐ: Archdiocese of the Syriac Orthodox of the Eastern United States, 2010.
FeastsLord	ܛܟܣܐ ܕܡܥܕܥܕܢܐ, Juniyah, Lebanon: al-Karim Press, 1968.
FinPrayQurb	Konat, Matta, ed. "ܚܘܬܡܐ ܕܩܘܪܒܢܐ ܠܚܘܕܪܐ ܫܢܬܢܝܐ", Pampakuda, India: Mar Julius Press, 1988.
Diodore:Frgms	Brière, Maurice, ed. and trans. “Quelques fragments syriaques de Diodore, évêque de Tarse (378-394?),” Revue de l’Orient chrétien III, 10 [30] (1935-1936), 231-283. (Piscataway, NJ: Gorgias Press, 2010.)
FrgmPapyFlor	Sauget, Joseph-Marie, “Le fragment de papyrus syriaque conservé à Florence,” Annali dell’Istituto Universitario Orientale di Napoli 45:1 (1985), 1-16.
FunerÇiçekJY	ܩ̈ܠܐ ܕܡܬܡܪܝܢ ܒܥܕܢ ܥܘܦܝܗ ܕܡܪܝ ܝܘܠܝܘܣ ܝܫܘܥ ܓܓܟ ܡܝܛܪܘܦܘܠܝܛܐ ܕܥܕܬܐ ܣܘܪܝܝܬܐ ܬܪܝܨܬ ܫܘܒܚܐ ܒܐܘܪܝܦܝ ܡܨܥܝܬܐ: Syrian Orthodox Archdiocese of Central Europe, 2005.
FunerMonk	جناز الراهبات, Kaslik: Holy Spirit University, 2004.
FunerPray	ܨܠ̈ܘܬܐ ܕܡܬܐܡܪ̈ܢ ܠܘܬ ܥܘܦܝܐ ܕܥܢܝ̈ܕܐ.
FunerServ	كتاب الخدم الكهنوتية طبقا لطقس الكنيسة السريانية الكاثوليكية الانطاكية 4 رتبة جناز العلمانيين والكهنة والأحبار, Juniyah, Lebanon: 1972.
GabrHesKeph:PoemPaulV	Abouna, Albert, "تاريخ الكنيسة السريانيّة الشرقيّة", vol. III, Beriut: Dar al-Sharq, 1993.
GabrielP:RemFayek	نعوم فائق, Beirut: Sennacherib Sports Club, 1959.
GarisI:PrefBarWahbunEp	Dolabani, Yuḥanon, "ܬܐܘܛܪܘܣ ܕܒܪ ܘܗܒܘܢ". Mardin: 1936.
GawriehG:AlchemIntro2	Gawrieh, Gaby, trans., Coelho, Paulo, "ܟܝܡܝܐܝܐ", Beirut: Friends of the Syriac Language Association, 2010.
GeorgArNineQuest	de Lagarde, Paul A. Analecta syriaca. Leipzig: B.G. Teubner, 1858. (Piscataway, NJ: Gorgias Press, 2010.)
GeorgAr:ComInt	Furlani, Giuseppe, “Le Categorie e gli Ermeneutici di Aristotele nella versione siriaca di Giorgio delle Nazioni,” Memorie della Reale Accademia Nazionale dei Lincei. Classe di Scienze morali, storiche e filologiche VI, 5:1 (1933), 1-68.
GeorgAr:MyronMonLife	Ryssel, V., “Poemi siriaci di Giorgio Vescovo degli arabi (VIII sec.),” Atti della Accademia Nazionale dei Lincei. Classe di Scienze morali, storiche e filologiche IV, 9:1 (1892), 46-93.
GeorgEl:SilasMarner	Saliba, Theophilus George, ed., Gaby Gawrieh, trans., George Eliot, "ܐܒܪܗܡ ܫܒܐ", Beirut: 2008.
GeorgWar:SelectNestPoems	Folkmann, Isak. Ausgewählte nestorianische Kirchenlieder über das Martyrium des heil. Georg von Giwargis Warda, mit Einleitung, Anmerkungen und deutscher Übersetzung. Inaugural-Dissertation zur Erlangung der Doctorwürde der hohen philosophischen Fakultät der Friedrichs-Alexanders-Universität in Erlangen. Kirchhain N.-L.: Max Schmersow, 1896.
GermFar:CorpusChr	صلاة عيد القربان المقدس .ܛܟܣܐ ܕܥܐܕܐ ܩܕܝܫܐ ܐܘܟܝܬ ܥܐܕܐ ܕܦܓܪܗ ܘܕܡܗ ܕܡܫܝܚܐ ܕܐܣܬܔܕ. Office de la Fête-Dieu, Beirut: Imprimerie des Belles-Lettres, 1914.
GewBBen:HomFeastIntro1	of Beth Benyamin, Giwargis, ed. "ܬܘܪ̈ܓܡܐ ܠܡܥܠܝܘܬ ܐܘܢܓܠܝܘܢ ܕܚܕܒܫܒ̈ܐ ܘܕܥܐܕ̈ܐ ܘܕܕܘܟܪ̈ܢܐ", Baghdad: Nineveh Press, 1968. 
GewṢlb:HomChEastIntro	ܟܬܒܐ ܕܬܘܪ̈ܓܡܐ, Dawra, Iraq: Metropolitan Printing Press, 1983.
GewṢlb:PsChurEastIntro	ܟܬܒܐ ܕܡܙܡܘܪ̈ܐ ܕܕܘܝܕ, Dawra, Baghdad: Metropolitan Press of the Church of the East, 1983.
GibranK:Prophet	Aydin, Polycarpus Augin, Bilgic, Zeki (trans.), Khalil Gibran, "ܗ̄ܘ ܢܒܝܐ". Glane: Bar ʿEbroyo Press, 2018.
GospThomInf	Burke, T., ed. "The Syriac Tradition of the Infancy Gospel of Thomas: A Critical Edition and English Translation". Piscataway, NJ, USA: Gorgias Press, 2019.
GregJn:Anaph	Raes, Alfons, "Anaphora Syriaca Gregorii Ioannis", Anaphorae Syriacae 2.2. Rome, Pontificium Institutum Orientalium Studiorum, 1953. 211-231.
GregNaz:Anaph	Hausherr, Irenée, "Anaphora Gregorii Nazianzeni", Anaphorae Syriacae 1.2. Rome, Pontificium Institutum Orientalium Studiorum, 1940: 97-147.
GregThaumVarDisc	de Lagarde, Paul A. Analecta syriaca. Leipzig: B.G. Teubner, 1858. (Piscataway, NJ: Gorgias Press, 2010.)
GuideCler	Nayis, Philoxenos Mattias, ed. "ܡܗܕܝܢܐ ܕܩܠܝܪܝܩܝܐ ܥܠ ܨܠܘܬܐ ܕܢܝܢܘܐ ܘܕܨܘܡܐ ܐܪܒܥܝܢܝܐ ܘܕܫܒܘܥܐ ܕܚܫܐ ܡܚܝܢܐ 
GuideSyrAcad	Guide for the Syriac Academy, Baghdad: al-Mashriq, 1978.
GurbuzDI:HymnLitIntro2	Bar Musa, I. ed. "ܟܬܒܐ ܕܙܡܝܪ̈ܬܐ ܘܕܩܝ̈ܢܬܐ ܕܩܘܪܒܐ ܐܠܗܝܐ ܐܟ ܥܝܕܐ ܕܥܕܬܐ ܣܘܪܝܝܬܐ ܬܪܝܨܬ ܫܘܒܚܐ ܕܐܢܛܝܘܟ", 
ḤawshabA:HistArkaḥ	Ḥawshab, Aziz, "ܟܬܒܐ ܡܟܬܒܙܒܢܝܐ ܕܩܪܝܬܐ ܕܐܪܟܚ". Monastery of Mor Malke, Tur Abdin, Türkiye: Aziz Ḥawshab, 2019.
HennoEE:Eph1700	nan
HistGabrGoz	Nau, François, ed. "Un Colloque du Patriarche Jean avec l'Émir des Agaréens et Faits Divers des Années 712 à 716", Extrait du Journal Asiatique (Mars-Avril 1915). Paris: Imprimerie Nationale, 1915.
HistMorGabrIntro	Dolabani, Yuhanon, "ܡܟܬܒܙܒܢܐ ܕܥܘܡܪܐ ܩܕܝܫܐ ܕܩܪܬܡܝܢ", Holland: Bar Ebroyo Kloster, 1991.
HistTurAbdIntro	Çiçek, Julius Yeshu, ed., Barsoum, Ignatius Aphram, "ܡܟܬܒܢܘܬܐ ܕܥܠ ܐܬܪܐ ܕܛܘܪ ܥܒܕܝܢ". Holland: Monastery of St. Ephrem the Syrian Publications, 1985.
ḤnanI:JurDec	Sachau, Eduard, ed. "Syrische Rechtsbücher. Zweiter Band: Richterliche Urteile des Patriarchen Chenanischo. Gesetzbuch des Patriarchen Timotheos. Gesetzbuch des Patriarchen Jesubarnun". Berlin: G. Reimer, 1908.
HolyMassKott	ܟܬܒܐ ܕܨܠܘ̈ܬܐ ܕܬܝܒܘܬܐ. ܟܬܒܐ ܕܬܫܡܫܬܐ ܕܩܖܪܒܐ, Udayigiri, India: The Seminary Publications, 2009.
HomChEast	ܟܬܒܐ ܕܬܘܪ̈ܓܡܐ, Dawra, Iraq: Metropolitan Printing Press, 1983.
HomOrdHymn	ܟܬܒܐ ܕܬܘܪ̈ܓܡܐ ܘܪܘܫܡܐ ܕܛܟܣܐ ܕܡܫܡ̈ܢܐ ܘܕܒܝܡ ܥܡ ܣܘܓܝ̈ܬܐ, Chicago: 1996.
Hudra1	ܟܬܒܐ ܕܩܕܡ ܘܕܒܬܪ ܘܕܚܘܕܪܐ ܘܕܟܫܟܘܠ ܘܕܓܙܐ ܘܩܠܐ ܕܥܘܕܪ̈ܢܐ ܥܡ ܟܬܒܐ ܕܡܙܡܘܪ̈ܐ ܐܝܟ ܛܟܣܐ ܕܡܪܝ ܓܒܪܝܠ ܘܕܡܪܝ ܐܒܪܗܡ ܕܕܝܪܐ ܥܠܝܬܐ, vol. 1. Trissur, India: Mar Narsai Press, 1960.
Hudra2	ܟܬܒܐ ܕܩܕܡ ܘܕܒܬܪ ܘܕܚܘܕܪܐ ܘܕܟܫܟܘܠ ܘܕܓܙܐ ܘܩܠܐ ܕܥܘܕܪ̈ܢܐ ܥܡ ܟܬܒܐ ܕܡܙܡܘܪ̈ܐ ܐܝܟ ܛܟܣܐ ܕܡܪܝ ܓܒܪܝܠ ܘܕܡܪܝ ܐܒܪܗܡ ܕܕܝܪܐ ܥܠܝܬܐ, vol. 2. Trissur, India: Mar Narsai Press, 1961.
Hudra3	ܟܬܒܐ ܕܩܕܡ ܘܕܒܬܪ ܘܕܚܘܕܪܐ ܘܕܟܫܟܘܠ ܘܕܓܙܐ ܘܩܠܐ ܕܥܘܕܪ̈ܢܐ ܥܡ ܟܬܒܐ ܕܡܙܡܘܪ̈ܐ ܐܝܟ ܛܟܣܐ ܕܡܪܝ ܓܒܪܝܠ ܘܕܡܪܝ ܐܒܪܗܡ ܕܕܝܪܐ ܥܠܝܬܐ, vol. 3. Trissur, India: Mar Narsai Press, 1962.
HymnAnnNativ	Vidyapitham, Paurastya, ed. "The Period of the Annunciation-nativity in the East Syrian Calendar: Its Background and Place in the Liturgical Year", Vadavathoor, Kottayam: Pontifical Oriental Institute of Religious Studies, 1985.
HymnCouplets	Yosip, Emmanuel, "ܡܐܡܪܐ ܕܙܘ̈ܓܐ". Toronto: The Assyrian Church of the East, Diocese of Canada, 2020.
HymnLit	Bar Musa, I. ed. "ܟܬܒܐ ܕܙܡܝܪ̈ܬܐ ܘܕܩܝ̈ܢܬܐ ܕܩܘܪܒܐ ܐܠܗܝܐ ܐܟ ܥܝܕܐ ܕܥܕܬܐ ܣܘܪܝܝܬܐ ܬܪܝܨܬ ܫܘܒܚܐ ܕܐܢܛܝܘܟ", 
Hymnal1968	Qarabashī, ʿAbd al-Masīḥ Nuʿmān, "ܙܡܝܪ̈ܬܐ ܕܥܕܬܐ".
Hymnal2003	Dogan, Barsaumo Samoil, "ܙܡܝܪ̈ܬܐ ܕܥܕܬܐ ܘܩܝ̈ܢܬܐ ܕܩܘܪܒܐ ܐܠܗܝܐ". Holland: Barsaumo Samoil Dogan, 2003.
Hymnal2011	Savci, Yuhanun, ed. "ܩ̈ܠܐ ܘܢܥܡ̈ܬܐ ܠܦܘܬ ܛܟܣܐ ܕܥܕܬܐ ܣܘܪܝܝܬܐ ܬܪܝܨܬ ܫܘܒܚܐ ܕܐܢܛܝܘܟܝܐ", Giessen, Germany: Aram Druck, 2011.
HppolitCollWrit	de Lagarde, Paul A. Analecta syriaca. Leipzig: B.G. Teubner, 1858. (Piscataway, NJ: Gorgias Press, 2010.)
IbrAks:KeyConf	Aksan, Ibrahim, "ܩܠܝܕܐ ܕܬܘܕܝ̈ܬܐ ܘܫܘܚܠܦܐ ܕܡܘܕܝ̈ܢܘܬܐ", Holland: Bar Hebraeus Verlag, 1995.
IbrahimGY:Intro	Ibrahim, Gregorios Yohanna, ed., Ghaṭṭās Maqdisī Elias, "ܦܐܪ̈ܐ ܠܩܝܫ̈ܝܐ". Aleppo: Mardin Publishing House, 2007.
IgnAnt:Anaph	Varghese, Baby, "West Syrian Anaphoras. ܛܟ̈ܣܐ ܕܐܢܢܦܘܪ̈ܐܣ ܠܦܘܬ ܥܝܕܐ ܕܥܕܬܐ ܣܘܪܝܝܬܐ ܕܐܢܛܝܘܟܝܐ". Awsār Slāwōtō 4 (Kottayam: SEERI, 2017), 370-397.
InstPatrAphremII	ܛܟܣܐ ܕܡܬܬܣܪܚܢܘܬܐ ܕܦܛܪܝܪܟܐ ܕܒܗ ܡܣܪܚܝܢ ܐܒܗ̈ܬܐ ܕܣܘܢܗܕܘܣ ܩܕܝܫܬܐ ܠܡܪܢ ܡܪܝ ܐܝܓܢܛܝܘܣ ܐܦܪܝܡ ܬܪܝܢܐ, Damascus: Saint Ephrem Monastery, 2014.
InstrSpirWayIntro	Seven, Hanna, trans. "ܡܘܕ̈ܥܢܘܬܐ ܕܐܘܪܚܐ ܪܘܚܢܝܬܐ". Istanbul: Anadolu Ofset, 2022.
Isaac:SoghDaughtJeph	Brock, Sebastian P., "A Soghitha on the Daughter of Jephtha, by Isaac,” Hugoye: Journal of Syriac Studies 14:1 (2011), 3-25.
IšoMerv:ComSessions	Van den Eynde, Ceslas Florent (ed.), "Commentaire d’Išo‘dad de Merv sur l’Ancient Testament, III: Livres des Sessions". CSCO 229-230, Syr. 96-97. Leuven: Secrétariat du CorpusSCO, 1962-1963.
IsocrDiscDemon	de Lagarde, Paul A. Analecta syriaca. Leipzig: B.G. Teubner, 1858. (Piscataway, NJ: Gorgias Press, 2010.)
IwasIZ:AnaphDivLitIntro	Nayis, Philoxenos Mattias, al-Khouri, Matta, eds. "ܐܢܦܘܪܐ ܬܫܡܫܬܐ ܕܩܘܪܒܐ ܐܠܗܝܐ. The Anaphora: The service book of the Divine Liturgy. الاأنافورا كتاب خدمة الذبيحة الإلهية", Damascus: Syriac Orthodox Patriarchate of Antioch, 2012.
IwasIZ:BkSwallAdd8	Nayis, Philoxenos Mattias, ed., "ܟܬܒܐ ܕܣܢܘܢܝܬܐ", Damascus: Mor Aphrem Monastery, 2000.
IwasIZ:CollDisc	Iwas, Ignatius Zakka, "ܚܨܕܐ ܕܟܪ̈ܘܙܘܬܐ". St. Jakob von Sarug Verlaag, 2015.
IwasIZ:EpSynthronAydinP	Synthroniso: The Order of the Episcopal Installation of Mor Polycarpus Augin Aydin, Syriac Orthodox Metropolitan of the Netherlands. Losser: 2007.
IwasIZ:PenqChirotIntro	Iwas, Ignatius Zakka I, "ܦܢܩܝܬܐ ܕܟܝܪ̈ܛܘܢܝܐܣ". Damascus: Bab Touma Press, 2009.
IwasIZ:SacrHolyPriest	Iwas, Ignatius I Zakka, "ܐܪܙܐ ܩܕܝܫܐ ܕܟܗܢܘܬܐ سر الكهنوت المقدس The Sacrament of the Holy Priesthood. The lecture given by his holiness Moran Mor Ignatius Zakka I. Iwas in the 35th annual convention of the Syrian Orthodox Church in the US & Canada, hosted by the Archdiocese of the Western US", Los Angeles: 1997.
JacSPierre:Paul&Virg	Gabriel, Paul, trans., Ghattas Maqdisi, Elias, trans., "ܡܝܬܪܘܬܐ ܐܘ ܦܘܠ ܘ ܘܝܪܓܝܢܝ", Holland: Bar Hebraeus Verlag, 1986.
JacSer:Anaph1	Codrington, Humphrey WIlliam, "Anaphora Iacobi Sarugensis Prima", Anaphorae Syriacae 2.1. Rome, Pontificium Institutum Orientalium Studiorum, 1951. 3-39.
JnPhil:AnsDoubts	Sanda, A., ed. Opuscula Monophysitica Ioannis Philoponi, Typographia Catholica PP. Soc. Jesu., 1930 (Piscataway, NJ: Gorgias Press, 2012).
JnPhil:ComIsa	Baumstark, Anton, ed. Aristoteles bei den Syrern vom V.-VIII. Jahrhundert, Leipzig, 1900, pp. 12-15 (Piscataway, NJ, USA: Gorgias Press, 2010).
JnPhil:Diait	Sanda, A., ed. Opuscula Monophysitica Ioannis Philoponi, Typographia Catholica PP. Soc. Jesu., 1930 (Piscataway, NJ: Gorgias Press, 2012).
JnPhil:EpJust	Sanda, A., ed. Opuscula Monophysitica Ioannis Philoponi, Typographia Catholica PP. Soc. Jesu., 1930 (Piscataway, NJ: Gorgias Press, 2012).
JnPhil:EpitDiait	Sanda, A., ed. Opuscula Monophysitica Ioannis Philoponi, Typographia Catholica PP. Soc. Jesu., 1930 (Piscataway, NJ: Gorgias Press, 2012).
JnPhil:TreatSerg	Sanda, A., ed. Opuscula Monophysitica Ioannis Philoponi, Typographia Catholica PP. Soc. Jesu., 1930 (Piscataway, NJ: Gorgias Press, 2012).
JnSed:Anaph	Varghese, Baby, "West Syrian Anaphoras. ܛܟ̈ܣܐ ܕܐܢܢܦܘܪ̈ܐܣ ܠܦܘܬ ܥܝܕܐ ܕܥܕܬܐ ܣܘܪܝܝܬܐ ܕܐܢܛܝܘܟܝܐ". Awsār Slāwōtō 4 (Kottayam: SEERI, 2017), 468-493.
JnSem:OrdMystPrayIntro	ܛܟܣܐ ܕܐܪ̈ܙܐ ܕܨܠܘܬܐ̈, Tehran: 1973.
JosephMa'a:BkMagnet	Aydin, Davut, "ܟܬܒܐ ܕܡܓܢܛܝܣ ܡܢ ܣܝ̈ܡܗ ܕܐܒܘܢ ܡܢܚܐ ܘܦܝܠܣܦܐ ܕܪܘܚܐ ܡܪܝ ܝܘܣܦ ܬܪܝܢܐ ܦܛܪܝܪܟܐ ܕܟܠܕܝ̈ܐ ܕܡܢ ܒܝܬ ܡܥܪܘܦ". Istanbul: Anadolu Ofset, 2018.
ÇiçekJY:PrefLifeBarEbr	Y. Çiçek (ed.), Diosqoros d-Gozarto. Mimro ʿal qadišo Grigoriyos maphryono d-hu Bar ʿEbroyo (Glane/Losser, 1985).
JuliusEpDisc	de Lagarde, Paul A. Analecta syriaca. Leipzig: B.G. Teubner, 1858. (Piscataway, NJ: Gorgias Press, 2010.)
KalDim1895	Audo, Toma, "ܟܬܒܐ ܕܟܠܝܠܐ ܘܕܡܢܐ ܕܐܬܬܥܒܪ ܡܢ ܐܪܒܝܐ ܠܣܘܪܝܝܐ ܒܐܝܕܝ̈ ܬܐܘܡܐ ܐܘܕܘ", Mosul: Imprimerie des Pères Dominicain, 1895.
KarimCA:BurDeadIntro	Karim, Cyril Aphrem, ed. "ܛܟܣܐ ܕܥܘܦܝܐ ܕܥܢܝ̈ܕܐ. Order For The Burial Of The Dead. طقس جناز الموتي": Archdiocese of the Syriac Orthodox Church for the Eastern United States, 2010.
KelaitaJEY:SuppNinevehIntro	De Kelaita, Joseph E. Y., ed. "ܟܬܒܐ ܕܡܐܡܪ̈ܐ ܕܒܥܘܬܐ ܕܢܝܢܘܝ̈ܐ ܘܕܒ̈ܬܘܠܬܐ ܥܡ ܬܫܒ̈ܚܬܐ ܘܟܪ̈ܘܙܘܬܐ", Mosul: Assyrian Press, 1923.
KhouryA:Folktales	Khoury, Asmar, "ܐܘܪܝܬܐ", Södertälje, Sweden: Syrianska Riksförbundet, 1980.
AcrSugitha	Kirschner, Bruno, ed. Alfabetische Akrosticha in der syrischen Kirchenpoesie. Heidelberg : Universität Heidelberg, 1907 (Piscataway, NJ : Gorgias Press, 2009).
LangBird	ܠܫܢܐ ܕܥܢܕܐ. Istanbul: 2011.
LawConstLeo	Sachau, Eduard, ed. "Syrische Rechtsbücher. Erster Band: Leges Constantini Theodosii Leoni". Berlin: G. Reimer, 1907.
LawConstTheodLeo	Sachau, Eduard, ed. "Syrische Rechtsbücher. Erster Band: Leges Constantini Theodosii Leoni". Berlin: G. Reimer, 1907.
LazarBSabta:Anaph	Varghese, Baby, "West Syrian Anaphoras. ܛܟ̈ܣܐ ܕܐܢܢܦܘܪ̈ܐܣ ܠܦܘܬ ܥܝܕܐ ܕܥܕܬܐ ܣܘܪܝܝܬܐ ܕܐܢܛܝܘܟܝܐ". Awsār Slāwōtō 4 (Kottayam: SEERI, 2017), 510-527.
LifeAlex	de Lagarde, Paul A. Analecta syriaca. Leipzig: B.G. Teubner, 1858. (Piscataway, NJ: Gorgias Press, 2010.)
LifeJacSerIntro	Aydin, Eliyo, ed., Dolabani, Yuḥanon, "Das Leben des Heiligen Jakob von Sarug". Delbrück, Germany: Mor Yaqub von Sarug Verlag, 2014.
LifeJnDwarf	ܬܫܥܝܬܐ ܕܩܕܝܫܐ ܡܪܝ ܝܘܚܢܢ ܟܪܝܐ.
LifeMary	Çiçek, Julius Yeshu, ed. "ܬܫܥܝܬܐ ܕܝܠܕܬ ܐܠܗܐ ܡܪܝܡ ܡܢ ܡܘܠܕܗ̇ ܠܕܡܐ ܠܫܘܢܝܗ̇", Holland: Bar Ebroyo Kloster, 2001.
LifeMorGabr	Aydin, Eliyo, ed. "ܬܫܥܝܬܐ ܕܩܕܝܫܐ ܡܪܝ ܓܒܪܐܝܠ". Bar Hebraeus Verlag, 2021.
LitAddaiSliba	Liturgia Sanctorum Apsotolorum Adaei et Maris. Cui Accedunt Duae Aliae in Quibusdam Feriis et Festis Dicendae: Necnon Ordo Baptismi, Urmia: Typis Missionis Archiaepiscopi Cantuariensis, 1890.
LitRite	Jacob, Cyril, ed. "ܟܬܒܐ ܕܫܘܡܠܝܐ ܕܩܘܪܒܐ ܠܦܘܬ ܛܟܣܐ ܕܥܕܬܐ ܩܕܝܫܬܐ ܕܐܢܛܝܘܟܝܐ ܣܘܪܝܝܬܐ ܬܪܝܨܬ ܫܘܒܚܐ", Qamishli: 1964.
Liturgies2008	Shabo, Eli, ed. "ܐܢܐܦܘܪ̈ܐܣ. Liturgies. اليتورجيّات: Syriac Orthodox Church Archdiocese of the Eastern United States, 2008.
MaronDayMass	نافور القداس اليومي حسب طقس الكنيسة الانطاكية المارونية, Juniyah, Lebanon: Lebanese Maronite Missionary Order, 1960.
MaronFuner	الجناز الماروني, Kaslik, Lebanon: Holy Spirit University, 1991.
MaronMass	ܟܬܐܒ ܟܕܡܗ̈ ܐܠܩܕܐܣ ܐܠܐܠܗܝ ܚܣܒ ܛܩܣ ܐܠܟܢܝܣܗ̈ ܐܠܣܪܝܐܢܝܗ̈ ܐܠܡܐܪܘܢܝܗ̈, Beirut: Youssef Sader, 1914.
MaruTag:Anaph	Varghese, Baby, "West Syrian Anaphoras. ܛܟ̈ܣܐ ܕܐܢܢܦܘܪ̈ܐܣ ܠܦܘܬ ܥܝܕܐ ܕܥܕܬܐ ܣܘܪܝܝܬܐ ܕܐܢܛܝܘܟܝܐ". Awsār Slāwōtō 4 (Kottayam: SEERI, 2017), 582-601.
MereY:ServMystChaldIntro	Mere, Yawsep, "ܬܫܡܫܬܐ ܕܪ̈ܙܐ". Kirkuk: Nineveh Printing Press, 1960.
ErgunI:MonastHobelAbr	Ergun, Ishak, "ܕܝܪܐ ܕܡܪܝ ܗܒܝܠ ܘܡܪܝ ܐܒܪܗܡ". Istanbul: Anadolu Ofset, 2014.
MonkPray	Çiçek, Julius Yeshu, ed. "ܫܒܝܬܐ ܕܕܝܪ̈ܝܐ ܘܡܙܡܘܪ̈ܐ ܕܕܘܝܕ ܢܒܝܐ", Holland: Bar Hebraeus Verlag, 1993.
MystBaptChald	ܛܟܣܐ ܕܐܪܙܐ ܕܡܥܡܘܕܝܬܐ ܩܕܝܫܬܐ. Mosul: 1907.
NaimyM:ThreeFaces	Mikhail Naimy, "ܦܪ̈ܨܘܦܐ ܬܠܬܐ". Jerusalem: 1945.
NarrJulWise	de Lagarde, Paul A. Analecta syriaca. Leipzig: B.G. Teubner, 1858. (Piscataway, NJ: Gorgias Press, 2010.)
Nars:ComLit	De Kelaita, Joseph E. Y., ed. "ܦܘܫܩ ܐܪ̈ܙܐ ܕܣܝܡ ܠܡܪܝ ܢܪܣܝ ܟܢܪܐ ܕܪܘܚܐ", Mosul: Assyrian Press, 1928.
Nars:HomThreeDoct	Martin, J.-P.P., “Homélie de Narsès sur les trois docteurs nestoriens,” Journal asiatique IX, 14 (1899), 446-492; IX, 15 (1900), 469-525.
Nars:MemCreat	Gignoux, Philippe. Homélies de Narsaï sur la création. Patrologia Orientalis 34.3–4  [161-162]. Turnhout: Brepols, 1968.
Nars:Mem2Joseph	Weyl, M., Das zweite Josephs-Gedicht von Narses, nach 2 Handschriften der Königl. Bibliothek zu Berlin vorgelegt (Berlin: M. Poppelauer, 1901).
NayisPM:BkSwallIntro	Nayis, Philoxenos Mattias, ed., "ܟܬܒܐ ܕܣܢܘܢܝܬܐ", Damascus: Mor Aphrem Monastery, 2000.
NayisPM:GuideClerIntro	Nayis, Philoxenos Mattias, ed. "ܡܗܕܝܢܐ ܕܩܠܝܪܝܩܝܐ ܥܠ ܨܠܘܬܐ ܕܢܝܢܘܐ ܘܕܨܘܡܐ ܐܪܒܥܝܢܝܐ ܘܕܫܒܘܥܐ ܕܚܫܐ ܡܚܝܢܐ 
NayisPM:TheoTreat	Nayis, Philoxenos Mattias, "ܩܠܐ ܕܪܥܝܐ ܡܠܬܐ ܪܘܚܢܝܬܐ ܕܥܠ ܝܕܥܬܗ ܕܐܠܗܐ ܡܪܝܡܐ ܘܗܘܓܝ̈ܐ ܕܒܟܬܒ̈ܐ", Giessen, Germany: Aram Druck, 2014.
NicMac:Prince	Afram, Gabriel, trans., Machiavelli, Niccolò, "ܐܡܝܪܐ", Jönköping, Sweden: Assyrian Turabdin Association, 1995.
NoahLeb:Poems	Dolbani, Yuhanon, ed. "ܡܘܫ̈ܚܬܐ ܕܦܛܪܝܪܟܐ ܢܘܚ ܠܒܢܢܝܐ ܫܢܬ ܐܗ̇ܛ ܡ", Mardin: 1956.
NuroA&BidawidR:EpSyrSchol	Nuro, Abrohom, Bidawid, Rapahel, "Circulaire Adressee aux Savants, aux professeurs de la langue syriaque et aux orientalistes semitisants", 1964.
NuroA:Intro	Ibrahim, Gregorios Yohanna, ed., Ghaṭṭās Maqdisī Elias, "ܦܐܪ̈ܐ ܠܩܝܫ̈ܝܐ". Aleppo: Mardin Publishing House, 2007.
OffWeek	Arida, Anthony Peter, ed. "ܫܚܝܡܬܐ ܕܫܒ̈ܥܐ ܝܘ̈ܡܐ ܕܫܒܬܐ ܐܝܟ ܛܟܣܐ ܕܣܘܪ̈ܝܝܐ ܡܪ̈ܘܢܝܐ", Junyiah: Lebanese Maronite Missionary Order, 1935.
OfferMyst	Putanpura, Giwargis, ed. "ܛܟܣܐ ܕܩܘܪ̈ܒ ܐ̱ܪ̈ܙܐ", Mannanam, India: Mar Joseph Press, 1960.
OrdBegHolWeek	ܛܟܣܐ ܕܬܫܡܫܬܐ ܕܘܥܕܗ ܕܠܡܐܢܐ ܢܗܝܪܐ, New Jersey: Eli Shabo, 1989.
OrdBurDead	Yacoub III, Ignatius, ed. "ܛܟܣܐ ܕܥܘܦܝܐ ܕܥܢܝ̈ܕܐ. ܛܩܣ ܓܢ̇ܐܙ ܐܠܡܘܬܝ ܐܠܥܠܡܐܢܚܢ", Bikfaya, Lebanon: Mar Ephrem Patriarchal press, 1972.
OrdChEast1	Youkhana, Emanuel, ed. "ܟܘܢܫܐ ܡܫܡܠܝܐ ܕܨܠܘ̈ܬܐ ܕܡܫܬܡܫ̈ܢ ܒܥܐܕܘ̈ܬܐ ܩܕܝܫ̈ܐ ܕܡܕܒܪܢܘܬܗ ܕܡܪܢ ܐܝܟ ܬܟܣܐ ܕܥܕܬܐ ܩܕܝܫܬܐ ܘܫܠܝܚܝܬܐ ܩܬܘܠܝܩܝ ܕܡܕܢܚܐ ܕܐܬܘܪ̈ܝܐ. ܟܬܒܐ ܩܕܡܝܐ ܥܐܕܐ ܩܕܝܫܐ ܕܝܠܕܗ ܕܡܪܢ", Archdiocese of Lebanon of the Assyrian Church of the East, 2012.
OrdChEast2	Youkhana, Emanuel, ed. "ܟܘܢܫܐ ܡܫܡܠܝܐ ܕܨܠܘ̈ܬܐ ܕܡܫܬܡܫ̈ܢ ܒܥܐܕܘ̈ܬܐ ܩܕܝܫ̈ܐ ܕܡܕܒܪܢܘܬܗ ܕܡܪܢ ܐܝܟ ܬܟܣܐ ܕܥܕܬܐ ܩܕܝܫܬܐ ܘܫܠܝܚܝܬܐ ܩܬܘܠܝܩܝ ܕܡܕܢܚܐ ܕܐܬܘܪ̈ܝܐ. ܟܬܒܐ ܬܪܝܢܐ ܥܐܕܐ ܩܕܝܫܐ ܕܝܠܕܗ ܕܡܪܢ", Archdiocese of Lebanon of the Assyrian Church of the East, 2012.
OrdChEast3	Youkhana, Emanuel, ed. "ܟܘܢܫܐ ܡܫܡܠܝܐ ܕܨܠܘ̈ܬܐ ܕܡܫܬܡܫ̈ܢ ܒܥܐܕܘ̈ܬܐ ܩܕܝܫ̈ܐ ܕܡܕܒܪܢܘܬܗ ܕܡܪܢ ܐܝܟ ܬܟܣܐ ܕܥܕܬܐ ܩܕܝܫܬܐ ܘܫܠܝܚܝܬܐ ܩܬܘܠܝܩܝ ܕܡܕܢܚܐ ܕܐܬܘܪ̈ܝܐ. ܟܬܒܐ ܬܠܝܬܝܐ ܥܐܕܐ ܩܕܝܫܐ ܕܝܠܕܗ ܕܡܪܢ", Archdiocese of Lebanon of the Assyrian Church of the East, 2012.
OrdChEast4	Youkhana, Emanuel, ed. "ܟܘܢܫܐ ܡܫܡܠܝܐ ܕܨܠܘ̈ܬܐ ܕܡܫܬܡܫ̈ܢ ܒܥܐܕܘ̈ܬܐ ܩܕܝܫ̈ܐ ܕܡܕܒܪܢܘܬܗ ܕܡܪܢ ܐܝܟ ܬܟܣܐ ܕܥܕܬܐ ܩܕܝܫܬܐ ܘܫܠܝܚܝܬܐ ܩܬܘܠܝܩܝ ܕܡܕܢܚܐ ܕܐܬܘܪ̈ܝܐ. ܟܬܒܐ ܪܒܝܥܝܐ ܥܐܕܐ ܩܕܝܫܐ ܕܝܠܕܗ ܕܡܪܢ", Archdiocese of Lebanon of the Assyrian Church of the East, 2012.
OrdChEast5	Youkhana, Emanuel, ed. "ܟܘܢܫܐ ܡܫܡܠܝܐ ܕܨܠܘ̈ܬܐ ܕܡܫܬܡܫ̈ܢ ܒܥܐܕܘ̈ܬܐ ܩܕܝܫ̈ܐ ܕܡܕܒܪܢܘܬܗ ܕܡܪܢ ܐܝܟ ܬܟܣܐ ܕܥܕܬܐ ܩܕܝܫܬܐ ܘܫܠܝܚܝܬܐ ܩܬܘܠܝܩܝ ܕܡܕܢܚܐ ܕܐܬܘܪ̈ܝܐ. ܟܬܒܐ ܚܡܝܫܝܐ ܥܐܕܐ ܩܕܝܫܐ ܕܝܠܕܗ ܕܡܪܢ", Archdiocese of Lebanon of the Assyrian Church of the East, 2012.
OrdChEast6	Youkhana, Emanuel, ed. "ܟܘܢܫܐ ܡܫܡܠܝܐ ܕܨܠܘ̈ܬܐ ܕܡܫܬܡܫ̈ܢ ܒܥܐܕܘ̈ܬܐ ܩܕܝܫ̈ܐ ܕܡܕܒܪܢܘܬܗ ܕܡܪܢ ܐܝܟ ܬܟܣܐ ܕܥܕܬܐ ܩܕܝܫܬܐ ܘܫܠܝܚܝܬܐ ܩܬܘܠܝܩܝ ܕܡܕܢܚܐ ܕܐܬܘܪ̈ܝܐ. ܟܬܒܐ ܫܬܝܬܝܐ ܥܐܕܐ ܩܕܝܫܐ ܕܝܠܕܗ ܕܡܪܢ", Archdiocese of Lebanon of the Assyrian Church of the East, 2012.
OrdChEast7	Youkhana, Emanuel, ed. "ܟܘܢܫܐ ܡܫܡܠܝܐ ܕܨܠܘ̈ܬܐ ܕܡܫܬܡܫ̈ܢ ܒܥܐܕܘ̈ܬܐ ܩܕܝܫ̈ܐ ܕܡܕܒܪܢܘܬܗ ܕܡܪܢ ܐܝܟ ܬܟܣܐ ܕܥܕܬܐ ܩܕܝܫܬܐ ܘܫܠܝܚܝܬܐ ܩܬܘܠܝܩܝ ܕܡܕܢܚܐ ܕܐܬܘܪ̈ܝܐ. ܟܬܒܐ ܫܒܝܥܝܐ ܥܐܕܐ ܩܕܝܫܐ ܕܝܠܕܗ ܕܡܪܢ", Archdiocese of Lebanon of the Assyrian Church of the East, 2012.
OrdChaldMyst	Putanpura, Giwargis, ed. "ܛܟܣܐ ܟܠܕܝܐ ܕܬܫܡܫܬܐ ܕܐ̱ܪ̈ܙܐ ܩܕܝ̈ܫܐ ܕܡܫܬܡܠܝܢ ܡܢ ܟܗ̈ܢܐ ܐܝܟ ܥܝܕܐ ܕܥܕܬܐ ܕܡܠܒܪ", Alwaye, India: Mar Thoma Sleeha Press, 1965.
OrdDeac	of Beth Benyamin, Giwargis, ed. "ܬܘܪ̈ܓܡܐ ܠܡܥܠܝܘܬ ܐܘܢܓܠܝܘܢ ܕܚܕܒܫܒ̈ܐ ܘܕܥܐܕ̈ܐ ܘܕܕܘܟܪ̈ܢܐ", Baghdad: Nineveh Press, 1968. 
OrdDeac2012	The Order of Ordination of the Deacons Celebrated by Mor Cyril Ephrem Karim at St. Mark's Cathedral, Teaneck, NJ on October 14, 2012 on the Occasion of the Ordination of George Anton Kiraz to the Rank of Deacon (Ewangeloyo), Teaneck, New Jersey: St. Mark's Cathedral, 2012.
OrdDivLit	Aydin, Julius Henana, ed., "ܛܟܣܐ ܕܩܘܪܒܐ ܐܠܗܝܐ ܠܦܘܬ ܡܫܠܡܢܘܬܐ ܕܥܕܬܐ ܣܘܪܝܝܬܐ ܬܪܨܬ ܫܘܒܚܐ ܕܐܢܛܝܘܟ. Ordnung der göttlichen Operfung nach dem Ritus der syrisch-orthodoxen Kirche von Antiochien", Holland: Bar Hebraeus Verlag, 2009.
OrdExorc	ܛܟܣܐ ܕܡܘܡܝܢܘܬܐ, Palai, India: Boys Town Press.
OrdHolyLit	ܛܟܣܐ ܕܩܘܪܒܢܐ ܐܠܗܝܐ, Holland: Bar Ebroyo Kloster, 1993.
OrdHolyWeek	ܬܘܒ ܛܟܣܐ ܕܥܠ ܫܒܬܐ ܕܚܫܐ ܦܪܘܩܝܐ ܕܡܪܢ.
OrdMystPray	ܛܟܣܐ ܕܐܪ̈ܙܐ ܕܨܠܘܬܐ̈, Tehran: 1973.
OrdNunSyrCat	رسامة القسيسات ܣܝܡܝܕܐ ܕܒܢ̈ܬ ܩܝܡܐ. Beirut: 2001.
OrdPatr	ܛܟܣܐ ܕܟܝܪܝܛܘܢܝܐ ܐܘܟܝܬ ܣܝܡܝܕܐ ܕܩܬܘܠܝܩܐ ܦܛܪܝܪܟܝܣ.
OrdPrayMalank	Thekkekkara, Paul, "ܟܬܒܐ ܕܨܠ̈ܘܬܐ ܫܚ̈ܝܡܬܐ ܕܥܕܬܐ ܩ̄ܕ ܩܬܘܠܝܩܝ ܕܐܢܛܝܘܟܝܐ ܐܝܟ ܥܝܕܐ ܕܣܘܪ̈ܝܝܐ ܕܡܠܢܟܪܐ ܕܒܗܢܕܘܣܛܢ", Little Flower Mount, Tiruvalla: The St. Joseph's Printing House, 1943.
OrdPraySupp	ܜܟܣܐ ܕܨܠܘܬܐ ܘܒܥܘܬܐ, Holland: Bar Ebroyo Kloster, 1989.
OrdPrayWint	ܛܟܣܐ ܕܨܠܘ̈ܬܐ ܡܢ ܩܘܕܫ ܥܕܬܐ ܥܕܡܐ ܠܥܐܕܐ ܕܝܠܕܐ, Holland: Bar Ebroyo Kloster, 2008.
OrdPriest	ܟܬܒܐ ܕܝܕ̈ܝܐ ܕܟܗ̈ܢܐ, Urmia: Imprimerie des Pères Dominicains, 1907.
OrdSacr	ܛܟܣ̈ܐ ܥܕܬܢ̈ܝܐ ܕܥܡܕܐ ܩܕܝܫܐ ܕܒܘܪܟ ܥܙܩ̈ܬܐ ܘܟܠܝ̈ܠܐ ܘܕܥܘܦܝܐ ܕܢܝ̈ܕܐ, Holland: Bar Ebroyo Kloster, 1997.
OrdTransfig	ܛܟܣܐ ܕܥܐܕܐ ܩܕܝܫܐ ܕܡܛ̈ܠ̱ܠܐ, Los Angeles: 1997.
OrdinNayisPM	Iskender, Demirel, ed. "ܟܬܒܐ ܕܡܬܬܣܪܚܢܘܬܐ ܕܚܣܝܐ ܡܬܝܐܣ ܢܐܝܣ ܒܓܐܢܝ", Maarat Saidnaya, Syria: Monastery of Mor Aphrem, 2007.
PalmSun	ܥܐܕܐ ܕܐܘܫܥ̈ܢܐ.
PaulPers:PeriHerm	Hayati, Said, "Peri Hermeneias by Paul the Persian". Duhok, Iraq: Nawroz University, 2014.
PenqChirot	Iwas, Ignatius Zakka I, "ܦܢܩܝܬܐ ܕܟܝܪ̈ܛܘܢܝܐܣ". Damascus: Bab Touma Press, 2009.
PenqConsCh2019	Bulut, Jeschua, "ܦܢܩܝܬܐ ܕܩܘܕܫ ܥܕܬܐ". Istanbul: Anadolu Ofset, 2019.
PenqHudr	ܦܢܩܝܬܐ ܕܚܘܕܪܐ ܫܢܬܢܝܐ, Pampakuda: Mar Julius Press, 1963.
PenqLent	ܟܬܒܐ ܕܦܢܩܝܬ ܚܘܣܝܐ ܕܨܘܡܐ ܕܐܪ̈ܒܥܝܢ ܝܘ̈ܡܝܢ.
PenqLent2019	Bulut, Jeschua, "ܦܢܩܝܬܐ ܕܨܘܡܐ ܩܕܝܫܐ ܕܐܪܒܥܝܢ ܥܡ ܫܒܬܐ ܕܚܫܐ ܦܪܘܩܝܐ". Istanbul: Anadolu Ofset, 2019.
PenqResurr2019	Bulut, Jeschua, "ܦܢܩܝܬܐ ܕܩܝܡܬܐ ܦܪܘܩܝܬܐ". Istanbul: Anadolu Ofset, 2019.
PenqWint	ܦܢܩܝܬ ܣܕܪ̈ܐ ܕܟܠܗ ܣܬܘܐ.
PenqWintEpiph	فنقيث تقديس البيعة.
PerformMass	ܫܘܡܠܝܐ ܕܩܘܪܒܐ ܐܝܟ ܐܝܕܐ ܕܥܕܬܐ ܩܕܝܫܝܐ ܕܐܢܛܝܘܟܝܐ ܕܣܘܪ̈ܝܝܐ, Sharfeh: Patriarchal Press, 1931.
PeterCall:Anti-Trith	Ebied, R.Y., van Roey, A., and Wickham, L.R., Peter of Callinicum. Anti-Tritheist Dossier (Orientalia Lovaniensia Analecta 10; Leuven: Departement Oriëntalistiek, 1981).
PhiloxMab:Ep	Vaschalde, Arthur A., ed. and trans. Three Letters of Philoxenus Bishop of Mabbôgh (485–519), Being the Letter to the Monks, the First Letter to the Monks of Beth-Gaugal, and the Letter to Emperor Zeno. Facultas Philosophiae 2; Roma: Tipografia della R. Accademia dei Lincei, 1902.
PhiloxMab:Anaph	Varghese, Baby, "West Syrian Anaphoras. ܛܟ̈ܣܐ ܕܐܢܢܦܘܪ̈ܐܣ ܠܦܘܬ ܥܝܕܐ ܕܥܕܬܐ ܣܘܪܝܝܬܐ ܕܐܢܛܝܘܟܝܐ". Awsār Slāwōtō 4 (Kottayam: SEERI, 2017), 602-651.
PlutOnAnger	de Lagarde, Paul A. Analecta syriaca. Leipzig: B.G. Teubner, 1858. (Piscataway, NJ: Gorgias Press, 2010.)
PlutOnDiscipline	de Lagarde, Paul A. Analecta syriaca. Leipzig: B.G. Teubner, 1858. (Piscataway, NJ: Gorgias Press, 2010.)
PrayChald	Benyamin, ed. "ܨܠܘܬܐ ܕܓܘܐ ܕܥܕܬܐ ܕܡܕܢܚܐ ܕܟܠܕܝ̈ܐ". Tbilisi: Chaldean Catholic Church, 2008.
PrayDayOff	Benjamin, Daniel D., ed. "ܟܬܒܐ ܕܩܕܡ ܘܕܒܬܪ", Chicago: 2004.
PrayDayOffIntro	Benjamin, Daniel D., ed. "ܟܬܒܐ ܕܩܕܡ ܘܕܒܬܪ", Chicago: 2004.
PrayEveCompl	ܟܬܒܐ ܕܨܠܘ̈ܬܐ ܕܪ̈ܡܫܐ ܘܕܣܘܬܪ̈ܐ ܐܝܟ ܐܝܟ ܛܟܣܐ ܕܥܕ̱ܬܐ ܕܣܘܪ̈ܝܝܐ ܡܪ̈ܘܢܝܐ, Lebanon: 1907.
PrayPriest	Dolabani, Yuḥanon, ed. "ܨܠܘ̈ܬܐ ܕܟܗ̈ܢܐ ܕܛܟܣܐ ܕܥܕܬܐ ܣܘܪܝܝܬܐ ܐܪܬܘܕܘܟܣܝܬܐ", Holland: Bar Ebroyo Kloster, 1996.
PrayRepent	ܟܬܒܐ ܕܨܠܘ̈ܬܐ ܕܬܝܒܘܬܐ. ܟܬܒܐ ܕܬܫܡܫܬܐ ܕܩܘܪܒܐ, Udayigiri, India: The Seminary Publications, 2009.
PrayResurr	حساية القيامة بالسريانية.
PrinceIntro	Afram, Gabriel, trans., Machiavelli, Niccolò, "ܐܡܝܪܐ", Jönköping, Sweden: Assyrian Turabdin Association, 1995.
Proba:ComAnPr	Hugonnard-Roche, Henri, "Un cours sur la syllogistique d'Aristote à l'époque tardo-antique: le commentaire syriaque de Proba (VIe siècle) sur les Premiers Analytiques". Studia graeco-arabica 7. Pisa: Pacini Editore, 2017.
Proba:ComIsa	Baumstark, Anton, ed. Aristoteles bei den Syrern vom V.-VIII. Jahrhundert, Leipzig, 1900, pp. 4-12 (Piscataway, NJ, USA: Gorgias Press, 2010).
ProclConst:HomMotherGod	Lucchesi, E., “L’Oratio I “de laudibus S. Mariae” de Proclus de Constantinople. Version syriaqe inédite,” in: E. Lucchesi and H.D. Saffrey (eds.), Mémorial André-Jean Festugière. Antiquité païenne et chrétienne (Cahiers d’orientalisme 10; Genève: Patrick Cramer, 1984), 187-198.
ProclConst:Hom	Chabot, Jean Baptiste, “Trois homélies de Proclus évêque de Constantinople, éditées pour la première fois dans la version syriaque d’après les mss. de la Bibl. Vaticane,” Rendiconti della Reale Accademia Nazionale dei Lincei. Classe di scienze morali, storiche e filologiche V, 5 (1896), 178-197.
Ps-DionAr:AutobioRecA	Kugener, Marc-Antoine. ''Une autobiographie syriaque de Denys l’Aréopagite." Oriens Christianus I, 7 (1907): 292-339.
Ps-DionAr:AutobioRecB	Kugener, Marc-Antoine. ''Une autobiographie syriaque de Denys l’Aréopagite." Oriens Christianus I, 7 (1907): 292-339.
PsChurEast	ܟܬܒܐ ܕܡܙܡܘܪ̈ܐ ܕܕܘܝܕ, Dawra, Baghdad: Metropolitan Press of the Church of the East, 1983.
Ps-Diocl:ChrFrags	Brooks, Ernest Walter and Guidi, Ignazio and Chabot, Jean Baptiste, eds. Chronica Minora III. CSCO 5, Syr 5. Leuven: Secrétariat du CorpusSCO, 1905.
Ps-JacSer:SongAlex1	Reinink, Gerrit J., ed. Das syrische Alexanderlied: Die drei Rezensionen. CSCO 454-455, Syr. 195-196. Leuven: Peeters, 1983.
Ps-JacSer:SongAlex2	Reinink, Gerrit J., ed. Das syrische Alexanderlied: Die drei Rezensionen. CSCO 454-455, Syr. 195-196. Leuven: Peeters, 1983.
Ps-JacSer:SongAlex3	Reinink, Gerrit J., ed. Das syrische Alexanderlied: Die drei Rezensionen. CSCO 454-455, Syr. 195-196. Leuven: Peeters, 1983.
PsJoshStyl:Chron	Dolabani, Yuhanon, ed. "ܡܟܬܒܢܘܬܐ ܕܬܫܥܝܬܐ ܕܙܒܢܐ ܕܐܘܠܨܢܐ ܕܗܘܐ ܒܐܘܪܗܝ ܘܒܐܡܪ ܘܒܟܠܗ ܒܝܬ ܢܗܪ̈ܝܢ", Mardin: Hekmto Press, 1959.
PsOlymp:ComCat	Furlani, Giuseppe, "Frammenti di una versione siriaca del commento di Pseudo-Olimpiodoro alle Categorie d'Aristotele". Rivista di Studi Orientali VII.1. Rome: Regia Università, 1916. 131-163.
PythagOnGold	de Lagarde, Paul A. Analecta syriaca. Leipzig: B.G. Teubner, 1858. (Piscataway, NJ: Gorgias Press, 2010.)
QarabAMN:Hymnal1968Intro	Qarabashī, ʿAbd al-Masīḥ Nuʿmān, "ܙܡܝܪ̈ܬܐ ܕܥܕܬܐ".
QarabAMN:Poems	Qarabashi, ʿAbd al-Masih Nuʿman, "ܟܬܒܐ ܕܡܘܫܚ̈ܬܐ".
QarabAMN:StorAncTime	Qarabashī, ʿAbd al-Masīḥ Nuʿmān, "ܡܟܢܫܬܐ ܕܫܪ̈ܒܐ ܡܫܚ̈ܠܦܐ ܘܕܫܘ̈ܝܥܬܐ ܕܡܟܬܒܙܒܢ̈ܐ ܕܙܘ̈ܝܬܐ ܕܕܪ̈ܐ ܩܕ̈ܡܐ", Jönköping, Sweden: Asurbaipals tryckeri, 1994.
QarabAMN:SyrReadIntro	Shabo, Eli, ed., Qarabashi, ʿAbd al-Masiḥ Nuʿman, "ܗܪ̈ܓܐ ܕܩܪܝܢܐ ܬܪܝܢܐ. Syriac Reading Lessons Part Two": St. Ephraim Syriac School, 2002.
QashishoY:Poems	Qashisho, Yuhanon, "ܣܝܡܬܐ ܕܡܐܡܪ̈ܐ ܘܡܘܫܚ̈ܬܐ". Sweden: Assyriska riskförbundet i Sverige, 1993.
QurAnt:Anaph	Varghese, Baby, "West Syrian Anaphoras. ܛܟ̈ܣܐ ܕܐܢܢܦܘܪ̈ܐܣ ܠܦܘܬ ܥܝܕܐ ܕܥܕܬܐ ܣܘܪܝܝܬܐ ܕܐܢܛܝܘܟܝܐ". Awsār Slāwōtō 4 (Kottayam: SEERI, 2017), 494-509.
QurbFaith	The Order of the Holy Qurbana for the Use of the Faithful, San Jose, California: Adiabene Publications, 2001.
RiteCandle	ܛܟܣܐ ܕܩܢܕܝܠܐ, Pampakuda, India: Mar Julius Press.
RiteWashFeet	ܛܟܣܐ ܕܫܝܓܬܐ ܐ̱ܪܙܢܝܬܐ. Metropolitan See of Eastern America, 1999.
SaddiAM:SyrCultIntro	Başçı, Veysel ed., Beğtaş, Yussef "ܡܪܕܘܬܐ ܣܘܪܝܝܬܐ ܘܫܘܓܢܝܐ ܓܘܢܝܐ". Istanbul: Yeni Anadolu Yayıncılık, 2023.
SacrBapt	ܛܟܣܐ ܕܥܡܕܐ ܩܕܝܫܐ ܘܕܒܘܪܟ ܟܠܝܬܐ ܕܚܬ̈ܢܐ ܘܕܟܠ̈ܬܐ, Holland: Bar Ebroyo Kloster, 1989.
SacrMarr	ܛܟܣܐ ܕܥܡܕܐ ܩܕܝܫܐ ܘܕܒܘܪܟ ܟܠܝܬܐ ܕܚܬ̈ܢܐ ܘܕܟܠ̈ܬܐ, Holland: Bar Ebroyo Kloster, 1989.
SakaSI:MySyrChurch	Shabo, Joseph, ed., Saka, Severus Isaac, "كنيستي السوريانية. ܥܕܬܝ ܣܘܪܝܝܬܐ", Aleppo: 2006.
SalibaTG:AlchemIntro1	Gawrieh, Gaby, trans., Coelho, Paulo, "ܟܝܡܝܐܝܐ", Beirut: Friends of the Syriac Language Association, 2010.
SalibaTG:IntroGramIntro	Saliba, Theophilus George, ed. "ܡܥܠܬܐ". Mount Lebanon: 2022.
SalibaTG:SeeAnt	Saliba, Theophilus George, "ܟܘܪܣܝܐ ܫܠܝܚܝܐ ܕܐܢܛܝܘܟ. The Apostolic See of Antioch. كرسي أنطاكية الرسولي", Mount Lebanon: 2014.
SalibaTG:SilasMarnerIntro	Saliba, Theophilus George, ed., Gaby Gawrieh, trans., George Eliot, "ܐܒܪܗܡ ܫܒܐ", Beirut: 2008.
SamuelAY:SolemnMarrIntro	Samuel, Athanasius Yeshue, ed. "The Order of the Solemnization of the Sacrament of Matrimony according to the Ancient Rite of the Syrian Orthodox Church of Antioch", Metropolitan Mar Athanasius Yeshue Samuel, 1974.
BarEbr:PoemArist	Samuel, Salomon, ed. and trans. Das Gedicht Teqqaf l’Arestotalis, 1893 (Piscataway, NJ: Gorgias Press, 2012).
SaumaA:BarEbrComKingsIntro	Sauma, Assad, "Gregory Bar-Hebraeus's Commentary on the Book of Kings from Hist Storehouse of Mysteries: A Critical Edition with an English Translation, Introduction & Notes". Studia Semantica Upsalienia 20. Uppsala: Uppsala Universitet, 2003.
SavciY:Hymnal2011Intro	Savci, Yuhanun, ed. "ܩ̈ܠܐ ܘܢܥܡ̈ܬܐ ܠܦܘܬ ܛܟܣܐ ܕܥܕܬܐ ܣܘܪܝܝܬܐ ܬܪܝܨܬ ܫܘܒܚܐ ܕܐܢܛܝܘܟܝܐ", Giessen, Germany: Aram Druck, 2011.
ScaviniP:TheodMoralAlph	Audo, Toma, ed. "Theologia Moralis ad Mentem S. Alphonsi M. De Ligorio. Auctore Thomas Audo, Archiepiscopo Urmiensi", vol. 1. Urmia: Cong. Commissionis Ourmiae in Perside, 1899.
SedrMaronMass	Breydy, Michel, "Le Concept du Sacerdoce: Essai de Théologie Syro-Maronite", Beirut: Imprimerie Catholique, 1964.
SergReš:Moon	Sachau, Eduard, ed. Inedita Syriaca: Eine Sammlung syrischer Übersetzungen von Schriften griechischer Profanliteratur, mit einem Anhang, aus den Handschriften des Brittischen Museums herausgegeben. Wien: K.K. Hof- und Staatsdruckerei, 1870.
SergReš:Sun	Sachau, Eduard, ed. Inedita Syriaca: Eine Sammlung syrischer Übersetzungen von Schriften griechischer Profanliteratur, mit einem Anhang, aus den Handschriften des Brittischen Museums herausgegeben. Wien: K.K. Hof- und Staatsdruckerei, 1870.
ServAdorCross	ܬܫܡܫܬܐ ܕܣܓܕܬܐ ܕܨܠܝܒܐ ܕܡܫܬܡܠܝܐ ܒܝܘܡ ܥܪܘܒܬܐ ܕܙܩܝܦܘܬܐ, Jerusalem: Monastery of Saint Mark, 1946.
ServCutHairKirazSK	The Service of the Hair Cutting of Sebastian Kenoro Kiraz. Sunday October 8, 2006.
ServDead	Book of the Service of Qurbana of the Dead and of the Table of the Morning and of the 3rd Day at the Tomb of Men, Women and Children with Blessing of Houses, Trichur: Mar Narsai Press, 1984 [1937].
ServDivEuch	Shabo, Eli, ed. "ܛܟܣܐ ܕܬܫܡܫܬܐ ܕܩܘܪܒܐ ܐܠܗܝܐ", Midland Park, New Jersey: 1990.
ServElevCross	ܬܫܡܫܬܐ ܕܙܘܝܚܐ ܘܣܓܕܬܐ ܕܨܠܝܒܐ ܒܝܘܡ ܥܪܘܒܝܐ ܕܙܩܝܦܘܬܐ. Metropolitan See of Eastern America, 1999.
ServHolEuch	Samuel, Athanasius Yeshue, ed. "The Service Book of the Holy Eucharist of the Syrian Orthodox Church": Archdiocese of the Syrian Orthodox Church in the United States and Canda, 1984.
ServMystChald	Mere, Yawsep, "ܬܫܡܫܬܐ ܕܪ̈ܙܐ". Kirkuk: Nineveh Printing Press, 1960.
ServPriest	كتاب الخدم الكهنوتية المختصة بخوارنة الرعايا حسب عادة الكنيسة السريانية الكاثوليكية, Lebanon: Jesuit Fathers Press, 1873.
SevAnt:Anaph	Codrington, Humphrey William, "Anaphora Severi Antiocheni", Anaphorae Syriacae 1.1. Rome, Pontificium Institutum Orientalium Studiorum, 1939: 49-96.
SevAnt:MimMacc	Bensly, R.L., and Barnes, W.E., ed. and trans. The Fourth Book of Maccabees and Kindred Documents in Syriac First Edited on Manuscript Authority (Cambridge: Cambridge University Press, 1895).
SevenH:GuideSeekBibIntro	Seven, Hanna, "The Guide of the Seekers to the Bible Translated from Arabic into Syriac by Hanna Seven (Kirmiz)", 1999.
SevenI:LifeSevenY	Seven, Hanna, trans. "ܡܘܕ̈ܥܢܘܬܐ ܕܐܘܪܚܐ ܪܘܚܢܝܬܐ". Istanbul: Anadolu Ofset, 2022.
ShenoudaIII:InstrSpirWay	Seven, Hanna, trans. "ܡܘܕ̈ܥܢܘܬܐ ܕܐܘܪܚܐ ܪܘܚܢܝܬܐ". Istanbul: Anadolu Ofset, 2022.
ShimunXXIII:HomFeastIntro2	of Beth Benyamin, Giwargis, ed. "ܬܘܪ̈ܓܡܐ ܠܡܥܠܝܘܬ ܐܘܢܓܠܝܘܢ ܕܚܕܒܫܒ̈ܐ ܘܕܥܐܕ̈ܐ ܘܕܕܘܟܪ̈ܢܐ", Baghdad: Nineveh Press, 1968. 
SimCalh:GuideSeekBib	Seven, Hanna, trans. "The Guide of the Seekers to the Bible Translated from Arabic into Syriac by Hanna Seven (Kirmiz)", 1999.
SixtusSelectSay	de Lagarde, Paul A. Analecta syriaca. Leipzig: B.G. Teubner, 1858. (Piscataway, NJ: Gorgias Press, 2010.)
SocrDiscHerost	de Lagarde, Paul A. Analecta syriaca. Leipzig: B.G. Teubner, 1858. (Piscataway, NJ: Gorgias Press, 2010.)
SolemnMarr	Samuel, Athanasius Yeshue, ed. "The Order of the Solemnization of the Sacrament of Matrimony according to the Ancient Rite of the Syrian Orthodox Church of Antioch", Metropolitan Mar Athanasius Yeshue Samuel, 1974.
SongOrdSer	ܫܚܝܡܬܐ. الشحيمة [الزمن المادي], Kaslik, Lebanon: Holy Spirit University, 1982.
SongsFestLord	ܙܡܝܪ̈ܬܐ ܕܚ̈ܓܐ ܡܪ̈ܢܝܐ, Jerusalem: Monastery of Saint Mark, 1929.
SoroB:QurbFaithIntro	The Order of the Holy Qurbana for the Use of the Faithful, San Jose, California: Adiabene Publications, 2001.
StephAl:ComIsa	Baumstark, Anton, ed. Aristoteles bei den Syrern vom V.-VIII. Jahrhundert, Leipzig, 1900, pp. 15-33 (Piscataway, NJ, USA: Gorgias Press, 2010).
SuppNineveh	De Kelaita, Joseph E. Y., ed. "ܟܬܒܐ ܕܡܐܡܪ̈ܐ ܕܒܥܘܬܐ ܕܢܝܢܘܝ̈ܐ ܘܕܒ̈ܬܘܠܬܐ ܥܡ ܬܫܒ̈ܚܬܐ ܘܟܪ̈ܘܙܘܬܐ", Mosul: Assyrian Press, 1923.
SynthronAydinP	Synthroniso: The Order of the Episcopal Installation of Mor Polycarpus Augin Aydin, Syriac Orthodox Metropolitan of the Netherlands. Losser: 2007.
SynthronKawakDJ	Synthroniso. The Order of the Episcopal Installation of Mor Dionysius Jean Kawak, Syriac Orthodox Archbishop and Patriarchal Vicar of the Archdiocese for the Eastern United States, Teaneck, New Jersey: Syriac Archdiocese of the Eastern United States, 2016.
SyrActsEph	Amar, Joseph Phillip, ed. The Syriac Vita Tradition of Ephrem the Syrian. CSCO 629-630, Syr. 242-243. Leuven: Peeters, 2011.
SyrCatCalend	ܨܠܘܬ̈ܐ ܕܝܘ̈ܡܬܐ ܫܚܝܡ̈ܐ ܕܫܒܬܐ ܠܦܘܬ ܥܝܕܐ ܕܥܕܬܐ ܩܕܝܫܬܐ ܕܐܢܛܝܘܟܝܐ ܕܣܘܪ̈ܝܝܐ. Sharfeh: Patriarchal Press, 1937.
SyrCatLect	ܟܬܒܐ ܕܩܪܝܢܐ ܡܢܬܐ ܕܬܪܬܝܢ, Baghdad: Syriac Press, 1934.
SyrOrthCal	ܡܚܘܝܢܐ ܐܡܪ̈ܢܝܐ ܘܕܕܘܟܪ̈ܢܐ ܕܩܕܝ̈ܫܐ. كلندار الأعياد السيدنية وتذكارات القديسين, Damascus: 2015.
ThdrMopsCollWrit	de Lagarde, Paul A. Analecta syriaca. Leipzig: B.G. Teubner, 1858. (Piscataway, NJ: Gorgias Press, 2010.)
ThdrMops:FrmgComGen	Jansma, T., “Théodore de Mopsueste, Interprétation du livre de la Genèse: Fragments de la version syriaque (B.M. Add. 17,189, fol. 17-21),” Le Muséon 75:1-2 (1962), 63-92.
Them:MemLove	Sachau, Eduard, ed. Inedita Syriaca: Eine Sammlung syrischer Übersetzungen von Schriften griechischer Profanliteratur, mit einem Anhang, aus den Handschriften des Brittischen Museums herausgegeben. Wien: K.K. Hof- und Staatsdruckerei, 1870.
Them:MemVirtue	Sachau, Eduard, ed. Inedita Syriaca: Eine Sammlung syrischer Übersetzungen von Schriften griechischer Profanliteratur, mit einem Anhang, aus den Handschriften des Brittischen Museums herausgegeben. Wien: K.K. Hof- und Staatsdruckerei, 1870.
Tim1:LawCode	Sachau, Eduard, ed. "Syrische Rechtsbücher. Zweiter Band: Richterliche Urteile des Patriarchen Chenanischo. Gesetzbuch des Patriarchen Timotheos. Gesetzbuch des Patriarchen Jesubarnun". Berlin: G. Reimer, 1908.
Tim2:ConsAltCh	Toma, William, "The Mystery of the Church. Syriac Critical Edition and Translation of the Rite of the Consecration of the Altar with Oil and the Chapter 'On the Consecration of the Church' from the 'Book of the Seven Causes of the Mysteries of the Church' by Patriarch Timothy II (1318-1332)". Rome: Pontificium Institutum Orientalium Studiorum, 2007.
TimAl:Anaph	Rücker, Adolf, "Anaphora Timothei Alexandrini", Anaphorae Syriacae 1.1. Rome, Pontificium Institutum Orientalium Studiorum, 1939: 3-47.
TogniL:MinistEcc	Audo, Toma, trans. "ܡܠܦܢܘܬܐ ܠܡܫܡ̈ܫܢܝ ܕܪ̈ܓܐ ܕܥܕܬܐ ܐܦܩܗ ܡܢ ܠܫܢܐ ܠܛܝܢܝܐ ܠܣܘܪܝܝܐ ܬܘܡܐ ܐܘܕܘ", Mosul:  Imprimerie des pères dominicains, 1925.
TomAud:KalDim1895Intro	Audo, Toma, "ܟܬܒܐ ܕܟܠܝܠܐ ܘܕܡܢܐ ܕܐܬܬܥܒܪ ܡܢ ܐܪܒܝܐ ܠܣܘܪܝܝܐ ܒܐܝܕܝ̈ ܬܐܘܡܐ ܐܘܕܘ", Mosul: Imprimerie des Pères Dominicain, 1895.
TomeBless	Kalpura, Andrew, ed. "ܛܘܡܣܘܢ ܒܘܪ̈ܟܬܐ", Mannanam, India: Mar Joseph Press, 1961.
TreasPrayIntro	Seven, Hanna, trans., Barsoum, Ignatius Aphrem, "ܣܝܡܬܐ ܪܘܚܢܝܬܐ ܥܠ ܨܠܘܬܐ ܩܢܘܢܝܬܐ", Sweden: Gabriel Yalgin, 2005.
SevSeb:MimConst	“Le traité sur les “constellations” écrit, en 661, par Sévère Sébokt, évêque de Qennesrin,” Revue de l’Orient chrétien III, 7 [27] (1929-1930), 327-410; III, 8 [28] (1931-1932), 85-100. (Piscataway, NJ: Gorgias Press, 2010.)
TreeLife	ܐܝܠܢܐ ܕܚܝ̈ܐ. شجرة الحية. Dubai: SOCAG, 2018.
UnfalY:BarWord	Unfal, Yuyaqim, "ܣܡ̈ܠܐ ܕܒܝܬ", Maarat Saidnaya, Syria: Mor Aphrem Theological Seminary, 2008.
UnfalY:BethWord	Unfal, Yuyaqim, "ܣܡ̈ܠܐ ܕܒܝܬ", Maarat Saidnaya, Syria: Mor Aphrem Theological Seminary, 2008.
UnfalY:SimWords	Unfal, Yuyaqim, "ܒܢ̈ܬ ܩܠ̈ܐ ܕܡܝܝ̈ܬܐ", Maarat Saidnaya, Syria: Monastery of Mor Aphrem, 2008.
ÜrekGM:Anaph2010Intro	Ürek, Gregorius Melki, ed. "ܐܢܦܘܪܐ", Turkey: Archdiocese of Adiyaman, 2010.
ÜrekGM:ChoirHandbookIntro	Ürek, Gregorius Melki, ed. "ܚܫܰܚܬܐ ܕܓܘܕܐ". Adıyaman, Türkiye: Süryani Kadim Metropolitliği, 2022.
ÜrekGM:PrefLangBird	ܠܫܢܐ ܕܥܢܕܐ. Istanbul: 2011.
VindAnat:Geopon	de Lagarde, P.A., Geoponicon in sermonem syriacum versorum quae supersunt (Leipzig: B.G. Teubner, 1860).
CyrAl:VisTheo	Mingana, Alphonse, ed. and trans. Woodbrooke Studies: Christian Documents in Syriac, Arabic, and Garshūni, Edited and Translated with a Critical Apparatus. Vol. 3: Vision of Theophilus; Apocalypse of Peter. Cambridge: W. Heffer & Sons, 1931.
VisitIgnDaoud	ܠܐܘܪܥ ܛܘܒܬܢܘܬܗ ܕܐܒܘܢ ܡܪܝ ܐܝܓܢܐ ܛܝܘܣ ܡܘܣܝ ܐ ܕܐܘܘܕ, Teaneck, New Jersey: Syriac Orthodox Church of Antioch, 2000.
WarComfHopeIntro	Beğtaş, Yussef, "ܛܣܪܪܐ ܘܒܘ̈ܝܠܐ ܕܣܒܪܐ". Istanbul: Yeni Anadolu Yayıncılık, 2021.
WilShake:Tempest	ܥܠܥܠܐ ܡܢ ܬܫܥܝ̈ܬܗ ܕܫܟܣܦܝܪ ܐܬܬܦܩ ܡܢ ܠܫܢܐ ܐܢܓܠܝܫܝܐ ܒܝܕ ܣܝܥܬܐ ܕܡܠ̈ܦܢܐ ܕܕܘܪ̈ܐ ܕܝܘܠܦܢܐ ܡܫܝܚܝܐ ܘܕܠܫܢܐ, Aleppo: 1961.
YacoubI:OrdBurDeadIntro	Yacoub III, Ignatius, ed. "ܛܟܣܐ ܕܥܘܦܝܐ ܕܥܢܝ̈ܕܐ. ܛܩܣ ܓܢ̇ܐܙ ܐܠܡܘܬܝ ܐܠܥܠܡܐܢܚܢ", Bikfaya, Lebanon: Mar Ephrem Patriarchal press, 1972.
YacoubI:SelectMem	Ignatius Yacoub III, "ܡܝܡܪ̈ܐ ܡܓܒܝ̈ܐ". Aleppo: ܡܛܒܥܬܐ ܡܪܢܝܬܐ, 1959.
YosipE:LamentMarAwgin	Yosip, Emmanuel, "ܐܘܠܝܬܐ ܘܣܘܓܝ̈ܬܐ ܥܡ ܡܐܡܪܐ ܥܠ ܡܕܒܪܢܘܬܐ ܘܡܠܦܢܘܬܐ ܐܠܗܝܐ". Toronto: The Assyrian Church of the East, Diocese of Canada, 2018.
YosipE:LitHymn	Yosip, Emmanuel, "ܐܘܠܝܬܐ ܘܣܘܓܝ̈ܬܐ ܥܡ ܡܐܡܪܐ ܥܠ ܡܕܒܪܢܘܬܐ ܘܡܠܦܢܘܬܐ ܐܠܗܝܐ". Toronto: The Assyrian Church of the East, Diocese of Canada, 2018.
YosipE:MemDivDisp	Yosip, Emmanuel, "ܐܘܠܝܬܐ ܘܣܘܓܝ̈ܬܐ ܥܡ ܡܐܡܪܐ ܥܠ ܡܕܒܪܢܘܬܐ ܘܡܠܦܢܘܬܐ ܐܠܗܝܐ". Toronto: The Assyrian Church of the East, Diocese of Canada, 2018.
YoukhE:OrdChEastIntro2	Youkhana, Emanuel, ed. "ܟܘܢܫܐ ܡܫܡܠܝܐ ܕܨܠܘ̈ܬܐ ܕܡܫܬܡܫ̈ܢ ܒܥܐܕܘ̈ܬܐ ܩܕܝܫ̈ܐ ܕܡܕܒܪܢܘܬܗ ܕܡܪܢ ܐܝܟ ܬܟܣܐ ܕܥܕܬܐ ܩܕܝܫܬܐ ܘܫܠܝܚܝܬܐ ܩܬܘܠܝܩܝ ܕܡܕܢܚܐ ܕܐܬܘܪ̈ܝܐ. ܟܬܒܐ ܬܠܝܬܝܐ ܥܐܕܐ ܩܕܝܫܐ ܕܝܠܕܗ ܕܡܪܢ", Archdiocese of Lebanon of the Assyrian Church of the East, 2012.
YoukhE:OrdChEastIntro3	Youkhana, Emanuel, ed. "ܟܘܢܫܐ ܡܫܡܠܝܐ ܕܨܠܘ̈ܬܐ ܕܡܫܬܡܫ̈ܢ ܒܥܐܕܘ̈ܬܐ ܩܕܝܫ̈ܐ ܕܡܕܒܪܢܘܬܗ ܕܡܪܢ ܐܝܟ ܬܟܣܐ ܕܥܕܬܐ ܩܕܝܫܬܐ ܘܫܠܝܚܝܬܐ ܩܬܘܠܝܩܝ ܕܡܕܢܚܐ ܕܐܬܘܪ̈ܝܐ. ܟܬܒܐ ܪܒܝܥܝܐ ܥܐܕܐ ܩܕܝܫܐ ܕܝܠܕܗ ܕܡܪܢ", Archdiocese of Lebanon of the Assyrian Church of the East, 2012.
YoukhE:OrdChEastIntro4	Youkhana, Emanuel, ed. "ܟܘܢܫܐ ܡܫܡܠܝܐ ܕܨܠܘ̈ܬܐ ܕܡܫܬܡܫ̈ܢ ܒܥܐܕܘ̈ܬܐ ܩܕܝܫ̈ܐ ܕܡܕܒܪܢܘܬܗ ܕܡܪܢ ܐܝܟ ܬܟܣܐ ܕܥܕܬܐ ܩܕܝܫܬܐ ܘܫܠܝܚܝܬܐ ܩܬܘܠܝܩܝ ܕܡܕܢܚܐ ܕܐܬܘܪ̈ܝܐ. ܟܬܒܐ ܚܡܝܫܝܐ ܥܐܕܐ ܩܕܝܫܐ ܕܝܠܕܗ ܕܡܪܢ", Archdiocese of Lebanon of the Assyrian Church of the East, 2012.
YoukhE:OrdChEastIntro5	Youkhana, Emanuel, ed. "ܟܘܢܫܐ ܡܫܡܠܝܐ ܕܨܠܘ̈ܬܐ ܕܡܫܬܡܫ̈ܢ ܒܥܐܕܘ̈ܬܐ ܩܕܝܫ̈ܐ ܕܡܕܒܪܢܘܬܗ ܕܡܪܢ ܐܝܟ ܬܟܣܐ ܕܥܕܬܐ ܩܕܝܫܬܐ ܘܫܠܝܚܝܬܐ ܩܬܘܠܝܩܝ ܕܡܕܢܚܐ ܕܐܬܘܪ̈ܝܐ. ܟܬܒܐ ܫܬܝܬܝܐ ܥܐܕܐ ܩܕܝܫܐ ܕܝܠܕܗ ܕܡܪܢ", Archdiocese of Lebanon of the Assyrian Church of the East, 2012.
YoukhE:OrdChEastIntro6	Youkhana, Emanuel, ed. "ܟܘܢܫܐ ܡܫܡܠܝܐ ܕܨܠܘ̈ܬܐ ܕܡܫܬܡܫ̈ܢ ܒܥܐܕܘ̈ܬܐ ܩܕܝܫ̈ܐ ܕܡܕܒܪܢܘܬܗ ܕܡܪܢ ܐܝܟ ܬܟܣܐ ܕܥܕܬܐ ܩܕܝܫܬܐ ܘܫܠܝܚܝܬܐ ܩܬܘܠܝܩܝ ܕܡܕܢܚܐ ܕܐܬܘܪ̈ܝܐ. ܟܬܒܐ ܫܒܝܥܝܐ ܥܐܕܐ ܩܕܝܫܐ ܕܝܠܕܗ ܕܡܪܢ", Archdiocese of Lebanon of the Assyrian Church of the East, 2012.
MemJosAppendix	Bedjan, Paulus, ed. Histoire complete de Joseph; poeme en douze livres. Nouvelle ed., revue, corrigee, enrichie de variantes et d’un discours sur la translation du corps de Joseph par un auteur anonyme qui a abrege celui de Banni. Paris / Leipzig: Otto Harrassowitz, 1891.
MemJos	Bedjan, Paulus, ed. Histoire complete de Joseph; poeme en douze livres. Nouvelle ed., revue, corrigee, enrichie de variantes et d’un discours sur la translation du corps de Joseph par un auteur anonyme qui a abrege celui de Banni. Paris / Leipzig: Otto Harrassowitz, 1891.
SugSoul&Body	Brock, Sebastian P. Selected Dialogue Poems [Sugyotho Mgabyotho]. Bar Ebroyo Kloster Publications 1. Piscataway, NJ: Gorgias, 2009.
LiberGrad	Ref A: Kitchen, Robert A., trans. The Syriac Book of Steps 1. Texts from Christian Late Antiquity 12. Piscataway, NJ: Gorgias, 2009. | Ref B: Kitchen, Robert A. and Parmentier, Martien F.G., trans. The Syriac Book of Steps 2. Texts from Christian Late Antiquity 12b. Piscataway, NJ: Gorgias, 2011. | Ref C: Kitchen, Robert A. and Parmentier, Martien F.G., trans. The Syriac Book of Steps 3. Texts from Christian Late Antiquity 12c. Piscataway, NJ: Gorgias, 2014.
SugDeath&Satan	Brock, Sebastian P. Selected Dialogue Poems [Sugyotho Mgabyotho]. Bar Ebroyo Kloster Publications 1. Piscataway, NJ: Gorgias, 2009.
RassamN:PrefRabHormRabBarʿIdta	Budge, Ernest A. Wallis, ed. The Histories of Rabban Hôrmîzd the Persian and Rabban Bar-ʿIdtâ: The Syriac Texts Edited with English Translations. Vol 2. Luzac's Semitic Text and Translation Series 10. London: Luzac, 1902.
ActsMarBehn&Sar	Saint-Laurent, Jeanne-Nicole Mellon and Smith, Kyle Richard, eds. and trans. The History Of Mar Behnam And Sarah: Martyrdom And Monasticism In Medieval Iraq. Persian Martyr Acts in Syriac: Text and Translation 7. Piscataway, NJ: Gorgias, 2018.
ActsMarMa‘In	Brock, Sebastian P., ed. and trans. The History Of The Holy Mar Ma‘In: With a Guide to the Persian Martyr Acts. Persian Martyr Acts in Syriac: Text and Translation 1. Piscataway, NJ: Gorgias, 2009.
MaruMayph:MartBarṢab	Smith, Kyle Richard, ed. and trans. The Martyrdom And History Of Blessed Simeon Bar Ṣabbaʿe. Persian Martyr Acts in Syriac: Text and Translation 3. Piscataway, NJ: Gorgias, 2014.
ActsSlaveChrist	Butts, Aaron Michael and Gross, Simcha, eds. and trans., The History of the 'Slave of Christ': From Jewish Child to Christian Martyr. Persian Martyr Acts in Syriac: Text and Translation 6. Piscataway, NJ: Gorgias, 2017.
PersMartKgYaz1	Herman, Geoffrey, ed. and trans. Persian Martyr Acts under King Yazdgird I. Persian Martyr Acts in Syriac: Text and Translation 5. Piscataway, NJ: Gorgias, 2016.
GabrŠahrz:MartMtBer'ain	Dilley, Paul, intro. Brock, Sebastian P., ed. and trans. The Martyrs Of Mount Ber’Ain. Persian Martyr Acts in Syriac: Text and Translation 4. Piscataway, NJ: Gorgias, 2014.
MartMarPinḥ	McCollum, Adam Carter, ed. and trans. The Story of Mar Pinḥas. Persian Martyr Acts in Syriac: Text and Translation 2. Piscataway, NJ: Gorgias, 2013.
BrockSP:IntroMaryJosephDialogPoems	Brock, Sebastian P. Mary and Joseph, and Other Dialogue Poems on Mary. Texts from Christian Late Antiquity 8. Piscataway, NJ: Gorgias, 2011.
SugMary&Joseph	Brock, Sebastian P. Mary and Joseph, and Other Dialogue Poems on Mary. Texts from Christian Late Antiquity 8. Piscataway, NJ: Gorgias, 2011.
SugMary&Angel	Brock, Sebastian P. Mary and Joseph, and Other Dialogue Poems on Mary. Texts from Christian Late Antiquity 8. Piscataway, NJ: Gorgias, 2011.
SugMary&Gardener	Brock, Sebastian P. Mary and Joseph, and Other Dialogue Poems on Mary. Texts from Christian Late Antiquity 8. Piscataway, NJ: Gorgias, 2011.
SugMary&Magi	Brock, Sebastian P. Mary and Joseph, and Other Dialogue Poems on Mary. Texts from Christian Late Antiquity 8. Piscataway, NJ: Gorgias, 2011.
JnDalya:Epist	Hansbury, Mary T. The Letters of John of Dalyatha. Texts from Christian Late Antiquity 2. Piscataway, NJ: Gorgias, 2006.
BrockSP:IntroIsaacNin	Brock, Sebastian P. Introduction to 'The Wisdom of St. Isaac of Nineveh'. Texts from Christian Late Antiquity 1. Piscataway, NJ: Gorgias, 2006.
IsaacNin:SpiritWorks	Hansbury, Mary T.,  ed. and trans. Isaac the Syrian’s Spiritual Works. Texts from Christian Late Antiquity 45. Piscataway, NJ: Gorgias, 2016.
Eph:MadUnleavBread	Walters, J. Edward, trans. Hymns on the Unleavened Bread by Ephrem the Syrian. Texts from Christian Late Antiquity 30. Piscataway, NJ: Gorgias, 2011.
JulRom	Sokoloff, Michael, ed. and trans. The Julian Romance: A New English Translation. Texts from Christian Late Antiquity 49. Piscataway, NJ: Gorgias, 2016.
JnTella:ProfessFaith	Menze, Volker-Lorenz and Akalin, Kutlu. John of Tella’s Profession of Faith: The Legacy of a Sixth-Century Syrian Orthodox Bishop. Texts from Christian Late Antiquity 25. Piscataway, NJ: Gorgias, 2009.
MartStPhokSinop	Brock, Sebastian P., ed. The Martyrdom of St Phokas of Sinope. Texts from Christian Late Antiquity 31. Piscataway, NJ: Gorgias, 2013.
BarKepha:ComMyron	Varghese, Baby, trans. Moses Bar Kepha. Commentary on Myron. Texts from Christian Late Antiquity 34. Piscataway, NJ: Gorgias, 2014.
JacSer:MemCreationDay4	Mathews, Edward G., Jr., ed. and trans. Jacob of Sarug's Homilies On The Six Days of Creation: The Fourth Day. Texts from Christian Late Antiquity 52. Piscataway, NJ: Gorgias, 2018. [Bedjan, Paulus, ed. Homiliae selectae Mar-Jacobi Sarugensis, vol. 3, 5 vol. Leipzig / Paris: Otto Harrassowitz, 1907.]
Nars:SancChurch	Harrak, Amir, ed. and trans. Mar Narsai: Homily 33 On The Santification of the Church. Texts from Christian Late Antiquity 54. Piscataway, NJ: Gorgias, 2018.
JnApa:OntheSoul	Hansbury, Mary T., trans. John the Solitary On The Soul. Texts from Christian Late Antiquity 32. Piscataway, NJ: Gorgias, 2013.
BarKepha:CelebNat	Saadi, Abdul-Massih, ed. and trans. Moshe Bar Kepha’s Cause of the Celebration of the Nativity: A Genre for Exegesis, Ecumenism, and Apology. Texts from Christian Late Antiquity 50. Piscataway, NJ: Gorgias, 2017.
SevAnt/SergGram:Corres	Torrance, Iain, trans. The Correspondence of Severus and Sergius. Texts from Christian Late Antiquity 11. Piscataway, NJ: Gorgias, 2011.
ActsPaulQenṭ&JnEdes	Arneson, Hans, Fiano, Emanuel, Marquis, Christine Luckritz, and Smith, Kyle. The History of the Great Deeds of Bishop Paul of Qenṭos and Priest John of Edessa. Texts from Christian Late Antiquity 29. Piscataway, NJ: Gorgias, 2010.
JacSer:MemPraiseAtTable	Childers, Jeff W., ed. and trans. Jacob of Sarug’s Homilies On Praise At Table. Texts from Christian Late Antiquity 46, The Metrical Homilies of Mar Jacob of Sarug 38. Piscataway, NJ: Gorgias, 2016. [Bedjan, Paulus, ed. Homiliae selectae Mar-Jacobi Sarugensis, vol. 4, 5 vol. Leipzig / Paris: Otto Harrassowitz, 1908.]
JacSer:MemWomJesusMet	Harvey, Susan Ashbrook, Brock, Sebastian P., Durmaz, Reyhan, Falcasantos, Rebecca Stephens, Payne, Michael, and Picus, Daniel, eds. and trans. Jacob of Sarug's Homilies On Women Whom Jesus Met. Texts from Christian Late Antiquity 44. Piscataway, NJ: Gorgias, 2016. [Bedjan, Paulus, ed. Homiliae selectae Mar-Jacobi Sarugensis, vol. 1-3 & 5, 5 vol. Leipzig / Paris: Otto Harrassowitz, 1905-1910.]
ÇiçekJY:IntroBkDove	Grigorios Bar ʿEbroyo. Kthobo d-Yawno (Book of the Dove). Edited by Julius Yeshu Çiçek. Glane/Losser, Holland: Monastery of St. Ephrem the Syrian, 1983.
SynOr	Chabot, Jean Baptiste, ed. Synodicon orientale ou recueil de synodes nestoriens. Paris: Imprimerie Nationale, 1902.
BarEbr:LampSanc	Grigorios Bar ʿEbroyo. Mnorath Kudshe (Lamp of the Sanctuary). Edited by Yuḥanon Dolabani. Holland: Bar-Hebraeus Verlag, 1997.
DolabaniY:IntroBkDove	Grigorios Bar ʿEbroyo. Kthobo d-Yawno. Edited by Julius Yeshu Çiçek. Glane/Losser, Holland: Monastery of St. Ephrem the Syrian, 1983.
PhiloxMab:Disc	Budge, Ernest A. Wallis, ed. The Discourses of Philoxenus Bishop of Mabbôgh, A.D. 485–519, Edited from Syriac Manuscripts of the Sixth and Seventh Centuries, in the British Museum, with an English Translation. London: Asher & Co., 1894.
BarBahl:SyrLex	Duval, Rubens, ed. Lexicon syriacum auctore Hassano bar Bahlule: voces syriacas græcasque cum glossis syriacis et arabicis complectens. Collection orientale 15-17. 3 vols. Paris: E Typographeo Reipublicae, 1888-1901.
EliaNis:YrsHouseAdam	Wright, William, ed. The Homilies of Aphraates, the Persian Sage, Edited from Syriac Manuscripts of the Fifth and Sixth Centuries in the British Museum, with an English Translation. Vol. 1: The Syriac Text. London/Edinburgh: Williams and Norgate, 1869.
JnDara:MemOnResurHumanBod	Shemunkasho, Aho, ed. and trans. John of Dara On the Resurrection of Human Bodies. Bibliotheca Nisibinensis 4. Piscataway, NJ: Gorgias, 2020.
GeorgAr:EpYeshu	Wright, William, ed. The Homilies of Aphraates, the Persian Sage, Edited from Syriac Manuscripts of the Fifth and Sixth Centuries in the British Museum, with an English Translation. Vol. 1: The Syriac Text. London/Edinburgh: Williams and Norgate, 1869.
BarBrikha:MemParadiseEden	De Kelaita, Joseph E. Y., ed. The Paradise of Eden. Second Edition. Mosul, Iraq: The Assyrian Press, 1928.
IsaacAnt:Memre	Bedjan, Paulus, ed. Homiliæ S. Isaaci, Syri Antiocheni. Paris / Leipzig: Otto Harrassowitz, 1903.
Aph:Memre	Wright, William, ed. The Homilies of Aphraates, the Persian Sage, Edited from Syriac Manuscripts of the Fifth and Sixth Centuries in the British Museum, with an English Translation. Vol. 1: The Syriac Text. London/Edinburgh: Williams and Norgate, 1869.
AydinS:ColophonBkDove	Grigorios Bar ʿEbroyo. Kthobo d-Yawno (Book of the Dove). Edited by Julius Yeshu Çiçek. Monastery of St. Ephrem the Syrian Publications 3. Glane/Losser: Monastery of St. Ephrem, 1983.
BarEbr:BkPoems	Grigorios Bar ʿEbroyo. Mušḥoto. Edited by Yuḥanon Dolabani. Jerusalem: St. Mark's Monastery, 1929.
ÇiçekJY:IntroBkPoems	Grigorios Bar ʿEbroyo. Mušḥoto. Edited by Julius Yeshu Çiçek. Glane/Losser, Holland: Monastery of St. Ephrem the Syrian, 1983.
BarEbr:BkDove	Grigorios Bar ʿEbroyo. Kthobo d-Yawno (Book of the Dove). Edited by Julius Yeshu Çiçek. Monastery of St. Ephrem the Syrian Publications 3. Glane/Losser: Monastery of St. Ephrem, 1983.
JosḤazz:ChapsKnowledge	Kalinin, Maksim G. Joseph Ḥazzāyā. Book of the Chapters on Knowledge: Newly Discovered Fragments. A Critical Edition, Translation from Syriac, Preface and Notes. Bible and Christian Antiquity (In Russian) 2 [2] (2019): 15-53; 3 [3] (2019), 15-51; 4 [4] (2019), 15-25.
P:Mark [AB]	Childers, Jeff W., Kiraz, George Anton, and Bali, Joseph. The Syriac Peshiṭta Bible with English Translation. Mark. Ṣurath Kthobh. Piscataway, NJ: Gorgias, 2012.
P:Cor [AB]	King, Daniel, and Kiraz, George Anton. The Syriac Peshiṭta Bible with English Translation. Romans-Corinthians. Ṣurath Kthobh. Piscataway, NJ: Gorgias, 2013.
P:Rev [AB]	Lund, Jerome A., and Kiraz, George Anton. The Syriac Peshiṭta Bible with English Translation. Revelation. Ṣurath Kthobh. Piscataway, NJ: Gorgias, 2014.
P:John [AB]	Childers, Jeff W., Prather, James, and Kiraz, George Anton. The Syriac Peshiṭta Bible with English Translation. John. Ṣurath Kthobh. Piscataway, NJ: Gorgias, 2014.
P:Heb&CathEpist [AB]	King, Daniel, Walters, J. Edward, and Kiraz, George Anton. The Syriac Peshiṭta Bible with English Translation. Hebrews and the General Catholic Epistles. Ṣurath Kthobh. Piscataway, NJ: Gorgias, 2016.
P:Luke [AB]	Childers, Jeff W., and Kiraz, George Anton. The Syriac Peshiṭta Bible with English Translation. Luke. Ṣurath Kthobh. Piscataway, NJ: Gorgias, 2013.
P:Gal-Eph [AB]	Walters, J. Edward, and Kiraz, George Anton. The Syriac Peshiṭta Bible with English Translation. Galatians-Philemon. Ṣurath Kthobh. Piscataway, NJ: Gorgias Press, 2013.
P:Rom [AB]	King, Daniel, and Kiraz, George Anton. The Syriac Peshiṭta Bible with English Translation. Romans-Corinthians. Ṣurath Kthobh. Piscataway, NJ: Gorgias, 2013.
P:Acts [AB]	Kitchen, Robert A., and Kiraz, George Anton. The Syriac Peshiṭta Bible with English Translation. Acts. Ṣurath Kthobh. Piscataway, NJ: Gorgias, 2014.
P:Phil-Phlm [AB]	Walters, J. Edward, and Kiraz, George Anton. The Syriac Peshiṭta Bible with English Translation. Galatians-Philemon. Ṣurath Kthobh. Piscataway, NJ: Gorgias, 2013.
P:Matt [AB]	Childers, Jeff W., and Kiraz, George Anton. The Syriac Peshiṭta Bible with English Translation. Matthew. Ṣurath Kthobh. Piscataway, NJ: Gorgias, 2012.
P:Num [AB]	Cook, Edward M., Kiraz, George Anton, and Bali, Joseph. The Syriac Peshiṭta Bible with English Translation. Numbers. Ṣurath Kthobh. Piscataway, NJ: Gorgias, 2015.
P:Gen [AB]	Morrison, Craig E., Kiraz, George Anton, and Bali, Joseph. The Syriac Peshiṭta Bible with English Translation. Genesis. Ṣurath Kthobh. Piscataway, NJ: Gorgias, 2019.
P:Judg [AB]	Walter, Donald M., Greenberg, Gillian, Kiraz, George Anton, and Bali, Joseph. The Syriac Peshiṭta Bible with English Translation. Judges. Ṣurath Kthobh. Piscataway, NJ: Gorgias, 2015.
P:Jer [AB]	Greenberg, Gillian, Walter, Donald M., Kiraz, George Anton, and Bali, Joseph. The Syriac Peshiṭta Bible with English Translation. Jeremiah. Ṣurath Kthobh. Piscataway, NJ: Gorgias, 2013.
P:Ps [AB]	Taylor, Richard A., Kiraz, George Anton, and Bali, Joseph. The Syriac Peshiṭta Bible with English Translation. Psalms. Ṣurath Kthobh. Piscataway, NJ: Gorgias, 2018.
P:Isa [AB]	Greenberg, Gillian, Walter, Donald M., Kiraz, George Anton, and Bali, Joseph. The Syriac Peshiṭta Bible with English Translation. Isaiah. Ṣurath Kthobh. Piscataway, NJ: Gorgias, 2012.
P:Kgs [AB]	Greenberg, Gillian, Walter, Donald M., Kiraz, George Anton, and Bali, Joseph. The Syriac Peshiṭta Bible with English Translation. Kings. Ṣurath Kthobh. Piscataway, NJ: Gorgias, 2018.
P:Dan [AB]	Walter, Donald M., Greenberg, Gillian, Kiraz, George Anton, and Bali, Joseph. The Syriac Peshiṭta Bible with English Translation. Daniel. Ṣurath Kthobh. Piscataway, NJ: Gorgias, 2015.
P:Job [AB]	Loopstra, Jonathan, Kiraz, George Anton, and Bali, Joseph. The Syriac Peshiṭta Bible with English Translation. Job. Ṣurath Kthobh. Piscataway, NJ: Gorgia, 2016.
P:Lev [AB]	Moore, James D., Kiraz, George Anton, and Bali, Joseph. The Syriac Peshiṭta Bible with English Translation. Leviticus. Ṣurath Kthobh. Piscataway, NJ: Gorgias, 2015.
P:Josh [AB]	Greenberg, Gillian, Walter, Donald M., Kiraz, George Anton, and Bali, Joseph. The Syriac Peshiṭta Bible with English Translation. Joshua. Ṣurath Kthobh. Piscataway, NJ: Gorgias, 2015.
P:Deut [AB]	McCarthy, Carmel, Kiraz, George Anton, and Bali, Joseph. The Syriac Peshiṭta Bible with English Translation. Deuteronomy. Ṣurath Kthobh. Piscataway, NJ: Gorgias, 2013.
P:1Chr [AB]	Gordon, Robert P., Kiraz, George Anton, and Bali, Joseph . The Syriac Peshiṭta Bible with English Translation. Chronicles. Ṣurath Kthobh. Piscataway, NJ: Gorgias, 2019.
P:Ezek [AB]	Greenberg, Gillian, Walter, Donald M., Kiraz, George Anton, and Bali, Joseph. The Syriac Peshiṭta Bible with English Translation. Ezekiel. Ṣurath Kthobh. Piscataway, NJ: Gorgias, 2015.
P:2Chr [AB]	Gordon, Robert P., Kiraz, George Anton, and Bali, Joseph . The Syriac Peshiṭta Bible with English Translation. Chronicles. Ṣurath Kthobh. Piscataway, NJ: Gorgias, 2019.
P:Lam,PrJer,EpistJer,EpistBar [AB]	Walter, Donald M., Greenberg, Gillian, Kiraz, George Anton, and Bali, Joseph. The Syriac Peshiṭta Bible with English Translation. Lamentations, Prayer of Jeremiah, Epistle of Jeremiah and Epistles of Baruch. Ṣurath Kthobh. Piscataway, NJ: Gorgias, 2013.
P:TweProph [AB]	Walter, Donald M., Greenberg, Gillian, Kiraz, George Anton, and Bali, Joseph. The Syriac Peshiṭta Bible with English Translation. The Twelve Prophets. Ṣurath Kthobh. Piscataway, NJ: Gorgias, 2012.
P:Sam [AB]	Walter, Donald M., Greenberg, Gillian, Kiraz, George Anton, and Bali, Joseph. The Syriac Peshiṭta Bible with English Translation. Samuel. Ṣurath Kthobh. Piscataway, NJ: Gorgias, 2015.
IgnAnt:EpPolycEphRom	Lipsius, Richard Adelbert. Ueber das Verhältniss des Textes der drei syrischen Briefe des Ignatios zu den übrigen Recensionen der Ignatianischer Literatur. Abhandlungen für die Kunde des Morgenlandes 1.5. Leipzig: F.A. Brockhaus, 1859.
ʿIsaIsai:ColEHistAlexGreat	Budge, Ernest A. Wallis, ed. and trans. The History of Alexander the Great, Being the Syriac Version of the Pseudo-Callisthenes. Cambridge: Cambridge University Press, 1889.
ʿAṣlanMuḥ:ColBHistAlexGreat	Budge, Ernest A. Wallis, ed. and trans. The History of Alexander the Great, Being the Syriac Version of the Pseudo-Callisthenes. Cambridge: Cambridge University Press, 1889.
YaldahandHomo:ColAHistAlexGreat	Budge, Ernest A. Wallis, ed. and trans. The History of Alexander the Great, Being the Syriac Version of the Pseudo-Callisthenes. Cambridge: Cambridge University Press, 1889.
GiwargisZay:ColDHistAlexGreat	Budge, Ernest A. Wallis, ed. and trans. The History of Alexander the Great, Being the Syriac Version of the Pseudo-Callisthenes. Cambridge: Cambridge University Press, 1889.
ʿAṣlanMuḥ:ColCHistAlexGreat	Budge, Ernest A. Wallis, ed. and trans. The History of Alexander the Great, Being the Syriac Version of the Pseudo-Callisthenes. Cambridge: Cambridge University Press, 1889.
P:5Macc [AB]	Antioch Bible
P:PrMan [AB]	Antioch Bible
P:Ecclus [AB]	Antioch Bible
P:Neh [AB]	Antioch Bible
P:PsSol [AB]	Antioch Bible
P:ProvQohSong [AB]	Owens, Robert, Kiraz, George Anton, and Bali, Joseph. The Syriac Peshiṭta Bible with English Translation. Proverbs, Qoheleth, Song of Songs. Ṣurath Kthobh. Piscataway, NJ: Gorgias, Forthcoming.
P:3Macc [AB]	Forness, Philip, Kiraz, George Anton, and Bali, Joseph. The Syriac Peshiṭta Bible with English Translation. 3-4 Maccabees. Ṣurath Kthobh. Piscataway, NJ: Gorgias, Forthcoming.
P:2Macc [AB]	Forness, Philip, Kiraz, George Anton, and Bali, Joseph. The Syriac Peshiṭta Bible with English Translation. 2 Maccabees. Ṣurath Kthobh. Piscataway, NJ: Gorgias, Forthcoming.
P:RuthSusEsthJudi [AB]	Walter, Donald M., Greenberg, Gillian, Tully, Eric, Kiraz, George Anton, and Bali, Joseph. The Syriac Peshiṭta Bible with English Translation. The Book of the Women. Ṣurath Kthobh. Piscataway, NJ: Gorgias, Forthcoming.
P:Tob [AB]	Antioch Bible
P:Esd [AB]	Antioch Bible
P:1Macc [AB]	Forness, Philip, Kiraz, George Anton, and Bali, Joseph. The Syriac Peshiṭta Bible with English Translation. 1 Maccabees. Ṣurath Kthobh. Piscataway, NJ: Gorgias, Forthcoming.
P:ApocBar [AB]	Antioch Bible
P:4Macc [AB]	Forness, Philip, Kiraz, George Anton, and Bali, Joseph. The Syriac Peshiṭta Bible with English Translation. 3-4 Maccabees. Ṣurath Kthobh. Piscataway, NJ: Gorgias, Forthcoming.
SugAbel&Cain	Brock, Sebastian P. Selected Dialogue Poems [Sugyotho Mgabyotho]. Bar Ebroyo Kloster Publications 1. Piscataway, NJ: Gorgias, 2009.
SugSynag&Church	Brock, Sebastian P. Selected Dialogue Poems [Sugyotho Mgabyotho]. Bar Ebroyo Kloster Publications 1. Piscataway, NJ: Gorgias, 2009.
JacSer:MemSimPetGetBehMe	McCollum, Adam Carter, trans. Jacob of Sarug's Homily on Simon Peter, When Our Lord Said, 'Get behind Me, Satan'. Texts from Christian Late Antiquity 26. Piscataway, NJ: Gorgias, 2009. [Bedjan, Paulus, ed. Homiliae selectae Mar-Jacobi Sarugensis, vol. 1, 5 vol. Leipzig / Paris: Otto Harrassowitz, 1905.]
SugCherub&Thief	Brock, Sebastian P. Selected Dialogue Poems [Sugyotho Mgabyotho]. Bar Ebroyo Kloster Publications 1. Piscataway, NJ: Gorgias, 2009.
MemSoul&Body	Brock, Sebastian P. Selected Dialogue Poems [Sugyotho Mgabyotho]. Bar Ebroyo Kloster Publications 1. Piscataway, NJ: Gorgias, 2009.
JacSer:MemElij&NabJezr	Kaufman, Stephen A., trans. Jacob of Sarug's Homilies on Elijah. Texts from Christian Late Antiquity 18. Piscataway, NJ: Gorgias, 2009. [Bedjan, Paulus, ed. Homiliae selectae Mar-Jacobi Sarugensis, vol. 4, 5 vol. Leipzig / Paris: Otto Harrassowitz, 1908.]
JacSer:MemEpiph	Kollamparampil, Thomas, trans. Jacob of Sarug's Homily on Epiphany. Texts from Christian Late Antiquity 4. Piscataway, NJ: Gorgias, 2008. [Bedjan, Paulus, ed. Homiliae selectae Mar-Jacobi Sarugensis, vol. 1, 5 vol. Leipzig / Paris: Otto Harrassowitz, 1905.]
JacSer:MemHolySunPente	Kollamparampil, Thomas, trans. Jacob of Sarug's Homilies on the Holy Sunday of the Pentecost. Texts from Christian Late Antiquity 16. Piscataway, NJ: Gorgias, 2010. [Bedjan, Paulus, ed. Homiliae selectae Mar-Jacobi Sarugensis, vol. 2, 5 vol. Leipzig / Paris: Otto Harrassowitz, 1906.]
JacSer:MemBirthSavFlesh	Kollamparampil, Thomas, trans. Jacob of Sarug's Homilies on the Nativity. Texts from Christian Late Antiquity 23. Piscataway, NJ: Gorgias, 2010. [Brock, Sebastian P., ed. Homilies of Mar Jacob of Sarug/Homiliae Selectae Mar-Jacobi Sarugensis, vol. 6, 6 vol. Piscataway, NJ: 2006.]
SugChurch&Zion	Brock, Sebastian P. Selected Dialogue Poems [Sugyotho Mgabyotho]. Bar Ebroyo Kloster Publications 1. Piscataway, NJ: Gorgias, 2009.
SugGold&Wheat	Brock, Sebastian P. Selected Dialogue Poems [Sugyotho Mgabyotho]. Bar Ebroyo Kloster Publications 1. Piscataway, NJ: Gorgias, 2009.
JacSer:MemElishRevDeadMan	Kaufman, Stephen A., trans. Jacob of Sarug's Homilies on Elisha. Texts from Christian Late Antiquity 28. Piscataway, NJ: Gorgias, 2010. [Bedjan, Paulus, ed. Homiliae selectae Mar-Jacobi Sarugensis, vol. 2, 5 vol. Leipzig / Paris: Otto Harrassowitz, 1906.]
JacSer:MemElishCapSam	Kaufman, Stephen A., trans. Jacob of Sarug's Homilies on Elisha. Texts from Christian Late Antiquity 28. Piscataway, NJ: Gorgias, 2010. [Bedjan, Paulus, ed. Homiliae selectae Mar-Jacobi Sarugensis, vol. 4, 5 vol. Leipzig / Paris: Otto Harrassowitz, 1908.]
SugJoseph&Benjamin	Brock, Sebastian P. Selected Dialogue Poems [Sugyotho Mgabyotho]. Bar Ebroyo Kloster Publications 1. Piscataway, NJ: Gorgias, 2009.
JacSer:Mem6DaysDay3	Mathews, Edward G., ed. and trans. Jacob of Sarug's Homilies on the Six Days of Creation: The Third Day. Texts from Christian Late Antiquity 47. Piscataway, NJ: Gorgias, 2016. [Bedjan, Paulus, ed. Homiliae selectae Mar-Jacobi Sarugensis, vol. 3, 5 vol. Leipzig / Paris: Otto Harrassowitz, 1907.]
SugOurLord&John	Brock, Sebastian P. Selected Dialogue Poems [Sugyotho Mgabyotho]. Bar Ebroyo Kloster Publications 1. Piscataway, NJ: Gorgias, 2009.
JacSer:MemSinfWomLordForgav	Johnson, Scott Fitzgerald, trans. Jacob of Sarug’s Homily on the Sinful Woman. Texts from Christian Late Antiquity 33, The Metrical Homilies of Mar Jacob of Sarug 31. Piscataway, NJ: Gorgias, 2013. [Bedjan, Paulus, ed. Homiliae selectae Mar-Jacobi Sarugensis, vol. 2, 5 vol. Leipzig / Paris: Otto Harrassowitz, 1906.]
SugAbraham&Isaac	Brock, Sebastian P. Selected Dialogue Poems [Sugyotho Mgabyotho]. Bar Ebroyo Kloster Publications 1. Piscataway, NJ: Gorgias, 2009.
JacSer:MemAscenLord	Kollamparampil, Thomas, trans. Jacob of Sarug's Homily on the Ascension of Our Lord. Texts from Christian Late Antiquity 24. Piscataway, NJ: Gorgias, 2010. [Brock, Sebastian P., ed. Homilies of Mar Jacob of Sarug/Homiliae Selectae Mar-Jacobi Sarugensis, vol. 6, 6 vol. Piscataway, NJ: 2006.]
JacSer:MemElish	Kaufman, Stephen A., trans. Jacob of Sarug's Homilies on Elisha. Texts from Christian Late Antiquity 28. Piscataway, NJ: Gorgias, 2010. [Bedjan, Paulus, ed. Homiliae selectae Mar-Jacobi Sarugensis, vol. 4, 5 vol. Leipzig / Paris: Otto Harrassowitz, 1908.]
JacSer:MemPartakHolyMyst	Harrak, Amir, trans. Jacob of Sarug's Homily on the Partaking of the Holy Mysteries. Texts from Christian Late Antiquity 19. Piscataway, NJ: Gorgias, 2009. [Bedjan, Paulus, ed. Homiliae selectae Mar-Jacobi Sarugensis, vol. 3, 5 vol. Leipzig / Paris: Otto Harrassowitz, 1907.]
JacSer:MemPalmSun	Kollamparampil, Thomas, trans. Jacob of Sarug's Homily on Palm Sunday. Texts from Christian Late Antiquity 5. Piscataway, NJ: Gorgias, 2008. [Bedjan, Paulus, ed. Homiliae selectae Mar-Jacobi Sarugensis, vol. 1, 5 vol. Leipzig / Paris: Otto Harrassowitz, 1905.]
JacSer:MemLord'sPrayer	Reed, Morgan, ed. and trans. Jacob of Sarug's Homily on the Lord's Prayer. Texts from Christian Late Antiquity 42. Piscataway, NJ: Gorgias, 2016. [Bedjan, Paulus, ed. Homiliae selectae Mar-Jacobi Sarugensis, vol. 1, 5 vol. Leipzig / Paris: Otto Harrassowitz, 1905.]
JacSer:MemJudgSolom	Kaufman, Stephen A. Jacob of Sarug's Homily on the Judgment of Solomon. Texts from Christian Late Antiquity 17. Piscataway, NJ: Gorgias, 2008. [Bedjan, Paulus, ed. Homiliae selectae Mar-Jacobi Sarugensis, vol. 4, 5 vol. Leipzig / Paris: Otto Harrassowitz, 1908.]
SugJosephJust&HisMistr	Brock, Sebastian P. Selected Dialogue Poems [Sugyotho Mgabyotho]. Bar Ebroyo Kloster Publications 1. Piscataway, NJ: Gorgias, 2009.
SugAngel&Mary	Brock, Sebastian P. Selected Dialogue Poems [Sugyotho Mgabyotho]. Bar Ebroyo Kloster Publications 1. Piscataway, NJ: Gorgias, 2009.
SugMonths&Year	Brock, Sebastian P. Selected Dialogue Poems [Sugyotho Mgabyotho]. Bar Ebroyo Kloster Publications 1. Piscataway, NJ: Gorgias, 2009.
JacSer:MemJephDaught	Harvey, Susan Ashbrook, and Münz-Manor, Ophir, trans. Jacob of Sarug's Homily on Jephthah's Daughter. Texts from Christian Late Antiquity 22. Piscataway, NJ: Gorgias, 2010. [Bedjan, Paulus, ed. Homiliae selectae Mar-Jacobi Sarugensis, vol. 5, 5 vol. Leipzig / Paris: Otto Harrassowitz, 1910.]
JacSer:MemElijFledJezeb	Kaufman, Stephen A., trans. Jacob of Sarug's Homilies on Elijah. Texts from Christian Late Antiquity 18. Piscataway, NJ: Gorgias, 2009. [Bedjan, Paulus, ed. Homiliae selectae Mar-Jacobi Sarugensis, vol. 4, 5 vol. Leipzig / Paris: Otto Harrassowitz, 1908.]
SugWorld	Brock, Sebastian P. Selected Dialogue Poems [Sugyotho Mgabyotho]. Bar Ebroyo Kloster Publications 1. Piscataway, NJ: Gorgias, 2009.
JacSer:MemResur	Kollamparampil, Thomas, trans. Jacob of Sarug's Homilies on the Resurrection. Texts from Christian Late Antiquity 14. Piscataway, NJ: Gorgias, 2008. [Bedjan, Paulus, ed. Homiliae selectae Mar-Jacobi Sarugensis, vol. 2, 5 vol. Leipzig / Paris: Otto Harrassowitz, 1906.]
JacSer:MemTransfig	Kollamparampil, Thomas, trans. Jacob of Sarug's Homily on the Transfiguration of Our Lord. Texts from Christian Late Antiquity 13. Piscataway, NJ: Gorgias, 2008. [Bedjan, Paulus, ed. Homiliae selectae Mar-Jacobi Sarugensis, vol. 2, 5 vol. Leipzig / Paris: Otto Harrassowitz, 1906.]
SugTwoThieves	Brock, Sebastian P. Selected Dialogue Poems [Sugyotho Mgabyotho]. Bar Ebroyo Kloster Publications 1. Piscataway, NJ: Gorgias, 2009.
JacSer:MemElishNaamGehaz	Kaufman, Stephen A., trans. Jacob of Sarug's Homilies on Elisha. Texts from Christian Late Antiquity 28. Piscataway, NJ: Gorgias, 2010. [Bedjan, Paulus, ed. Homiliae selectae Mar-Jacobi Sarugensis, vol. 4, 5 vol. Leipzig / Paris: Otto Harrassowitz, 1908.]
JacSer:MemElishKgMoabSacrSon	Kaufman, Stephen A., trans. Jacob of Sarug's Homilies on Elisha. Texts from Christian Late Antiquity 28. Piscataway, NJ: Gorgias, 2010. [Bedjan, Paulus, ed. Homiliae selectae Mar-Jacobi Sarugensis, vol. 4, 5 vol. Leipzig / Paris: Otto Harrassowitz, 1908.]
JacSer:MemSolit	Scott, Colby A., and Reed, Morgan, eds. and trans. Jacob of Sarug's Homilies on the Solitaries. Texts from Christian Late Antiquity 41. Piscataway, NJ: Gorgia, 2016. [Bedjan, Paulus, ed. Homiliae selectae Mar-Jacobi Sarugensis, vol. 4, 5 vol. Leipzig / Paris: Otto Harrassowitz, 1908.]
JacSer:MemCharThatEzekSaw	Golitzin, Alexander, trans. Hansbury, Mary T., ed. Jacob of Sarug’s Homily on the Chariot that Prophet Ezekiel Saw. Texts from Christian Late Antiquity 3, The Metrical Homilies of Mar Jacob of Sarug 14. Piscataway, NJ: Gorgias, 2016. [Bedjan, Paulus, ed. Homiliae selectae Mar-Jacobi Sarugensis, vol. 4, 5 vol. Leipzig / Paris: Otto Harrassowitz, 1908.]
JacSer:MemProphElij	Kaufman, Stephen A., trans. Jacob of Sarug's Homilies on Elijah. Texts from Christian Late Antiquity 18. Piscataway, NJ: Gorgias, 2009.
SugSinfulWom&Satan	Brock, Sebastian P. Selected Dialogue Poems [Sugyotho Mgabyotho]. Bar Ebroyo Kloster Publications 1. Piscataway, NJ: Gorgias, 2009.
SugJoseph&Mary	Brock, Sebastian P. Selected Dialogue Poems [Sugyotho Mgabyotho]. Bar Ebroyo Kloster Publications 1. Piscataway, NJ: Gorgias, 2009.
SugAlpha	Brock, Sebastian P. Selected Dialogue Poems [Sugyotho Mgabyotho]. Bar Ebroyo Kloster Publications 1. Piscataway, NJ: Gorgias, 2009.
JacSer:MemElijFireDown	Kaufman, Stephen A., trans. Jacob of Sarug's Homilies on Elijah. Texts from Christian Late Antiquity 18. Piscataway, NJ: Gorgias, 2009. [Bedjan, Paulus, ed. Homiliae selectae Mar-Jacobi Sarugensis, vol. 3, 5 vol. Leipzig / Paris: Otto Harrassowitz, 1907.]
JacSer:MemEstabCreat	Mathews, Edward G., ed. and trans. Jacob of Sarug's Homilies on the Six Days of Creation: The First Day.  Texts from Christian Late Antiquity 27, The Metrical Homilies of Mar Jacob of Sarug 29. Piscataway, NJ: Gorgias, 2009. [Bedjan, Paulus, ed. Homiliae selectae Mar-Jacobi Sarugensis, vol. 3, 5 vol. Leipzig / Paris: Otto Harrassowitz, 1907.]
JacSer:MemZacchTaxColl	Miller, Dana, trans., and Hansbury, Mary T., ed. Jacob of Sarug’s Homily on Zacchaeus the Tax Collector. Texts from Christian Late Antiquity 6, The Metrical Homilies of Mar Jacob of Sarug 30. Piscataway, NJ: Gorgias, 2010. [Bedjan, Paulus, ed. Homiliae selectae Mar-Jacobi Sarugensis, vol. 2, 5 vol. Leipzig / Paris: Otto Harrassowitz, 1906.]
SugOurLord&Synag	Brock, Sebastian P. Selected Dialogue Poems [Sugyotho Mgabyotho]. Bar Ebroyo Kloster Publications 1. Piscataway, NJ: Gorgias, 2009.
JacSer:MemBuildTowBab	Butts, Aaron Michael, trans. Jacob of Sarug's Homily on the Tower of Babel. Texts from Christian Late Antiquity 21, The Metrical Homilies of Mar Jacob of Sarug 15. Piscataway, NJ: Gorgias, 2009. [Bedjan, Paulus, ed. Homiliae selectae Mar-Jacobi Sarugensis, vol. 2, 5 vol. Leipzig / Paris: Otto Harrassowitz, 1906.]
JacSer:MemCreationDay6	Matthews, Edward G, ed. and trans. Jacob of Sarug's Homilies on the Six Days of Creation: The Second Day. Texts from Christian Late Antiquity 40. Piscataway, NJ: Gorgias, 2016. [Bedjan, Paulus, ed. Homiliae selectae Mar-Jacobi Sarugensis, vol. 3, 5 vol. Leipzig / Paris: Otto Harrassowitz, 1907.]
JacSer:MemElijAscendsHeav	Kaufman, Stephen A., trans. Jacob of Sarug's Homilies on Elijah. Texts from Christian Late Antiquity 18. Piscataway, NJ: Gorgias, 2009. [Bedjan, Paulus, ed. Homiliae selectae Mar-Jacobi Sarugensis, vol. 4, 5 vol. Leipzig / Paris: Otto Harrassowitz, 1908.]
JacSer:MemElishShulWom	Kaufman, Stephen A., trans. Jacob of Sarug's Homilies on Elisha. Texts from Christian Late Antiquity 28. Piscataway, NJ: Gorgias, 2010. [Bedjan, Paulus, ed. Homiliae selectae Mar-Jacobi Sarugensis, vol. 4, 5 vol. Leipzig / Paris: Otto Harrassowitz, 1908.]
JacSer:MemCreatAdam&RaisDead	Mathews, Edward G., trans. Jacob of Sarug's Homily on the Creation of Adam and the Resurrection of the Dead. Texts from Christian Late Antiquity 37. Piscataway, NJ: Gorgias, 2014. [Bedjan, Paulus, ed. Homiliae selectae Mar-Jacobi Sarugensis, vol. 3, 5 vol. Leipzig / Paris: Otto Harrassowitz, 1907.]
SugZechariah&Angel	Brock, Sebastian P. Selected Dialogue Poems [Sugyotho Mgabyotho]. Bar Ebroyo Kloster Publications 1. Piscataway, NJ: Gorgias, 2009.
JacSer:MemPresentLord	Kollamparampil, Thomas, trans. Jacob of Sarug's Homilies on the Presentation of our Lord. Texts from Christian Late Antiquity 15. Piscataway, NJ: Gorgias, 2008. [Bedjan, Paulus, ed. Homiliae selectae Mar-Jacobi Sarugensis, vol. 5, 5 vol. Leipzig / Paris: Otto Harrassowitz, 1910.]
JacSer:MemElishAppSaints	Kaufman, Stephen A., trans. Jacob of Sarug's Homilies on Elisha. Texts from Christian Late Antiquity 28. Piscataway, NJ: Gorgias, 2010. [Bedjan, Paulus, ed. Homiliae selectae Mar-Jacobi Sarugensis, vol. 4, 5 vol. Leipzig / Paris: Otto Harrassowitz, 1908.]
GeorgAr:MemChron	Kiraz, George Anton, ed. "Algorithmic Musings in Syriac. A Verse Poem on Computation Attributed to George of the Arabs". Piscataway, NJ: Gorgias Press, 2024.
SergReš:ComCatArist	Arzhanov, Yury N., "Sergius of Reshaina, Commentary on Aristotle’s ›Categories‹". De Gruyter, 2024.
AbdGaz:HomHmgraph	Hoffmann, J.G.E. Opuscula nestoriana syriace tradidit (Kiel: G. von Maack / Paris: Maisonneuve, 1880).
AbdulnurTimPaw:AutoBio	MS Syriac Orthodox Patriarchate, 5.
AboodiTA:DivMassIntro2	Zeki, Zeitoun, ed. "ܛܟܣܐ ܕܩܘܕܫܐ ܕܥܕܬܐ ܣܘܪܝܝܬܐ ܬܪܝܨܬ ܫܘܒܚܐ ܕܐܢܛܝܘܟܝܐ. The Book of the Divine Mass Of The Syrian Orthodox Church of Antioch", Australia: Timotheus Afrem Aboodi, 2011.
ActsEulogius	MS Harvard, Harvard College Library, Syr. 38, f. 187-236.
AddrThanks	Lash, C.J.A., “An Address of Thanks,” Parole de l’Orient 6-7 (1975-1976), 229-236.
AMS1	Bedjan, Paulus, ed. Acta Martyrum et Sanctorum: Tomus Primus. Leipzig: Otto Harrassowitz, 1890.
AMS2	Bedjan, Paulus, ed. Acta Martyrum et Sanctorum: Tomus Secundus. Leipzig: Otto Harrassowitz, 1891.
AMS3	Bedjan, Paulus, ed. Acta Martyrum et Sanctorum: Tomus Tertius. Leipzig: Otto Harrassowitz, 1892.
AMS4	Bedjan, Paulus, ed. Acta Martyrum et Sanctorum: Tomus Quartius. Leipzig: Otto Harrassowitz, 1894.
AMS5	Bedjan, Paulus, ed. Acta Martyrum et Sanctorum: Tomus Quintus. Leipzig: Otto Harrassowitz, 1893.
AMS6	Bedjan, Paulus, ed. Acta Martyrum et Sanctorum: Tomus Sextus. Leipzig: Otto Harrassowitz, 1896.
AMS7	Bedjan, Paulus, ed. Acta Martyrum et Sanctorum: Tomus Septimus. Leipzig: Otto Harrassowitz, 1897.
AnnivBarEbr	Çiçek, Julius Yeshu, ed. "ܒܪ ܥܒܪܝܐ. Bar-Hebreaus 1286-1986. 5-6.Juli 1986", Holland: Bar Hebraeus Verlag, 1986.
AnṭTagr_Prov	MS London, British Library, Add. 14726, f. 88-125.
BaptQandilo	MS Beth Mardtuho Nuro 6.
BarAndreas:LuqArmenianMalphone	f. 369r-395r: https://w3id.org/vhmml/readingRoom/view/502157
BarEbr:ChronEcc	Abbeloos, Joannes Baptista, Lamy, Thomas Josephus. Gregorii Barhebræi Chronicon Ecclesiasticum. Tomus I. Leuven: Peeters, 1872; Abbeloos, Joannes Baptista, Lamy, Thomas Josephus. Gregorii Barhebræi Chronicon Ecclesiasticum. Tomus II. Leuven: Peeters 1874; Abbeloos, Joannes Baptista, Lamy, Thomas Josephus. Gregorii Barhebræi Chronicon Ecclesiasticum. Tomus III. Leuven: Peeters 1877; 
BarMakkS:BarMakkS_ColJacSerHymnal	ܟܬܒܐ ܕܙܡܝܪ̈ܬܐ ܕܥܕܬܐ ܣܘܪܝܝܬܐ ܐܪܬܕܘܟܣܝܬܐ ܕܐܢܛܝܘܟܝܐ, Zug, Switzerland: 2002.
BarNun:Can	Sauget, J.-M., “Décisions canoniques du patriarche Išo‘barnūn encore inédites,” Apollinaris 35 (1962), 259-265.
BarNun:QA	MS Cambridge, Cambridge University Library, Syr. 38, f. 1-128.
BarṢal:LuqArm	Mingana, Alphonse, Woodbrooke Studies: Christian Documents in Syriac, Arabic, and Garshūni, Edited and Translated with a Critical Apparatus. Vol. 4: The Work of Dionysius Barsalibi against the Armenians (Cambridge: W. Heffer & Sons, 1931).
BarṢal:LuqIsho	Mingana, Alphonse, Woodbrooke Studies: Christian Documents in Syriac, Arabic, and Garshūni, Edited and Translated with a Critical Apparatus. Vol. 1: Barsalibi’s Treatise against the Melchites; Genuine and Apocryphal Works of Ignatius of Antioch; A Jeremiah Apocryphon; A New Life of John the Baptist; Some Uncanonical Psalms (Cambridge: W. Heffer & Sons, 1927).
BarŠah:FourthDay	MS Città del Vaticano, Biblioteca Apostolica Vaticana, Syr. 128, f. 51v-67v.
BarṢal_CommApostlesBksAndRev	https://w3id.org/vhmml/readingRoom/view/126365 
BethGazo.ASCBN62	https://w3id.org/vhmml/readingRoom/view/128037
BethGazo.Kottayam	https://www.librarycat.org/lib/Beth_Mardutho/item/159364297
BethGazo.PSOA20	MS PSOA 20.
BethGazo.SMMJ291	https://w3id.org/vhmml/readingRoom/view/136499
BkDayPrayMS	MS Beth Mardutho Nuro 9.
BkDayPrayMS2	MS Beth Mardutho Nuro 7.
BrockSP:IntroSyrFath	Brock, Sebastian P., ed. "ܡܠܦܢܘܬܐ ܕܐܒܗ̈ܬܐ ܣܘܪ̈ܝܝܬܐ ܕܥܠ ܨܠܘܬܐ", Holland: Bar Ebroyo Kloster, 1988.
KosmHag:Can	Bernhard, L., Syrische Rezensionen von Kanones des Kosmas Hagiopolites (Inaugural-Dissertation zur Erlangung der Doctorwürde der philosophischen Fakultät der Ludwig-Maximilians-Universität zu München; Ludwig-Maximilians-Universität, München, 1951).
ChronArbela2	Kawerau, P., ed. "Die Chronik von Arbela". CSCO 467, Syr 199. Leuven: Peeters, 1985.
ChurchCircles	-
ÇiçekJY:PrefMemSayfo	Çiçek, Julius Yesh, Poems about Sayfo: What Happened to Christians in Turkey from 1714-1914. Glane/Losser: Bar-Hebraeus Verlag, 1981. (Piscataway, NJ: Gorgias Press, 2011.)
CyrAl:EpCreed	Ebied, R.Y., and Wickham, L.R. “An Unknown Letter of Cyril of Alexandria in Syriac,” Journal of Theological Studies NS 22:2 (1971), 420-434.
DispJustNest	Guillaumont, A., “Justinien et l’Église de Perse,” Dumbarton Oaks Papers 23 (1969-1970), 39-66.
DivLit1987	ܛܟܣܐ ܕܩܘܪܒܐ ܐܠܗܝܐ. الخدمة الالهية, Jerusalem: 1987.
DivLit1988	ܛܟܣܐ ܕܩܘܪܒܐ ܐܠܗܝܐ, Holland: Monastery of Mar Ephrem, 1988.
DivMass	Zeki, Zeitoun, ed. "ܛܟܣܐ ܕܩܘܕܫܐ ܕܥܕܬܐ ܣܘܪܝܝܬܐ ܬܪܝܨܬ ܫܘܒܚܐ ܕܐܢܛܝܘܟܝܐ. The Book of the Divine Mass Of The Syrian Orthodox Church of Antioch", Australia: Timotheus Afrem Aboodi, 2011.
DolabaniY:RemJacBurd	Dolabani, Yuhanon, "ܬܫܥ̈ܝܬ ܚܝ̈ܘܗܝ ܕܡܪܝ ܝܥܩܘܒ ܒܘܪܕܥܢܐ ܣܘܪܝܝܐ", Buenos Aires: Centro Afremico Asirio, 1942.
DolabaniY:SyrGram	Çiçek, Julius Yeshu, ed., Dolabani, Yuhanon, "ܟܬܒܐ ܕܫܬܐܣܬܐ ܥܠ ܩܢܘ̈ܢܐ ܕܠܥܙܐ ܣܘܪܝܝܐ", Holland: Monaster of Mar Ephrem, 1982.
EntranceRite	Bar Sawme, Gabriel, "Sacred Space in Syriac Orthodox Liturgy: A Ritual and Theological Perspective". Piscataway, NJ, USA: Gorgias Press, 2023.
Eph:HomCondStrngr	Haffner, A., “Die Homilie des heiligen Ephräm von Syrien über das Pilgerleben. Nach den Handschriften von Rom und Paris herausgegeben und übersetzt,” Sitzungsberichte der Kaiserlich Akademie der Wissenschaften in Wien, Philosophisch-Historische Klasse 135:9 (1896), 1-21.
Eph:Madr14-15	Assemani, J.S., Benedictus, P., and Assemani, S.E., Sancti patris nostri Ephraem Syri opera omnia quæ exstant, Græce, Syriace, Latine. 6 vols (Roma: Typographia Pontificia Vaticana, 1732-1746).
Eph:ExhortRepen	Assemani, J.S., Benedictus, P., and Assemani, S.E., Sancti patris nostri Ephraem Syri opera omnia quæ exstant, Græce, Syriace, Latine. 6 vols (Roma: Typographia Pontificia Vaticana, 1732-1746).
EpitBarBahrLaw	Selb, W., ‘Aḇdīšō‘ Bar Bahrīz. Ordnung der Ehe und der Erbschaften sowie Entscheidung von Rechtsfällen (Sitzungsberichte der Österreichische Akademie der Wissenschaften, Philosophisch-Historische Klasse 268.1; Wien: Hermann Böhlaus Nachfolger, 1970).
ESMarriage	https://www.vhmml.org/readingRoom/view/138291
ExhortBrothers	Graffin, François,  “Adresses d’un supérieur de monastère à ses frères,” ARAM 5 (1993), 175-179.
ExhortFeastNativ	Graffin, François, “Exhortation d’un supérieur de monastère en syriaque au VIe siècle,” in: Corona gratiarum. Miscellanea patristica, historica et liturgica Eligio Dekkers O.S.B. XII lustra complenti oblata. 2 vols. (Brugge: Sint Pietersabdij, 1975), vol. 1, 117-123.
ExhSupMon	Graffin, François, “Exhortation d’un supérieur de monastère en syriaque au VIe siècle,” in: Corona gratiarum. Miscellanea patristica, historica et liturgica Eligio Dekkers O.S.B. XII lustra complenti oblata. 2 vols. (Brugge: Sint Pietersabdij, 1975), vol. 1, 117-123.
ExplDiffTerms	MS Beth Mardutho Nuro 2.
FeastDaysMos	ܟܬܒܐ ܕܛܟܣ̈ܐ ܕܥܐ̈ܕܐ ܥܕܬܢ̈ܝܐ ܐܝܟ ܥܝܕܐ ܕܥܕ̄ܬܐ ܣܘܪܝܝܬܐ ܕܡܪܥܝܬܐ ܕܡܘܨܠ, Mosul: 1969.
GanSY:DivLit1987Intro	ܛܟܣܐ ܕܩܘܪܒܐ ܐܠܗܝܐ. الخدمة الالهية, Jerusalem: 1987.
GeorgAzekh:MemraSayfo	Talay, Sh., and Üzel, A.-S.B., “Gorgis von Azǝx, Mimro über den Angriff des Muhammad von Rawanduz, Mīr-ē Kor, auf Azǝx und Asfǝs im Jahre 1834,” in: E. Schlarb (ed.), Den Orient erforschen, mit Orthodoxen leben: Festschrift für Martin Tamcke zum Ende seiner aktiven Dienstzeit (Göttinger Orientforschungen, I. Reihe: Syriaca 61; Wiesbaden: Harrassowitz Verlag, 2021), 549-566.
GeorgWar:HymnAutoBio	Pritula, Anton, “An Autobiographic Hymn by Givargis Warda,” in: M. Tamcke (ed.), Syriaca II. Beiträge zum 3. deutschen Syrologen-Symposium in Vierzehnheiligen 2002 (Studien zur orientalischen Kirchengeschichte 33; Münster: LIT, 2004), 229-241.
GospJohnC	Burkitt, Francis, "Evangelion da-Mepharreshe: the Curetonian Version of the four gospels, with the readings of the Sinai palimpsest and the early Syriac patristic evidence", Cambridge University Press, 1904, in Kiraz, George (ed.), Comparative Edition of the Syriac Gospels: Aligning the Sinaiticus, Curetonianus, Peshitta and Harklean Versions. Piscataway, NJ, USA: Gorgias Press, 2004.
GospJohnH	Junckel, Andreas (ed.), "Harklean version", in Kiraz, George (ed.), Comparative Edition of the Syriac Gospels: Aligning the Sinaiticus, Curetonianus, Peshitta and Harklean Versions. Piscataway, NJ, USA: Gorgias Press, 2004.
GospJohnS	Lewis, Agnes Smith, "The old Syriac Gospels or Evangelion da-Mepharreshe; being the text of the Sinai or Syro-Antiochene Palimpsest, including the latest additions and emendations. With the variants of the Curetonian text, corroborations from many other Mss., and a list of quotations from ancient authors", London, Williams and Norgate, 1910, in Kiraz, George (ed.), Comparative Edition of the Syriac Gospels: Aligning the Sinaiticus, Curetonianus, Peshitta and Harklean Versions. Piscataway, NJ, USA: Gorgias Press, 2004.
GospLukeC	Burkitt, Francis, "Evangelion da-Mepharreshe: the Curetonian Version of the four gospels, with the readings of the Sinai palimpsest and the early Syriac patristic evidence", Cambridge University Press, 1904, in Kiraz, George (ed.), Comparative Edition of the Syriac Gospels: Aligning the Sinaiticus, Curetonianus, Peshitta and Harklean Versions. Piscataway, NJ, USA: Gorgias Press, 2004.
GospLukeH	Junckel, Andreas (ed.), "Harklean version", in Kiraz, George (ed.), Comparative Edition of the Syriac Gospels: Aligning the Sinaiticus, Curetonianus, Peshitta and Harklean Versions. Piscataway, NJ, USA: Gorgias Press, 2004.
GospLukeS	Lewis, Agnes Smith, "The old Syriac Gospels or Evangelion da-Mepharreshe; being the text of the Sinai or Syro-Antiochene Palimpsest, including the latest additions and emendations. With the variants of the Curetonian text, corroborations from many other Mss., and a list of quotations from ancient authors", London, Williams and Norgate, 1910, in Kiraz, George (ed.), Comparative Edition of the Syriac Gospels: Aligning the Sinaiticus, Curetonianus, Peshitta and Harklean Versions. Piscataway, NJ, USA: Gorgias Press, 2004.
GospMarkC	Burkitt, Francis, "Evangelion da-Mepharreshe: the Curetonian Version of the four gospels, with the readings of the Sinai palimpsest and the early Syriac patristic evidence", Cambridge University Press, 1904, in Kiraz, George (ed.), Comparative Edition of the Syriac Gospels: Aligning the Sinaiticus, Curetonianus, Peshitta and Harklean Versions. Piscataway, NJ, USA: Gorgias Press, 2004.
GospMarkH	Junckel, Andreas (ed.), "Harklean version", in Kiraz, George (ed.), Comparative Edition of the Syriac Gospels: Aligning the Sinaiticus, Curetonianus, Peshitta and Harklean Versions. Piscataway, NJ, USA: Gorgias Press, 2004.
GospMarkS	Lewis, Agnes Smith, "The old Syriac Gospels or Evangelion da-Mepharreshe; being the text of the Sinai or Syro-Antiochene Palimpsest, including the latest additions and emendations. With the variants of the Curetonian text, corroborations from many other Mss., and a list of quotations from ancient authors", London, Williams and Norgate, 1910, in Kiraz, George (ed.), Comparative Edition of the Syriac Gospels: Aligning the Sinaiticus, Curetonianus, Peshitta and Harklean Versions. Piscataway, NJ, USA: Gorgias Press, 2004.
GospLMattC	Burkitt, Francis, "Evangelion da-Mepharreshe: the Curetonian Version of the four gospels, with the readings of the Sinai palimpsest and the early Syriac patristic evidence", Cambridge University Press, 1904, in Kiraz, George (ed.), Comparative Edition of the Syriac Gospels: Aligning the Sinaiticus, Curetonianus, Peshitta and Harklean Versions. Piscataway, NJ, USA: Gorgias Press, 2004.
GospMattH	Junckel, Andreas (ed.), "Harklean version", in Kiraz, George (ed.), Comparative Edition of the Syriac Gospels: Aligning the Sinaiticus, Curetonianus, Peshitta and Harklean Versions. Piscataway, NJ, USA: Gorgias Press, 2004.
GospMattS	Lewis, Agnes Smith, "The old Syriac Gospels or Evangelion da-Mepharreshe; being the text of the Sinai or Syro-Antiochene Palimpsest, including the latest additions and emendations. With the variants of the Curetonian text, corroborations from many other Mss., and a list of quotations from ancient authors", London, Williams and Norgate, 1910, in Kiraz, George (ed.), Comparative Edition of the Syriac Gospels: Aligning the Sinaiticus, Curetonianus, Peshitta and Harklean Versions. Piscataway, NJ, USA: Gorgias Press, 2004.
GregNyss:DiffEssHypo	Parmentier, M.F.G., “Gregory of Nyssa’s De differentia essentiae et hypostaseos (CPG 3196) in Syriac Translation,” in: H.R. Drobner and C. Klock (eds.), Studien zu Gregor von Nyssa und der christlichen Spätantike (Supplements to Vigiliae Christianae 12; Leiden: E.J. Brill, 1990), 17-55.
HomLuqbalAnomBas	Van Roey, Albert, “Une homélie inédite contre les Anoméens attribuée à saint Basile de Césarée,” Orientalia Lovaniensia Periodica 28 (1997), 179-192.
HymnSyrOrth	Hymns of the Syrian Orthodox Church of Antioch, USA: Archdiocese of the Syrian Orthodox Church in the United States and Canada, 1977.
IšoArz:CauseTrisag	Mar Awa III, "The Memra of Patriarch Mar ’Īšō‘yahb I of Arzōn (581-595): The Cause of the ‘Holy God’." Hugoye: Journal of Syriac Studies 25.1 (2022): 85-136
JacSer:MemPriestAltar	Albert, M., “Mimro inédit de Jacques de Saroug sur le sacerdoce et l’autel,” Parole de l’Orient 10 (1981-1982), 51-77.
JacSer:Hymnal	ܟܬܒܐ ܕܙܡܝܪ̈ܬܐ ܕܥܕܬܐ ܣܘܪܝܝܬܐ ܐܪܬܕܘܟܣܝܬܐ ܕܐܢܛܝܘܟܝܐ, Zug, Switzerland: 2002.
JerMak:Gram	Makdasi, Jérémie, "Grammaire Chaldéenne". Mosul: Imprimerie des Pères Dominicains, 1889.
JnDalya:DiscMyst	Colless, B.E., The Mysticism of John Saba (Ph.D. dissertation; University of Melbourne, 1969).
JnPenk:ReshMelle	MS Strasbourg, Bibliothèque Nationale et Universitaire, Syr. 4133.
JnQuf:MemraSayfo	Shabo Talay, Anna-Simona Barbara Üzel, "Mimro des Yuḥanon Qufar aus ʿIwardo: Die Massaker der Jahre 1895-96 an den Christen der östlichen Provinzen des Osmanischen Reiches", OrChr 105 (2022), 62-118.
JobEd:BkTreas	Mingana, Alphonse, ed. and trans. Encyclopædia of Philosophical and Natural Sciences as Taught in Baghdad about A.D. 817, or Book of Treasures by Job of Edessa. Woodbrooke Scientific Publications 1; Cambridge: W. Heffer & Sons, 1935.
JacSer:Mem1	Bedjan, Paulus, ed. Homiliae selectae Mar-Jacobi Sarugensis, vol. 1. Paris / Leipzig: Otto Harrassowitz, 1905.
JacSer:Mem2	Bedjan, Paulus, ed. Homiliae selectae Mar-Jacobi Sarugensis, vol. 2. Paris / Leipzig: Otto Harrassowitz, 1906.
JacSer:Mem3	Bedjan, Paulus, ed. Homiliae selectae Mar-Jacobi Sarugensis, vol. 3. Paris / Leipzig: Otto Harrassowitz, 1907.
JacSer:Mem4	Bedjan, Paulus, ed. Homiliae selectae Mar-Jacobi Sarugensis, vol. 4. Paris / Leipzig: Otto Harrassowitz, 1908.
KevorkLori:EpJnBShushan	MS CFMM 350, ff. 331v-340.
KhayyatA:ConsOilChald	-
LondonCollection	MS London, British Library, Add. 12168.
LoozarQand:CommGosp	BL Add 14682 1r-222v
ManualDeac	MS Beth Mardutho Nuro 4.
MartBarbJul	Bilge, Esmer, ed. "İnançları uğruna şehit edilen azize Barbara ve Yulyana". Istanbul: 2001.
MemSayfo	Çiçek, Julius Yesh, Poems about Sayfo: What Happened to Christians in Turkey from 1714-1914. Glane/Losser: Bar-Hebraeus Verlag, 1981. (Piscataway, NJ: Gorgias Press, 2011.)
MirzaMi:MemraSayfo	Shabot Talay, Anna-Simona Barbara Üzel, „Mirza von Midǝn, Mimro über die Rebellion des ʿIzzaddīn Šēr von Cizre aus dem Jahre 1855“ in: Shabo Talay (Hrsg.): Überleben im Schatten: Geschichte und Kultur des syrischen Christentums. Beiträge des 10. Deutschen Syrologentages an der FU Berlin 2018. (GOF I: Syriaca, Bd. 58.). Wiesbaden: Harrassowitz Verlag 2020, S. 259 - 288.
MSTrichur74	MS Trishur 74, pp. 51-75.
NahrayaTG:Lilies	Nahraya, Toma Gawriyah, "ܫܘܫܢ̈ܐ ܙܘܥ̈ܐ ܚܘܒܢܝ̈ܐ", Sweden: Assyriska Ungdoms Förening, 1974.
NestColl	Abramowski, Luise, and Goodman, Allen .E., ed. and trans. A Nestorian Collection of Christological Texts: Cambridge University Library Ms. Oriental 1319. 2 vols. University of Cambridge Oriental Publications 19; Cambridge: Cambridge University Press, 1972.
NicDam:PhilAristFrgm	Drossaart Lulofs, H.J., and Poortman, E.L.J., Nicolaus Damascenus De plantis: Five Translations (Verhandelingen der Koninklijke Nederlandse Akademie van Wetenschappen, Afd. Letterkunde. Nieuwe reeks 139, Aristoteles Semitico-Latinus 4; Amsterdam: North-Holland Publishing Company, 1989).
OrdBaptMalab	Ordo baptismi adultorum juxta ritum Ecclesiae Malabaricae Chaldaeorum. Rome: Sacra Congregatio de Propaganda Fide, 1859.
Penq1971	ܦܢܩܝܬܐ ܕܛܟܣܐ ܕܚܫܗ ܕܡܪܢ ܘܐܠܗܐ ܘܦܪܘܩܢ ܝܫܘܥܡܫܝܚܐ, Qamishli: 1971.
Penq1982	فنقيث الاعياد السيدية والقديسين, Qamishli: 1982.
PenqithoQadishe	Penqitho Qadishe. Mor Fliyo Kilise, Alagöz: Papaz Gabriel Aktas, 1985.
PenqLent1980	ܦܢܩܝܬܐ ܕܥܠ ܨܘܡܐ ܕܐܪܒܥܝܢ ܦܪܘܩܝܐ, Qamishli: 1980.
PenqSumm	ܦܢܩܝܬܐ ܩܝܛܝܬܐ, Beirut: 1955.
SyrHexPent	Ceriani, A.M., Pentateuchi syro-hexaplaris quae supersunt cum notis, accedunt nonnulla alia fragmenta syriaca (Monumenta sacra et profana ex codicibus praesertim Bibliothecae Ambrosianae 2; Mediolani: Typis et Impensis Bibliothecae Ambrosianae, 1863).
PetrPaulNest	Paul, Martin, ed. "Saint Pierre et Saint Paul dans l'Église Nestorienne", Extrait de la Revue des Sciences Ecclesiastiques. Paris: Maisonneuve et Companie, 1875.
PNTA	Walton, Brian, "London Polyglot Bible", 1657. Childers, Jeff W., Prather, James, and Kiraz, George Anton, "The Syriac Peshiṭta Bible with English Translation. John. Ṣurath Kthobh"; Piscataway, NJ: Gorgias, 2014. Hutter, Elias, "Bibliae Sacrae", 1599. Tremellius, Immanuel, "Syriac New Testament", 1569.
PoemsTurAbd	Çiçek, Julius Yeshu, ed. "ܬܢܚ̈ܬܐ ܕܛܘܪܥܒܕܝܢ. ܡܐܡܪ̈ܐ ܘܡܘܫܚ̈ܬܐ ܕܠܐܒܗ̈ܬܐ ܘܐܡܘܪ̈ܐ ܕܛܘܪܥܒܕܝܢ ܣܝܡܝܢ", Holland: Bar Hebraeus Verlag, 1987.
PrayCrossHolyThur	not available
Ps-DionAr:TransPhokEdes	MS London, British Library, Add. 1215,  f. 177-.
Ps-JnChr:HomLastSuLent	Rilliet, Fréderic, “Une homélie pseudo-chrysostomienne sur le dernier samedi de carême,” Rivista degli Studi Orientali 54 (1980), 15-28.
Ps-Nonn:MythScholToGregNaz	MS Sinai Syr. 6, f. 168-169.
Ps-Eph:FunCanons	Assemani, J.S., Benedictus, P., and Assemani, S.E., Sancti patris nostri Ephraem Syri opera omnia quæ exstant, Græce, Syriace, Latine. 6 vols (Roma: Typographia Pontificia Vaticana, 1732-1746).
P:Exod [AB]	-Antioch Bible
QdamWadBathar	https://www.librarycat.org/lib/Beth_Mardutho/item/142986719
Saint-ExA:LittlePrince	Dag, Awgin, trans. "ܐܡܝܪܐ ܙܥܘܪܐ". Neckarsteinach, Germany: Edition Tintenfaß, 2020.
SergReš:ThreeConversions	MS London, British Library, 14658 f. 94-99.
ServPriestMosul	كتاب الخدم الكهنوتية حسب طقس الكنيسة السريانية المستعمل في ابرشية الموصل الجزء الثاني, Mosul: 1964.
SevEdes:CatSev	MS Città del Vaticano, Biblioteca Apostolica Vaticana, Syr. 103.
SevSeb:TreatSyllogisms	MS London, British Library, 14660 f. 47-54.
ShimunXXIII_LetterTaksāSyāmīdā	Yausef bar Tōša d-Beth Arangašīrī, Tōma Darmō (eds.), The Ordination Order for all Church Ranks from Reader until Patriarch (Mar Narsai Press, Trissur, 1966)
SimEd:MemDan	Fenz, A.K., Der Daniel-Memra des Simeon von Edessa. Die exegetische Bedeutung von BrM 712 Add 12172 Fol 55b-64b (Heiligenkreuzer Studienreihe 1; Heiligenkreuz: Bader, 1980).
SoghyMgab	Brock, Sebastian P. Sughyotho Mgabbyotho (Holland: Syrian Orthodox Archdiocese of Central Europe, 1982) [in Syriac].
TaksaD-Kahne	Kelaita, J.E.Y., ed. Taksa d-kahne d-‘edta d-madnha (The Liturgy of the Church of the East). Mosul: Assyrian Press of the Church of the East, 1928.
TaksāSyāmīdā	Yausef bar Tōša d-Beth Arangašīrī, Tōma Darmō (eds.), The Ordination Order for all Church Ranks from Reader until Patriarch (Mar Narsai Press, Trissur, 1966)
TestamAdam	Robinson, S.E., The Testament of Adam: An Examination of the Syriac and Greek Traditions (SBL Dissertation Series 52; Chico, CA: Scholars Press, 1982).
TheodCyr:EpNest	Parmentier, M.F.G. “A Letter from Theodoret of Cyrus to the Exiled Nestorius (CPG 6270) in a Syriac Version,” Bijdragen 51:3 (1990), 234-245.
TimAel:Ep	Ebied, R.Y., and Wickham, L.R., “A Collection of Unpublished Syriac Letters of Timothy Aelurus,” Journal of Theological Studies NS 21:2 (1970), 321-369.
TimIsaac:IllumBegin	ܟܬܒܐ ܕܢܘܗܪ ܫܪܘܝܐ. MS Beth Mardutho Kiraz 2.
TomDar_IntroTaksāSyāmīdā	Yausef bar Tōša d-Beth Arangašīrī, Tōma Darmō (eds.), The Ordination Order for all Church Ranks from Reader until Patriarch (Mar Narsai Press, Trissur, 1966)
ZeitounZ:DivMassIntro1	Zeki, Zeitoun, ed. "ܛܟܣܐ ܕܩܘܕܫܐ ܕܥܕܬܐ ܣܘܪܝܝܬܐ ܬܪܝܨܬ ܫܘܒܚܐ ܕܐܢܛܝܘܟܝܐ. The Book of the Divine Mass Of The Syrian Orthodox Church of Antioch", Australia: Timotheus Afrem Aboodi, 2011.
ÇiçekJY_AnnivBarEbrIntro	Çiçek, Julius Yeshu, ed. "ܒܪ ܥܒܪܝܐ. Bar-Hebreaus 1286-1986. 5-6.Juli 1986", Holland: Bar Hebraeus Verlag, 1986.
ÇiçekJY_HistTurAbdAdd	Çiçek, Julius Yeshu, ed., Barsoum, Ignatius Aphram, "ܡܟܬܒܢܘܬܐ ܕܥܠ ܐܬܪܐ ܕܛܘܪ ܥܒܕܝܢ". Holland: Monastery of St. Ephrem the Syrian Publications, 1985.
ÇiçekJY_PoemsTurAbdIntro	Çiçek, Julius Yeshu, ed. "ܬܢܚ̈ܬܐ ܕܛܘܪܥܒܕܝܢ. ܡܐܡܪ̈ܐ ܘܡܘܫܚ̈ܬܐ ܕܠܐܒܗ̈ܬܐ ܘܐܡܘܪ̈ܐ ܕܛܘܪܥܒܕܝܢ ܣܝܡܝܢ", Holland: Bar Hebraeus Verlag, 1987.
ÇiçekJY_PortraitsTurAbd	Çiçek, Julius Yeshu, ed., Barsoum, Ignatius Aphram, "ܡܟܬܒܢܘܬܐ ܕܥܠ ܐܬܪܐ ܕܛܘܪ ܥܒܕܝܢ". Holland: Monastery of St. Ephrem the Syrian Publications, 1985.
ŠḥimoKonat	https://www.librarycat.org/lib/Beth_Mardutho/item/142980692
ḤnanQoqa_Ep	Atas, N., Phillips, D., Ruani, F., "Ḥnanisho‘ de Beth Qoqa, Lettre: édition du texte et traduction". BABELAO 8: 129-139.
TomAud:DictLangChald	Audo, T., "Dictionnaire de la langue chaldéenne", 2 vols. (Mossoul: Imprimerie des Pères dominicains, 1897).
